run_id,set_id,N,alpha,d_model,dim_feedforward,dropout,emb_scaler,eps,epochs_step,fudge,heads,k,lr,pe_resolution,ple_resolution,pos_scaler,weight_decay,batch_size,out_hidden4,betas1,betas2,bias,criterion,elem_prop,train_frac,block,active,sample_seed,task
0,66,8,0.3320005154237151,375,2215,0.8606353998184204,0.12809922080487013,4.6965884649846706e-05,20,0.02514905706048012,9,8,0.0022017285261303186,6426,9857,0.07621721178293228,0.0731242997571826,126,207,0.645617062895,0.7071380755293183,False,RobustL1,magpie,0.8431921523343772,sobol,20,334,0
1,154,1,0.5354494703933597,100,1024,0.0,0.1158412266522646,1e-07,10,0.0,1,2,0.0001,2500,2500,0.0,0.0,32,32,0.5,0.5,True,RobustL1,onehot,0.9659222385007888,simplex,3,251,1
2,170,1,0.08260996919125319,164,1089,0.041038221679627895,0.017305982299149036,6.744347072765231e-06,5,0.0018186843022704126,2,3,0.00011778158973902464,2733,2964,0.011822870932519436,0.008948146365582943,62,68,0.5017219443258829,0.5147093302230351,True,RobustL1,onehot,0.4237066016718745,simplex,20,382,2
3,98,5,0.9752221554517746,303,2253,0.043089489452540874,0.2788842869922519,4.488058282695711e-05,12,0.02892831861972809,4,9,0.005891251317039132,6956,7682,0.5388100733980536,0.30432556476444006,32,85,0.7255041856855154,0.989508318119403,True,RobustL1,mat2vec,0.906736307349056,sobol,20,209,3
4,123,1,0.0,100,1024,0.0,0.0,1e-07,5,0.0,1,2,0.0001,9711,2789,0.0,0.0,32,32,0.5,0.5,False,RobustL2,magpie,0.9867323407903313,simplex,2,380,4
5,30,4,0.9278034456074238,931,2825,0.10846894793212414,0.857210828922689,2.364148749029264e-05,15,0.032693135924637316,7,4,0.003178828435670584,9950,4037,0.12114897463470697,0.8790985587984324,121,431,0.785352624703385,0.8489442801069469,False,RobustL2,onehot,0.16996458639390769,sobol,20,626,5
6,77,3,0.36443259473890066,414,1575,0.4598170733079314,0.24028496257960796,4.0911698238924147e-05,12,0.05396725591272116,5,4,0.004308968196995557,9276,3221,0.6225620666518807,0.16443442273885012,103,141,0.9119592869837769,0.9674023376158438,False,RobustL1,mat2vec,0.6061731544602662,sobol,20,790,6
7,130,1,0.0,100,1024,0.19731996674090624,0.0,1e-07,5,0.0,1,2,0.0013266724582761526,2500,2500,0.0,0.5947694471105933,32,32,0.5,0.5,True,RobustL1,onehot,0.3923697766568512,simplex,3,496,7
8,70,10,0.5341024035587907,767,3657,0.4671605499461293,0.1467050202190876,6.0908287133555864e-05,11,0.043466238491237166,10,5,0.0054668426916934555,4876,7695,0.144085512496531,0.19950584694743156,74,441,0.6656112341619097,0.7346547522538341,False,RobustL2,magpie,0.5488194144703448,sobol,20,459,8
9,107,1,0.0,100,1024,0.0,0.0,1e-07,20,0.0,1,2,0.0001,2500,2500,0.0,0.0,32,32,0.5,0.5,False,RobustL2,onehot,0.17476566056720913,simplex,1,187,9
10,18,3,0.763527974486351,177,1928,0.025680136866867542,0.00902207475155592,1.2383012749161573e-05,6,0.06370915165171027,5,9,0.003834012464992702,7823,5482,0.2256120014935732,0.2810777323320508,217,68,0.5979295620506629,0.628103642211482,False,RobustL1,mat2vec,0.6422914757020771,sobol,20,508,10
11,67,6,0.5113354362547398,191,2163,0.8999665090814233,0.4228230509907007,8.56200008302927e-05,7,0.08491380689665676,1,6,0.0030149660799652337,2541,7811,0.20287078339606524,0.21169192995876074,90,265,0.908516419322975,0.9496446407704614,True,RobustL1,magpie,0.8967566266003996,sobol,20,886,11
12,56,2,0.827036707662046,106,2359,0.5635545086115599,0.34378750156611204,5.0259707676153634e-05,7,0.0562805318273604,9,2,0.001036286550015211,5652,4620,0.43319428618997335,0.7801771070808172,170,224,0.7151503107325174,0.7281867460970767,True,RobustL2,magpie,0.16428836584091186,sobol,20,662,12
13,174,1,0.011033636517822742,139,1116,0.09960968233644962,0.11502690613269806,6.9881057661958035e-06,7,3.9462465792894363e-05,2,4,0.00024748095721006393,2664,2526,0.006372068077325821,0.015276085585355759,33,37,0.5029764409980737,0.5031434654359705,True,RobustL1,onehot,0.5854765054211021,simplex,20,882,13
14,6,4,0.6995810111984611,1002,2006,0.8889444908127189,0.568418244831264,7.660237472224981e-05,18,0.046633191592991355,8,9,0.0018188472110778093,5550,7385,0.39923734311014414,0.29015643522143364,119,102,0.7029615795368329,0.9143130720100365,False,RobustL1,mat2vec,0.18938340608030557,sobol,20,516,14
15,29,6,0.6354128625243902,567,3548,0.9251274690032005,0.23011714592576027,4.1309931745752696e-05,8,0.07084424709901214,5,6,0.0014646109369583428,7263,4666,0.7652654135599732,0.7236819760873914,185,333,0.6437221139082685,0.9810866650740616,False,RobustL1,onehot,0.3012997480109334,sobol,20,549,15
16,146,1,0.0,100,1024,0.0,0.5694334600120783,1e-07,5,0.0,1,2,0.0001,2500,3512,0.0,0.23593226913362741,32,61,0.5,0.5,True,RobustL1,magpie,0.3418157163914293,simplex,4,107,16
17,70,10,0.5341024035587907,767,3657,0.4671605499461293,0.1467050202190876,6.0908287133555864e-05,11,0.043466238491237166,10,5,0.0054668426916934555,4876,7695,0.144085512496531,0.19950584694743156,74,441,0.6656112341619097,0.7346547522538341,False,RobustL2,magpie,0.5488194144703448,sobol,20,706,17
18,103,1,0.0,100,4096,0.0,0.0,1e-07,5,0.0,1,2,0.0001,2500,2500,0.0,0.0,32,32,0.5,0.5,False,RobustL2,mat2vec,0.630106207523495,simplex,1,903,18
19,99,8,0.9572332538664341,448,1041,0.3179878294467926,0.1305848676711321,6.847112491689623e-05,12,0.08732017995789648,4,4,0.0019500012342818082,9757,5534,0.6422266298905015,0.04251223709434271,170,396,0.6938287348203361,0.9298738919366152,False,RobustL2,onehot,0.4772534415870905,sobol,20,451,19
20,88,8,0.254400085657835,200,2355,0.7226753225550056,0.006906016729772091,1.6711080369353293e-05,10,0.01745570423081517,9,4,0.003580937462765723,5044,9132,0.8975200075656176,0.9272321816533804,144,306,0.8100366013387218,0.9932279143703171,False,RobustL1,onehot,0.510763984778896,sobol,20,569,0
21,134,1,0.0,100,1024,0.0,0.0,5.761162909027189e-06,7,0.0,4,2,0.0001,2500,2500,0.4679363677278161,0.0,32,32,0.5,0.5,True,RobustL1,mat2vec,0.6750418295618147,simplex,4,801,1
22,62,3,0.49851335398852825,194,3491,0.8691930929198861,0.8068162389099598,7.197848966866732e-05,12,0.0419102655723691,3,7,0.0027702381233684716,5349,8168,0.025150124914944172,0.9204138293862343,134,436,0.5736634495949373,0.9751457616809756,True,RobustL1,mat2vec,0.9618160200770944,sobol,20,342,2
23,172,1,0.06090092193335295,138,1056,0.0085600595921278,0.07134904805570841,1.6933644936140627e-05,7,0.0011770207434892656,1,2,0.00014841011175885797,3520,3631,0.006041404791176319,0.0168049531057477,48,38,0.516744956680201,0.5258828295327723,False,RobustL1,magpie,0.775136149181053,simplex,20,833,3
24,87,6,0.16128815151751041,637,3246,0.9790483685210347,0.14128751028329134,3.014726739320904e-05,18,0.09401474101468921,5,9,0.005346872483193875,3457,3844,0.5743527114391327,0.1690751537680626,205,162,0.7443354086711071,0.902461981082894,False,RobustL1,onehot,0.1529099434334785,sobol,20,345,4
25,156,1,0.0,100,1024,0.0,0.0,1e-07,5,0.0,1,2,0.0001,2500,2500,0.0,0.0,32,32,0.5467016574826091,0.9531983425173909,False,RobustL1,onehot,0.3505676402710378,simplex,2,764,5
26,39,3,0.356209478341043,372,2816,0.320907024666667,0.3672900404781103,8.592482203198598e-05,13,0.017878629453480243,2,3,0.004592049374338239,6094,6858,0.21776639856398106,0.283137533813715,187,374,0.5005104084207677,0.8086569273566827,False,RobustL1,mat2vec,0.08306567179970442,sobol,20,774,6
27,7,9,0.7717215055599809,955,3062,0.8008017484098673,0.17953338101506233,5.101467840261758e-05,10,0.050285579171031713,6,5,0.003780193175561726,6556,7851,0.012873195111751556,0.022907679900527,87,234,0.8278409215758555,0.9871880819343961,False,RobustL1,mat2vec,0.3296594767551869,sobol,20,243,7
28,143,1,0.0,100,1024,0.0,0.0,1e-07,14,0.0,1,2,0.0001,2500,2500,0.2139361882582307,0.018214590847492218,67,32,0.5,0.5,False,RobustL2,magpie,0.217041967920959,simplex,4,679,8
29,51,5,0.6400375962257385,956,2438,0.45810313150286674,0.7961261151358485,3.599318023305386e-05,19,0.026730208471417428,2,4,0.004529335696436465,7836,6577,0.1916511319577694,0.7892252942547202,73,183,0.6169528784570284,0.9401851213121787,True,RobustL2,mat2vec,0.6675303715281189,sobol,20,24,9
30,85,7,0.4710468575358391,482,3552,0.3769538514316082,0.35999229084700346,2.2408555890712886e-05,10,0.024061298836022618,2,6,0.0059208738395012915,9308,6718,0.36071669589728117,0.9786721495911479,51,349,0.760575969743263,0.7913228202480822,False,RobustL2,onehot,0.6276878129597754,sobol,20,752,10
31,151,1,0.0,100,1024,0.0,0.0,5.373524979073555e-05,5,0.0,1,2,0.0022218822773545977,2500,2500,0.0,0.0,32,32,0.5,0.5517244274185971,False,RobustL2,magpie,0.5957030514068902,simplex,3,658,11
32,167,2,0.007700907066464424,112,1076,0.013465686701238155,0.009210613556206226,6.362482404429466e-06,5,0.006487428303807974,1,3,0.0001029156249947846,4362,2640,0.06901336368173361,0.09569567255675793,39,42,0.5008465141766705,0.5487922442604788,False,RobustL2,magpie,0.05155430949293077,simplex,20,34,12
33,112,1,0.0,100,1024,0.0,0.0,1e-07,5,0.0,1,2,0.0001,10000,2500,0.0,0.0,32,32,0.5,0.5,False,RobustL1,onehot,0.8994474279042334,simplex,1,411,13
34,32,10,0.6059065479785204,977,2345,0.20831422042101622,0.40240614116191864,4.775970451431349e-05,7,0.06422639777883887,7,8,0.0019593516089953483,3324,3567,0.4784601777791977,0.6819827705621719,84,321,0.6604713524187915,0.8122482605120167,False,RobustL2,onehot,0.3409964234940708,sobol,20,857,14
35,38,6,0.3421267597004771,169,3931,0.032329161651432514,0.21893782820552588,2.481415771972388e-06,13,0.07197362175211311,3,8,0.0025405943246558306,3115,4483,0.102417703717947,0.06033139303326607,71,228,0.532183922522422,0.8605104544968345,True,RobustL2,onehot,0.5585037405882031,sobol,20,894,15
36,45,8,0.5461815418675542,937,1912,0.6387323215603828,0.23939744383096695,8.978349861288444e-05,7,0.05914158159866929,2,3,0.00512511854050681,8187,2793,0.17712751496583223,0.1830362258478999,137,481,0.52762970456779,0.8332461008141749,True,RobustL1,onehot,0.8219085355475545,sobol,20,359,16
37,86,9,0.0663598757237196,934,1089,0.13726581446826458,0.4757009008899331,3.727684169476852e-05,20,0.08812649874016643,7,7,0.0032388481874018903,7132,4383,0.16645749751478434,0.23678344208747149,105,272,0.7004898055730387,0.8273320611692034,False,RobustL2,magpie,0.23502801458351313,sobol,20,859,17
38,89,8,0.010431582108139992,232,1956,0.0798459816724062,0.5247306199744344,6.358110619066283e-05,18,0.03741177814081311,3,5,0.0031110595827922223,5478,4625,0.08080558106303215,0.9457230204716325,219,139,0.6665018832685425,0.8104177382432856,True,RobustL1,mat2vec,0.4905383589677513,sobol,20,881,18
39,199,1,0.03306042496114969,216,1315,0.0582095542922616,0.0626650108024478,1.7232155644334852e-06,6,0.000238659605383873,1,2,0.0001477300419472158,2606,2957,0.0012857262045145035,0.0033740969374775887,61,86,0.501063574155327,0.5698503733108752,False,RobustL2,magpie,0.9211116999387741,simplex,20,533,19
40,50,10,0.5180224217474461,120,3788,0.757634200155735,0.0614591408520937,4.082637810474262e-05,18,0.049417254980653524,4,3,0.00033499268190935255,7085,4172,0.6062148418277502,0.329385606572032,173,488,0.5068807714339346,0.7949267228124663,True,RobustL1,magpie,0.4334687638189644,sobol,20,131,0
41,161,2,0.09231407754123211,126,1586,0.0928233414888382,0.00470614992082119,3.036691972054541e-06,5,0.0019380029290914536,1,2,0.0004586050822399556,3493,2711,0.010538559406995773,0.08919206261634827,35,32,0.5067902431028896,0.520955228711199,True,RobustL2,magpie,0.22784127072431148,simplex,20,377,1
42,3,3,0.9398844474926591,817,2399,0.3081080336123705,0.0862418944016099,2.9842352594155817e-05,9,0.0015753546729683878,3,6,0.002294780759792775,5178,2861,0.591187990270555,0.33206562977284193,80,301,0.8367151129202917,0.855960675734561,True,RobustL1,magpie,0.8273953034635633,sobol,20,664,2
43,0,5,0.12184923700988293,914,3941,0.6771196275949478,0.027499008923768997,9.871065291734413e-05,13,0.05478483969345689,4,6,0.0005127703464590013,5391,3895,0.05715204309672117,0.3998739290982485,152,310,0.5868590743509121,0.663324823831208,False,RobustL2,mat2vec,0.9986561095993965,sobol,20,712,3
44,148,1,0.0,389,1024,0.0,0.0,1e-07,5,0.0,1,6,0.0012176854107528925,2500,2500,0.0,0.0,32,32,0.5,0.5,False,RobustL1,mat2vec,0.18365952133201063,simplex,3,999,4
45,27,9,0.791993722319603,152,1091,0.6854086760431528,0.12120114080607891,6.325836060754955e-06,14,0.0411593989469111,8,5,0.001934153963625431,8738,6435,0.7075724406167865,0.4973857505246997,235,256,0.8324789618178271,0.8843443227693439,False,RobustL1,magpie,0.933694951608777,sobol,20,709,5
46,187,1,0.0030549922958016396,114,1318,0.06377763580530882,0.015685866586863995,9.264201806671918e-06,5,0.006482466030865908,1,3,0.0001331150248646736,3951,2736,0.012808113358914852,0.025810585357248783,53,34,0.5181578256716952,0.5218975731090643,False,RobustL2,mat2vec,0.34437185269780457,simplex,20,648,6
47,127,5,0.0,100,1024,0.0,0.0,1e-07,5,0.0,1,2,0.0001,2500,2500,0.0,0.5446923766285181,32,32,0.5,0.5,False,RobustL2,onehot,0.020217364616692067,simplex,3,682,7
48,79,6,0.8611733010038733,125,2863,0.11794231832027435,0.1516085397452116,1.395199980819598e-05,10,0.09909876314923168,2,9,0.004190213779639453,6931,3657,0.29236813355237246,0.6151482099667192,92,298,0.5722290098996833,0.7516114805240184,True,RobustL2,onehot,0.8857213447242975,sobol,20,755,8
49,116,1,0.0,100,1024,0.0,0.0,1e-07,5,0.0,1,2,0.0001,2500,2500,0.0,0.0,256,32,0.5,0.5,False,RobustL1,onehot,0.8056874222308398,simplex,1,842,9
50,123,1,0.0,100,1024,0.0,0.0,1e-07,5,0.0,1,2,0.0001,9711,2789,0.0,0.0,32,32,0.5,0.5,False,RobustL2,magpie,0.9867323407903313,simplex,2,999,10
51,72,8,0.3696585986763239,959,3792,0.30324530228972435,0.4120373846963048,2.231523643862456e-05,16,0.09620168106630445,2,9,0.004838160894904285,8783,9973,0.01781317964196205,0.0922226682305336,55,503,0.9050604366072454,0.9773988466431387,True,RobustL2,magpie,0.7270327040180564,sobol,20,577,11
52,147,3,0.0,100,1024,0.0,0.0,1e-07,5,0.0,1,2,0.0001,2500,2500,0.0,0.0,32,403,0.5,0.5,False,RobustL2,magpie,0.7497678309027106,simplex,2,227,12
53,85,7,0.4710468575358391,482,3552,0.3769538514316082,0.35999229084700346,2.2408555890712886e-05,10,0.024061298836022618,2,6,0.0059208738395012915,9308,6718,0.36071669589728117,0.9786721495911479,51,349,0.760575969743263,0.7913228202480822,False,RobustL2,onehot,0.6276878129597754,sobol,20,516,13
54,140,1,0.0,100,1024,0.0,0.0,4.658326152656228e-05,6,0.0,1,2,0.0001,2500,2500,0.003789866343140602,0.47105254605412483,32,32,0.5,0.5,False,RobustL1,onehot,0.5595400901604444,simplex,4,880,14
55,159,1,0.0,100,1024,0.0,0.0,1e-07,13,0.0,1,2,0.0001,2500,2500,0.0,0.0,32,32,0.5,0.7412002219680697,False,RobustL2,mat2vec,0.8898352407198399,simplex,2,516,15
56,26,7,0.7523817839100957,734,2561,0.24421790800988674,0.3387354463338852,3.093075368115679e-05,18,0.08729427568614484,3,4,0.005105717346537858,6385,6317,0.6335282688960433,0.47837910801172256,167,425,0.5932427861342207,0.6771769774356857,True,RobustL2,magpie,0.5079459203686565,sobol,20,969,16
57,5,1,0.8573884153738618,529,2633,0.6257636370137334,0.7047752747312188,6.347130839303136e-05,12,0.06694909520447255,1,4,0.0015335989602841436,3391,5576,0.06639788579195738,0.5480979550629854,64,486,0.7581668277322315,0.9503871898535639,False,RobustL1,magpie,0.5510904728621244,sobol,20,888,17
58,13,4,0.02824196871370077,569,1772,0.04674176871776581,0.6920365449041128,2.5732611887715755e-05,19,0.05166686344891787,2,7,0.0033690996836870904,8403,3535,0.1547738779336214,0.6796066360548139,143,252,0.8015164145179092,0.9776669780516998,False,RobustL2,magpie,0.8445341904181987,sobol,20,842,18
59,22,8,0.278741966933012,128,3596,0.6194054987281561,0.3838119124993682,6.0163266662415124e-05,15,0.054414071980863815,6,5,0.005337498722597957,8454,5730,0.3012149715796113,0.5595242297276855,116,86,0.6492695214245469,0.7770332169428468,False,RobustL1,onehot,0.04746585450135172,sobol,20,366,19
60,37,5,0.28674091678112745,595,3682,0.3963301796466112,0.6311882976442575,1.4938724575843662e-05,15,0.05765425898134709,7,9,0.004720838802400976,6282,7072,0.0373048922047019,0.5272904634475708,80,485,0.600910357973259,0.8266543964575976,True,RobustL2,magpie,0.3371097705326975,sobol,20,869,0
61,136,1,0.0,100,1024,0.0,0.0,2.8401433146651834e-05,5,0.0,3,2,0.0001,2500,5841,0.0,0.0,32,32,0.5,0.5,False,RobustL1,magpie,0.4438441294897348,simplex,3,841,1
62,2,4,0.7858066381886601,752,3506,0.5913253286853433,0.29686076659709215,3.738654552288354e-05,10,0.008299979753792286,6,8,0.0013131748533807695,9234,5365,0.1828028243035078,0.26109435223042965,175,372,0.8590205609786324,0.937316362969391,True,RobustL2,onehot,0.8050973095092923,sobol,20,433,2
63,177,3,0.02088850550353527,100,1235,0.028259734623134136,0.12714676465839148,1.229211188852787e-07,5,0.004384166467934847,1,2,0.00011167203346267343,4132,2524,0.009593573398888111,0.0945998840034008,35,34,0.5195711118122562,0.5619446424099617,True,RobustL2,magpie,0.6504756972193718,simplex,20,504,3
64,95,4,0.6580276507884264,812,1191,0.5669715646654367,0.2476793872192502,2.86441170303151e-06,17,0.052824632637202745,2,6,0.0053647869867272675,4868,3050,0.2761286832392216,0.6100239641964436,217,484,0.7715966639976948,0.8155516048458404,True,RobustL2,mat2vec,0.36843756631016733,sobol,20,629,4
65,185,1,0.06561338249593973,118,1193,0.00428057461977005,0.02825603261590004,5.857797881588339e-07,5,0.006660956609994173,1,2,0.0002434113411232829,2624,3561,0.08949922304600477,0.012631273828446865,41,104,0.5147915719064884,0.598170125772059,True,RobustL2,magpie,0.038575962986797094,simplex,20,85,5
66,72,8,0.3696585986763239,959,3792,0.30324530228972435,0.4120373846963048,2.231523643862456e-05,16,0.09620168106630445,2,9,0.004838160894904285,8783,9973,0.01781317964196205,0.0922226682305336,55,503,0.9050604366072454,0.9773988466431387,True,RobustL2,magpie,0.7270327040180564,sobol,20,0,6
67,2,4,0.7858066381886601,752,3506,0.5913253286853433,0.29686076659709215,3.738654552288354e-05,10,0.008299979753792286,6,8,0.0013131748533807695,9234,5365,0.1828028243035078,0.26109435223042965,175,372,0.8590205609786324,0.937316362969391,True,RobustL2,onehot,0.8050973095092923,sobol,20,448,7
68,77,3,0.36443259473890066,414,1575,0.4598170733079314,0.24028496257960796,4.0911698238924147e-05,12,0.05396725591272116,5,4,0.004308968196995557,9276,3221,0.6225620666518807,0.16443442273885012,103,141,0.9119592869837769,0.9674023376158438,False,RobustL1,mat2vec,0.6061731544602662,sobol,20,602,8
69,155,1,0.0,100,1283,0.0,0.0,1e-07,5,0.0,1,2,0.0001,9167,2500,0.0,0.0,33,42,0.5,0.5,False,RobustL2,mat2vec,0.12490883114747703,simplex,4,291,9
70,3,3,0.9398844474926591,817,2399,0.3081080336123705,0.0862418944016099,2.9842352594155817e-05,9,0.0015753546729683878,3,6,0.002294780759792775,5178,2861,0.591187990270555,0.33206562977284193,80,301,0.8367151129202917,0.855960675734561,True,RobustL1,magpie,0.8273953034635633,sobol,20,878,10
71,130,1,0.0,100,1024,0.19731996674090624,0.0,1e-07,5,0.0,1,2,0.0013266724582761526,2500,2500,0.0,0.5947694471105933,32,32,0.5,0.5,True,RobustL1,onehot,0.3923697766568512,simplex,3,527,11
72,34,9,0.8794185519218445,787,3917,0.2564211981371045,0.7401254381984472,8.815862183487044e-05,15,0.07742552598938346,6,9,0.0011740560030564667,6774,9153,0.19732836540788412,0.6485410425812006,252,51,0.7540428347917274,0.7894919664948248,True,RobustL1,magpie,0.7154642683919519,sobol,20,20,12
73,10,7,0.10071714874356985,187,1235,0.401429689489305,0.1589441178366542,3.8225836026854815e-05,16,0.0685982652939856,8,8,0.0011200524124316872,5237,9911,0.2037902483716607,0.14245328400284052,121,476,0.862706396554783,0.9594170634645037,False,RobustL2,mat2vec,0.06631104053929449,sobol,20,853,13
74,53,6,0.7776932585984468,311,3388,0.4239143179729581,0.5319194793701172,8.765972994975747e-05,9,0.005438211467117072,7,4,0.0008286743460223079,7655,6835,0.4154753014445305,0.2933261701837182,246,200,0.8906014675218612,0.9792295812109486,False,RobustL1,onehot,0.5697752467915416,sobol,20,498,14
75,7,9,0.7717215055599809,955,3062,0.8008017484098673,0.17953338101506233,5.101467840261758e-05,10,0.050285579171031713,6,5,0.003780193175561726,6556,7851,0.012873195111751556,0.022907679900527,87,234,0.8278409215758555,0.9871880819343961,False,RobustL1,mat2vec,0.3296594767551869,sobol,20,179,15
76,181,2,0.02408518921583891,243,1026,0.034972851164638996,0.025697114877402782,2.431268520839512e-06,7,0.0054684491828084,1,3,0.00010834638625383378,2568,4083,0.002284480258822441,0.030038935132324696,37,57,0.506845319815632,0.5175581282623112,True,RobustL2,magpie,0.5577099956478924,simplex,20,588,16
77,152,4,0.0,100,1024,0.0,0.0,1e-07,5,0.013447346072643996,1,2,0.0001,2500,2500,0.0,0.4169645318761468,32,32,0.5,0.5478187356614508,False,RobustL1,onehot,0.6525125578604639,simplex,4,475,17
78,180,1,0.007455889135599136,140,1032,0.01652712468057871,0.0619109096005559,9.440078037884087e-06,7,0.0025573723018169404,1,2,0.0002488853519782424,3030,2706,0.01708277501165867,0.007692636922001839,35,141,0.5043530864592641,0.592473323487211,False,RobustL1,magpie,0.4089235527906567,simplex,20,49,18
79,164,1,0.02197236195206642,117,1345,0.053494020365178585,0.0055885352194309235,1.3346777414530517e-05,6,0.004114192165434361,1,2,0.00047037607710808516,2738,2804,0.02437959983944893,0.1255427561700344,33,100,0.5092771708445624,0.513844338577427,False,RobustL1,mat2vec,0.695179326031357,simplex,20,582,19
80,168,2,0.04084223136305809,116,1057,0.05034563038498163,0.05627326015383005,3.822471488360316e-06,8,0.0003625035285949707,2,2,0.0007067946000024677,2749,2634,0.05705839768052101,0.00660553015768528,32,51,0.5043079552134498,0.5224064186175353,False,RobustL1,onehot,0.24178370247595013,simplex,20,692,0
81,32,10,0.6059065479785204,977,2345,0.20831422042101622,0.40240614116191864,4.775970451431349e-05,7,0.06422639777883887,7,8,0.0019593516089953483,3324,3567,0.4784601777791977,0.6819827705621719,84,321,0.6604713524187915,0.8122482605120167,False,RobustL2,onehot,0.3409964234940708,sobol,20,769,1
82,27,9,0.791993722319603,152,1091,0.6854086760431528,0.12120114080607891,6.325836060754955e-06,14,0.0411593989469111,8,5,0.001934153963625431,8738,6435,0.7075724406167865,0.4973857505246997,235,256,0.8324789618178271,0.8843443227693439,False,RobustL1,magpie,0.933694951608777,sobol,20,232,2
83,53,6,0.7776932585984468,311,3388,0.4239143179729581,0.5319194793701172,8.765972994975747e-05,9,0.005438211467117072,7,4,0.0008286743460223079,7655,6835,0.4154753014445305,0.2933261701837182,246,200,0.8906014675218612,0.9792295812109486,False,RobustL1,onehot,0.5697752467915416,sobol,20,940,3
84,150,7,0.0,100,1024,0.0,0.0,1e-07,5,0.027891450840979815,1,2,0.0001,2500,2500,0.0,0.0,32,32,0.5,0.5,True,RobustL1,magpie,0.4970691632479429,simplex,2,824,4
85,114,1,0.0,100,1024,0.0,0.0,1e-07,5,0.0,1,2,0.0001,2500,2500,1.0,0.0,32,32,0.5,0.5,True,RobustL1,magpie,0.7096366852521896,simplex,1,550,5
86,61,7,0.3470772001892328,972,2153,0.414812077768147,0.04294781852513552,5.457252050833777e-05,9,0.031893447134643794,5,6,0.00438366856276989,4715,5877,0.673108353279531,0.4608161384239793,251,250,0.5583034748393111,0.7600941527940333,True,RobustL2,magpie,0.20202461710199715,sobol,20,418,6
87,186,3,0.00565361138433218,129,1158,0.008936744183301926,0.05960189551115036,1.1206848506629468e-05,6,0.004869255796074868,1,3,0.00016234349301084877,2519,2853,0.02834844123572111,0.009593742899596691,35,80,0.5143778112445958,0.5573967762016692,True,RobustL1,onehot,0.7406581996660679,simplex,20,921,7
88,197,1,0.03312140144407749,149,1156,0.1456265700981021,0.043853944167494774,5.574031340889633e-07,8,0.013057361729443074,1,2,0.00025925756227225067,2875,3009,0.030520240776240826,0.027164559811353683,36,41,0.5082431165036745,0.5151379327321425,True,RobustL2,mat2vec,0.7314244567509741,simplex,20,449,8
89,162,2,0.022860473953187466,135,1114,0.025385109707713127,0.120734135620296,2.4135280065238475e-06,5,0.008069692458957434,1,2,0.0005963056249544025,2823,2571,0.05301721207797527,0.07607544586062431,58,56,0.5133574110865593,0.5175860381420702,True,RobustL1,mat2vec,0.5196089873462916,simplex,20,336,9
90,190,1,0.1064701871946454,232,1223,0.050557512789964676,0.07649056520313025,2.7900819085538386e-06,6,0.0033908474259078504,1,2,0.00038170970743522047,2767,2762,0.05748671758919954,0.04026240110397339,46,41,0.500349513187632,0.520505698913522,True,RobustL1,magpie,0.2682246661465615,simplex,20,495,10
91,126,1,0.0,100,2752,0.0,0.0,1e-07,5,0.0,1,2,0.0001,2500,2500,0.0,0.0,130,32,0.5,0.5,True,RobustL1,mat2vec,0.9077159238420427,simplex,2,764,11
92,28,4,0.2329041725024581,747,3086,0.13260176684707403,0.5919050481170416,6.231370052490384e-05,12,0.07917703026905656,3,10,0.003807332288753241,6049,6078,0.2477751262485981,0.7715710084885359,99,493,0.5185575801812112,0.6227861331813037,True,RobustL2,mat2vec,0.11591768733225762,sobol,20,597,12
93,4,6,0.006893528625369072,546,3674,0.7515398329123855,0.6194446990266442,8.621740272725002e-05,15,0.06558704692870379,8,3,0.004166518116742373,9726,9538,0.11360739916563034,0.9368172641843557,160,58,0.5306143237360753,0.649339364562463,False,RobustL2,magpie,0.16041049040853977,sobol,20,763,13
94,95,4,0.6580276507884264,812,1191,0.5669715646654367,0.2476793872192502,2.86441170303151e-06,17,0.052824632637202745,2,6,0.0053647869867272675,4868,3050,0.2761286832392216,0.6100239641964436,217,484,0.7715966639976948,0.8155516048458404,True,RobustL2,mat2vec,0.36843756631016733,sobol,20,384,14
95,73,3,0.22824984043836594,311,2062,0.3296338813379407,0.16647743992507458,5.1403009569272406e-05,6,0.0749033896252513,6,7,0.0005201864955015481,8583,9291,0.3740842938423157,0.5879840906709433,202,487,0.6182456667132675,0.9383543867443689,False,RobustL1,onehot,0.5197860739938914,sobol,20,551,15
96,67,6,0.5113354362547398,191,2163,0.8999665090814233,0.4228230509907007,8.56200008302927e-05,7,0.08491380689665676,1,6,0.0030149660799652337,2541,7811,0.20287078339606524,0.21169192995876074,90,265,0.908516419322975,0.9496446407704614,True,RobustL1,magpie,0.8967566266003996,sobol,20,348,16
97,195,1,0.05056483391672373,191,1640,0.07725061476230621,0.021876846440136433,3.2459849510341883e-07,6,0.001802855171263218,1,3,0.0001417893464677036,2760,2746,0.019067855551838875,0.02006024494767189,64,40,0.5040965183669701,0.5181008336115629,False,RobustL2,onehot,0.14344385139644147,simplex,20,173,17
98,132,1,0.0,100,1024,0.0,0.0,1e-07,5,0.0,1,2,0.0001,2500,8805,0.0,0.1592932976782322,32,32,0.5,0.5,False,RobustL1,mat2vec,0.9803842732310295,simplex,2,435,18
99,182,1,0.0994709013029933,109,1091,0.03789683151990175,0.028033269569277763,8.035257656127215e-07,6,0.004984676372259855,1,2,0.00033411145834252236,3250,3747,0.0050864433869719505,0.0031815283000469208,43,37,0.5221611140156165,0.5899171029091813,True,RobustL1,mat2vec,0.21959810422733428,simplex,20,386,19
100,125,1,0.0,100,1024,0.0,0.0,1e-07,11,0.0,1,2,0.0011106947735883296,2500,2500,0.0,0.0,125,32,0.5,0.5,True,RobustL2,magpie,0.33365460964851085,simplex,4,875,0
101,31,9,0.11271694581955671,430,1700,0.5830135298892856,0.32791449781507254,6.752903762338684e-05,9,0.09389425609260799,2,9,0.0025629672840237613,4947,8362,0.5832344274967909,0.3588501950725913,202,194,0.5974117967219092,0.6415897251624614,True,RobustL1,magpie,0.864231189545244,sobol,20,290,1
102,156,1,0.0,100,1024,0.0,0.0,1e-07,5,0.0,1,2,0.0001,2500,2500,0.0,0.0,32,32,0.5467016574826091,0.9531983425173909,False,RobustL1,onehot,0.3505676402710378,simplex,2,945,2
103,79,6,0.8611733010038733,125,2863,0.11794231832027435,0.1516085397452116,1.395199980819598e-05,10,0.09909876314923168,2,9,0.004190213779639453,6931,3657,0.29236813355237246,0.6151482099667192,92,298,0.5722290098996833,0.7516114805240184,True,RobustL2,onehot,0.8857213447242975,sobol,20,966,3
104,141,1,0.9213041318580508,100,1024,0.0,0.0,1e-07,5,0.0,1,2,0.0001,2500,2500,0.0,0.0,50,32,0.5,0.5,True,RobustL2,mat2vec,0.39908787976019083,simplex,2,156,4
105,170,1,0.08260996919125319,164,1089,0.041038221679627895,0.017305982299149036,6.744347072765231e-06,5,0.0018186843022704126,2,3,0.00011778158973902464,2733,2964,0.011822870932519436,0.008948146365582943,62,68,0.5017219443258829,0.5147093302230351,True,RobustL1,onehot,0.4237066016718745,simplex,20,644,5
106,40,4,0.38486197870224714,306,1517,0.5455287517979741,0.015294762328267097,7.827731827255338e-05,14,0.023809655942022803,9,5,0.0040050371977500615,8245,9805,0.5553547767922282,0.3737625489011407,64,295,0.5546068771896884,0.9836294493551366,False,RobustL2,magpie,0.056904038237407806,sobol,20,719,6
107,174,1,0.011033636517822742,139,1116,0.09960968233644962,0.11502690613269806,6.9881057661958035e-06,7,3.9462465792894363e-05,2,4,0.00024748095721006393,2664,2526,0.006372068077325821,0.015276085585355759,33,37,0.5029764409980737,0.5031434654359705,True,RobustL1,onehot,0.5854765054211021,simplex,20,909,7
108,76,5,0.04919222462922335,715,1870,0.9358591791242361,0.27148912847042084,1.1515264740120621e-05,16,0.02776286080479622,2,9,0.004008648404385895,3893,7971,0.31346226669847965,0.9838046859949827,146,430,0.583187788245175,0.852334796490986,False,RobustL2,mat2vec,0.13913555710576475,sobol,20,970,8
109,147,3,0.0,100,1024,0.0,0.0,1e-07,5,0.0,1,2,0.0001,2500,2500,0.0,0.0,32,403,0.5,0.5,False,RobustL2,magpie,0.7497678309027106,simplex,2,296,9
110,48,9,0.04719878360629082,388,1363,0.01403411477804184,0.03807093109935522,2.009160050889477e-05,12,0.0762983661144972,7,4,0.005273534542880953,6652,9225,0.759441296570003,0.8576737158000469,157,99,0.714626946481131,0.7455783275944181,False,RobustL2,mat2vec,0.352270526997745,sobol,20,570,10
111,44,5,0.5291686290875077,791,1565,0.9761310247704387,0.3565035918727517,2.201032238388434e-05,6,0.0011281449347734453,1,8,0.002704711809568107,7589,9021,0.0034137098118662834,0.4133475450798869,237,125,0.558823147135228,0.7737022443979978,False,RobustL2,mat2vec,0.3145966220088303,sobol,20,428,11
112,148,1,0.0,389,1024,0.0,0.0,1e-07,5,0.0,1,6,0.0012176854107528925,2500,2500,0.0,0.0,32,32,0.5,0.5,False,RobustL1,mat2vec,0.18365952133201063,simplex,3,530,12
113,10,7,0.10071714874356985,187,1235,0.401429689489305,0.1589441178366542,3.8225836026854815e-05,16,0.0685982652939856,8,8,0.0011200524124316872,5237,9911,0.2037902483716607,0.14245328400284052,121,476,0.862706396554783,0.9594170634645037,False,RobustL2,mat2vec,0.06631104053929449,sobol,20,567,13
114,182,1,0.0994709013029933,109,1091,0.03789683151990175,0.028033269569277763,8.035257656127215e-07,6,0.004984676372259855,1,2,0.00033411145834252236,3250,3747,0.0050864433869719505,0.0031815283000469208,43,37,0.5221611140156165,0.5899171029091813,True,RobustL1,mat2vec,0.21959810422733428,simplex,20,630,14
115,108,1,0.0,100,1024,0.0,0.0,1e-07,5,0.1,1,2,0.0001,2500,2500,0.0,0.0,32,32,0.5,0.5,False,RobustL1,mat2vec,0.4401867940835655,simplex,1,354,15
116,129,1,0.0,100,1024,0.0,0.0,1e-07,5,0.0,1,5,0.0001,7383,2500,0.0,0.0,32,32,0.5,0.5,True,RobustL2,magpie,0.8509268343634904,simplex,2,262,16
117,24,2,0.905647792853415,360,1259,0.5399093050509691,0.5732802907004952,4.8743436306342486e-05,19,0.08968326142057777,5,5,0.0005422195518389344,7604,3919,0.03146372456103563,0.891345732845366,53,248,0.5466036670251749,0.5875732964051887,True,RobustL1,mat2vec,0.28561145467683674,sobol,20,456,17
118,119,1,0.0,100,1024,0.0,0.0,1e-07,5,0.0,1,2,0.0001,2500,2500,0.0,0.0,32,32,0.5,0.9999,False,RobustL2,mat2vec,0.4675869803223759,simplex,1,940,18
119,171,2,0.04431283101439476,127,1528,0.013804318383336067,0.06836886052042246,4.954941558651627e-07,5,0.006477340776473284,1,3,0.00030466395085677504,2830,2509,0.0653129555284977,0.015292590484023094,42,65,0.5146286323635839,0.52038971052235,False,RobustL2,mat2vec,0.5068759958259761,simplex,20,599,19
120,46,2,0.5825315387919545,554,2245,0.8073832085356116,0.6438126536086202,7.728942893417553e-05,8,0.07373035270720721,6,4,0.0029480026718229054,5021,8780,0.2458020057529211,0.6536572342738509,127,255,0.5897065604191274,0.8544093844847753,True,RobustL1,magpie,0.043617144068703054,sobol,20,771,0
121,111,1,0.0,100,1024,0.0,0.0,1e-07,5,0.0,1,2,0.006,2500,2500,0.0,0.0,32,32,0.5,0.5,False,RobustL2,onehot,0.8324842750560493,simplex,1,28,1
122,117,1,0.0,100,1024,0.0,0.0,1e-07,5,0.0,1,2,0.0001,2500,2500,0.0,0.0,32,512,0.5,0.5,True,RobustL2,mat2vec,0.1618817056901753,simplex,1,99,2
123,116,1,0.0,100,1024,0.0,0.0,1e-07,5,0.0,1,2,0.0001,2500,2500,0.0,0.0,256,32,0.5,0.5,False,RobustL1,onehot,0.8056874222308398,simplex,1,339,3
124,188,1,0.08660484757274389,176,1531,0.04088605102151632,0.023696573451161385,1.0551391011103986e-06,5,0.0022002114914357663,1,2,0.00027403980270028115,2634,3064,0.09080422762781382,0.07683986146003008,37,45,0.5100944263905287,0.5563922984745353,False,RobustL1,onehot,0.08663222063332796,simplex,20,5,4
125,71,6,0.21404273435473442,457,1618,0.05472838692367077,0.29914406593889,3.698297529183328e-05,6,0.016511528473347425,6,2,0.004368555062636733,7189,3925,0.4463576730340719,0.8185493554919958,113,115,0.5872962861463428,0.8885131606312469,True,RobustL2,mat2vec,0.12172291174530982,sobol,20,0,5
126,11,6,0.8118212260305882,378,1556,0.36307848058640957,0.39168847538530827,7.602126230141149e-05,7,0.021332146413624287,5,6,0.00030830100504681467,8887,7734,0.07919641211628914,0.0038894759491086006,101,418,0.5666355269653722,0.7012856324135326,True,RobustL2,onehot,0.24471172664314508,sobol,20,586,6
127,126,1,0.0,100,2752,0.0,0.0,1e-07,5,0.0,1,2,0.0001,2500,2500,0.0,0.0,130,32,0.5,0.5,True,RobustL1,mat2vec,0.9077159238420427,simplex,2,482,7
128,175,1,0.014726570807397366,108,1218,0.03381260950118303,0.12421179004013538,1.0324957752600312e-07,6,0.0003066734410822392,1,2,0.0001019450998865068,2781,3049,0.22871835343539715,0.05687766056507826,75,35,0.5022962277663872,0.514391999434121,False,RobustL2,mat2vec,0.4983799820952117,simplex,20,466,8
129,84,3,0.8156862063333392,442,4075,0.2668643547222018,0.2530082678422332,9.943203698480502e-05,10,0.040705944411456585,3,6,0.0007096752395853401,9783,9559,0.403795319609344,0.8532720291987062,222,188,0.6030425116071477,0.82482354270434,False,RobustL1,mat2vec,0.49442387601360677,sobol,20,608,9
130,75,9,0.14301777631044388,679,2485,0.22390356846153736,0.699333350174129,6.38725906059146e-05,8,0.05784953283146024,2,10,0.0042399464575573805,5187,4153,0.29869310837239027,0.1212655771523714,223,233,0.5612337193716317,0.9991902134135365,False,RobustL1,magpie,0.3602387816552073,sobol,20,822,10
131,196,1,0.0454113008454442,155,1198,0.023856467567384243,0.007118670269846916,9.588368819747121e-06,7,0.002628596592694521,1,3,0.0005696348228491843,3264,2609,0.059730496257543564,0.00030266959220170975,51,32,0.5225505911081098,0.5401037052013912,False,RobustL1,onehot,0.3195327917579562,simplex,20,92,11
132,33,3,0.5926764514297247,718,1133,0.43439266085624695,0.004133322276175022,6.559505174951628e-05,7,0.019505648501217367,7,5,0.00589918464794755,5886,9620,0.34368704818189144,0.9125403761863708,178,161,0.6290342947962694,0.8620579806969502,True,RobustL1,magpie,0.7936842988431454,sobol,20,756,12
133,120,1,0.0,100,1024,0.0,0.0,1e-07,5,0.0,1,2,0.0001,7020,2500,0.0,0.0,121,32,0.5,0.5,False,RobustL1,mat2vec,0.28460089278407397,simplex,2,242,13
134,109,1,0.0,100,1024,0.0,0.0,1e-07,5,0.0,10,2,0.0001,2500,2500,0.0,0.0,32,32,0.5,0.5,True,RobustL2,onehot,0.527173679433763,simplex,1,699,14
135,50,10,0.5180224217474461,120,3788,0.757634200155735,0.0614591408520937,4.082637810474262e-05,18,0.049417254980653524,4,3,0.00033499268190935255,7085,4172,0.6062148418277502,0.329385606572032,173,488,0.5068807714339346,0.7949267228124663,True,RobustL1,magpie,0.4334687638189644,sobol,20,803,15
136,155,1,0.0,100,1283,0.0,0.0,1e-07,5,0.0,1,2,0.0001,9167,2500,0.0,0.0,33,42,0.5,0.5,False,RobustL2,mat2vec,0.12490883114747703,simplex,4,985,16
137,97,8,0.7129939068108797,444,1434,0.9847154738381505,0.6523158401250839,1.533314720010385e-05,19,0.06753509538248181,7,3,0.0017113768501207233,8265,8518,0.33210023399442434,0.08459311723709106,207,229,0.8295524260014295,0.8715213280566037,True,RobustL2,magpie,0.5279010387789458,sobol,20,840,17
138,163,2,0.014785434119403362,118,1172,0.08569248393177986,0.09810286853462458,7.036194247566163e-06,5,0.003314047120511532,1,2,0.000450591972284019,2691,3567,0.05574304424226284,0.07340896967798471,36,56,0.5043047106689773,0.5539775324001909,False,RobustL2,onehot,0.4170470111258328,simplex,20,662,18
139,8,7,0.6792903831228614,461,2537,0.5571671649813652,0.031648335978388786,8.910778103228659e-05,19,0.03622043812647462,2,8,0.005517314162384719,9884,6048,0.4589949194341898,0.7648136541247368,137,386,0.6332249133331701,0.8982528333989903,False,RobustL1,magpie,0.9656942200567573,sobol,20,387,19
140,82,3,0.34020198322832584,991,3045,0.8916847510263324,0.4539034813642502,1.5856337462272494e-05,8,0.023438927065581084,7,5,0.0008381559970788658,7867,3338,0.5329230697825551,0.1845091786235571,60,332,0.6699770990703255,0.7210465787098743,True,RobustL2,onehot,0.9543308651261032,sobol,20,301,0
141,93,5,0.493890599347651,621,1602,0.668268377892673,0.4514593742787838,6.416517130117864e-05,7,0.011809669900685549,10,8,0.004553394280094654,8820,5212,0.40182404313236475,0.7212477177381516,250,422,0.532618312974833,0.5894039425150491,False,RobustL2,onehot,0.4375817119888961,sobol,20,814,1
142,15,8,0.8653081059455872,617,2231,0.4204352740198374,0.6087420042604208,2.48396166886203e-05,9,0.05341877676546574,9,6,0.00018339330377057197,3488,7961,0.16585436556488276,0.8065466294065118,208,292,0.5350276039676741,0.6840728914738633,False,RobustL1,magpie,0.48475370642729104,sobol,20,178,2
143,57,2,0.022028934210538864,405,2014,0.6658280631527305,0.08189825899899006,1.4037412981502712e-05,20,0.0035471977666020394,1,8,0.00042079931423068045,9443,2677,0.3067701030522585,0.8874602783471346,190,166,0.9794894813745283,0.9853313141920603,False,RobustL2,magpie,0.09452346814796328,sobol,20,277,3
144,131,1,0.0,100,1024,0.0,0.0,1e-07,8,0.0,1,2,0.0001,2500,2500,0.12917031813412905,0.0,44,32,0.5,0.8088181303303689,False,RobustL2,mat2vec,0.5374895542953163,simplex,4,273,4
145,51,5,0.6400375962257385,956,2438,0.45810313150286674,0.7961261151358485,3.599318023305386e-05,19,0.026730208471417428,2,4,0.004529335696436465,7836,6577,0.1916511319577694,0.7892252942547202,73,183,0.6169528784570284,0.9401851213121787,True,RobustL2,mat2vec,0.6675303715281189,sobol,20,706,5
146,179,1,0.06461362261325121,165,1165,0.02289633359760046,0.061121866106987,1.0529751040972769e-06,9,0.001904837228357792,1,3,0.0003262750337831676,2588,2544,0.007466308772563934,0.016146009787917137,37,34,0.5023529130171053,0.578586049283389,False,RobustL2,onehot,0.9556956925150007,simplex,20,993,6
147,122,1,0.0,280,1024,0.0,0.0,1e-07,5,0.0,1,2,0.0001,3047,2500,0.1684892363846302,0.0,32,32,0.5,0.7818272364838048,True,RobustL1,magpie,0.09542652836069464,simplex,4,545,7
148,117,1,0.0,100,1024,0.0,0.0,1e-07,5,0.0,1,2,0.0001,2500,2500,0.0,0.0,32,512,0.5,0.5,True,RobustL2,mat2vec,0.1618817056901753,simplex,1,886,8
149,58,6,0.4501271191984415,337,3070,0.5190925244241953,0.6582253696396947,3.981431924849749e-05,12,0.09953326275572182,3,4,0.005096947305463255,2928,3147,0.17174905817955732,0.6744756028056145,237,50,0.6044754912806675,0.9176170937455259,False,RobustL2,magpie,0.41631657411344347,sobol,20,440,9
150,165,2,0.02696986962109804,170,1090,0.023094809614121914,0.07243941817432642,1.361085669025779e-05,5,0.002501591295003891,2,2,0.0015151606866158544,2815,2814,0.019238083623349667,0.017426802776753902,34,32,0.5005631856923923,0.5083536977862939,True,RobustL2,onehot,0.3645100720226765,simplex,20,878,10
151,60,8,0.10671931132674217,846,2527,0.7783342227339745,0.5524679189547896,1.5319709444418551e-06,17,0.013593074027448894,7,9,0.004074295257683843,6042,8877,0.36420676205307245,0.4169613178819418,185,449,0.9185744638900273,0.9517193479496986,False,RobustL2,onehot,0.8012117777112872,sobol,20,656,11
152,144,1,0.0,100,1024,0.0,0.0,1e-07,5,0.06657140841707587,1,5,0.0001,2500,2500,0.0,0.0,32,32,0.5,0.5,False,RobustL1,mat2vec,0.028740289956331252,simplex,2,793,12
153,56,2,0.827036707662046,106,2359,0.5635545086115599,0.34378750156611204,5.0259707676153634e-05,7,0.0562805318273604,9,2,0.001036286550015211,5652,4620,0.43319428618997335,0.7801771070808172,170,224,0.7151503107325174,0.7281867460970767,True,RobustL2,magpie,0.16428836584091186,sobol,20,13,13
154,107,1,0.0,100,1024,0.0,0.0,1e-07,20,0.0,1,2,0.0001,2500,2500,0.0,0.0,32,32,0.5,0.5,False,RobustL2,onehot,0.17476566056720913,simplex,1,882,14
155,68,4,0.2893023854121566,873,1947,0.6928981756791472,0.7239206489175558,3.4447547390032564e-05,18,0.04207957861945033,3,7,0.00587714877827093,3030,3577,0.0008260859176516533,0.6062796702608466,131,400,0.7055579814400523,0.7300176296466961,False,RobustL1,onehot,0.06487258240580558,sobol,20,162,15
156,137,1,0.0,100,1024,0.0,0.11265778262168169,1e-07,5,0.0,1,3,0.0021208394789136945,5589,2500,0.0,0.0,32,32,0.5,0.5,True,RobustL2,magpie,0.6081035783421248,simplex,4,343,16
157,63,9,0.38056701235473156,576,3740,0.7019069250673056,0.3401224026456475,5.94845963921398e-05,11,0.02522376561537385,7,8,0.004946190709248185,9683,3404,0.08503573201596737,0.38350483402609825,130,179,0.5125654824482277,0.9619078354024329,True,RobustL1,mat2vec,0.1932624911889434,sobol,20,293,17
158,99,8,0.9572332538664341,448,1041,0.3179878294467926,0.1305848676711321,6.847112491689623e-05,12,0.08732017995789648,4,4,0.0019500012342818082,9757,5534,0.6422266298905015,0.04251223709434271,170,396,0.6938287348203361,0.9298738919366152,False,RobustL2,onehot,0.4772534415870905,sobol,20,840,18
159,149,1,0.0,100,1024,0.0,0.0,1e-07,8,0.060320984199643136,1,2,0.0001,2500,2500,0.0,0.1254375521093607,32,32,0.5,0.5,True,RobustL2,onehot,0.7771730098221451,simplex,4,680,19
160,140,1,0.0,100,1024,0.0,0.0,4.658326152656228e-05,6,0.0,1,2,0.0001,2500,2500,0.003789866343140602,0.47105254605412483,32,32,0.5,0.5,False,RobustL1,onehot,0.5595400901604444,simplex,4,167,0
161,66,8,0.3320005154237151,375,2215,0.8606353998184204,0.12809922080487013,4.6965884649846706e-05,20,0.02514905706048012,9,8,0.0022017285261303186,6426,9857,0.07621721178293228,0.0731242997571826,126,207,0.645617062895,0.7071380755293183,False,RobustL1,magpie,0.8431921523343772,sobol,20,706,1
162,16,10,0.045406836085021496,888,2096,0.31871103774756193,0.8403888931497931,6.111554899718613e-05,18,0.006933909561485052,3,4,0.000994966767448932,7387,9655,0.039440203458070755,0.9177379654720426,231,354,0.7701022107049823,0.9102216115755029,True,RobustL1,onehot,0.2922650383319706,sobol,20,276,2
163,189,2,0.006398160010576248,102,1024,0.009749792516231537,0.046913422644138336,2.456931688822806e-06,7,0.002477475255727768,1,2,0.0012389816854149103,3440,3119,0.006411774083971977,0.0646904818713665,41,33,0.5165963557053357,0.5299470393320546,True,RobustL2,mat2vec,0.9742326286993921,simplex,20,680,3
164,81,1,0.5040955180302262,691,2820,0.8689554426819086,0.22177464608103037,5.4487107148952785e-05,19,0.06445367336273193,3,9,0.00022207725672051312,3916,4926,0.6562506631016731,0.0456968117505312,42,390,0.8996570763437077,0.9947903536495752,False,RobustL2,mat2vec,0.7759160132706165,sobol,20,541,4
165,17,4,0.4884032951667905,849,2960,0.49620829336345196,0.41927361488342285,8.523395619317889e-05,11,0.08988434989005328,2,8,0.005721937797870487,4513,9184,0.4351656185463071,0.6461500069126487,199,462,0.6452141765085049,0.9984782093259505,True,RobustL1,onehot,0.2119320482760668,sobol,20,767,5
166,115,1,0.0,100,1024,0.0,0.0,1e-07,5,0.0,1,2,0.0001,2500,2500,0.0,1.0,32,32,0.5,0.5,False,RobustL2,magpie,0.3751497187651694,simplex,1,899,6
167,48,9,0.04719878360629082,388,1363,0.01403411477804184,0.03807093109935522,2.009160050889477e-05,12,0.0762983661144972,7,4,0.005273534542880953,6652,9225,0.759441296570003,0.8576737158000469,157,99,0.714626946481131,0.7455783275944181,False,RobustL2,mat2vec,0.352270526997745,sobol,20,79,7
168,42,2,0.7451364817097783,843,2768,0.12650363147258759,0.026110772974789143,1.7121510189026592e-05,6,0.007745757326483727,8,10,0.0007132648186758161,3057,7745,0.7238089088350534,0.49225530587136745,144,53,0.5110730594982393,0.948299691654835,False,RobustL1,magpie,0.3194893144071102,sobol,20,653,8
169,30,4,0.9278034456074238,931,2825,0.10846894793212414,0.857210828922689,2.364148749029264e-05,15,0.032693135924637316,7,4,0.003178828435670584,9950,4037,0.12114897463470697,0.8790985587984324,121,431,0.785352624703385,0.8489442801069469,False,RobustL2,onehot,0.16996458639390769,sobol,20,105,9
170,83,3,0.9117138674482703,262,1821,0.6164557412266731,0.11391863506287336,9.265957103595138e-05,9,0.04726882632821799,10,4,0.0027256081724539396,4555,7113,0.8702862057834864,0.8033045344054699,99,231,0.5926367760862223,0.9060267954761163,False,RobustL2,magpie,0.39490404751151803,sobol,20,921,10
171,141,1,0.9213041318580508,100,1024,0.0,0.0,1e-07,5,0.0,1,2,0.0001,2500,2500,0.0,0.0,50,32,0.5,0.5,True,RobustL2,mat2vec,0.39908787976019083,simplex,2,855,11
172,100,10,0.0,100,1024,0.0,0.0,1e-07,5,0.0,1,2,0.0001,2500,2500,0.0,0.0,32,32,0.5,0.5,False,RobustL1,magpie,0.11747237212024629,simplex,1,946,12
173,195,1,0.05056483391672373,191,1640,0.07725061476230621,0.021876846440136433,3.2459849510341883e-07,6,0.001802855171263218,1,3,0.0001417893464677036,2760,2746,0.019067855551838875,0.02006024494767189,64,40,0.5040965183669701,0.5181008336115629,False,RobustL2,onehot,0.14344385139644147,simplex,20,356,13
174,115,1,0.0,100,1024,0.0,0.0,1e-07,5,0.0,1,2,0.0001,2500,2500,0.0,1.0,32,32,0.5,0.5,False,RobustL2,magpie,0.3751497187651694,simplex,1,611,14
175,143,1,0.0,100,1024,0.0,0.0,1e-07,14,0.0,1,2,0.0001,2500,2500,0.2139361882582307,0.018214590847492218,67,32,0.5,0.5,False,RobustL2,magpie,0.217041967920959,simplex,4,568,15
176,54,2,0.6935853995382786,271,1756,0.2581355720758438,0.20455729868263006,6.490714008901269e-05,17,0.0977315129712224,6,8,0.004770569260418415,4774,6364,0.05913291219621897,0.01778570841997862,180,76,0.5157101499811746,0.9222553476832807,False,RobustL1,onehot,0.9244371230434626,sobol,20,69,16
177,23,10,0.1843538973480463,594,1043,0.8640526421368122,0.2800066443160176,9.981122203329579e-05,6,0.03410422494634986,3,8,0.0036003935278393325,8045,7232,0.23375631403177977,0.28581894282251596,66,411,0.843026416750718,0.8735962745378725,False,RobustL1,onehot,0.6760305739473551,sobol,20,503,17
178,160,1,0.06791279837489128,136,1118,0.03503403440117836,0.02109379693865776,2.78985470701009e-06,7,0.01898317253217101,1,2,0.00020775546981021762,3206,2562,0.1676233857870102,0.057847704738378525,36,36,0.5041506122653373,0.5275066339538432,False,RobustL1,magpie,0.8252818883862346,simplex,20,522,18
179,198,1,0.03701962996274233,108,1054,0.04389323480427265,0.0424199802801013,6.0449105627834796e-06,5,0.006874079164117575,4,3,0.0003267675220035017,2835,2786,0.03613493591547012,0.04436559975147247,33,79,0.5093039852424525,0.5112943538192659,True,RobustL1,magpie,0.014341408256441354,simplex,20,626,19
180,112,1,0.0,100,1024,0.0,0.0,1e-07,5,0.0,1,2,0.0001,10000,2500,0.0,0.0,32,32,0.5,0.5,False,RobustL1,onehot,0.8994474279042334,simplex,1,258,0
181,36,7,0.5363140162080526,278,1490,0.007919779978692532,0.5960560403764248,5.308881180891767e-05,6,0.010241428855806589,3,4,0.002179518932756036,9285,3808,0.2668306874111295,0.3752649910748005,198,447,0.6908969706735574,0.8255011804129928,True,RobustL1,mat2vec,0.08694379801861941,sobol,20,76,1
182,68,4,0.2893023854121566,873,1947,0.6928981756791472,0.7239206489175558,3.4447547390032564e-05,18,0.04207957861945033,3,7,0.00587714877827093,3030,3577,0.0008260859176516533,0.6062796702608466,131,400,0.7055579814400523,0.7300176296466961,False,RobustL1,onehot,0.06487258240580558,sobol,20,24,2
183,190,1,0.1064701871946454,232,1223,0.050557512789964676,0.07649056520313025,2.7900819085538386e-06,6,0.0033908474259078504,1,2,0.00038170970743522047,2767,2762,0.05748671758919954,0.04026240110397339,46,41,0.500349513187632,0.520505698913522,True,RobustL1,magpie,0.2682246661465615,simplex,20,769,3
184,110,1,0.0,100,1024,0.0,0.0,1e-07,5,0.0,1,10,0.0001,2500,2500,0.0,0.0,32,32,0.5,0.5,True,RobustL1,mat2vec,0.25037609015591444,simplex,1,711,4
185,105,1,0.0,100,1024,0.0,1.0,1e-07,5,0.0,1,2,0.0001,2500,2500,0.0,0.0,32,32,0.5,0.5,True,RobustL2,magpie,0.4878120381757617,simplex,1,123,5
186,14,1,0.4348248550668359,147,3827,0.28254048712551594,0.5811568610370159,1.5613679793849587e-05,9,0.03448200412094593,6,4,0.005849544128868729,8096,9441,0.317693367600441,0.42158744763582945,82,336,0.737643003319297,0.8867790631142445,False,RobustL2,mat2vec,0.45191227556206287,sobol,20,906,6
187,90,4,0.11074639298021793,788,2205,0.4736874746158719,0.12422940880060196,5.109999648993835e-05,19,0.045359448902308946,7,2,0.0009121135313995182,9581,6928,0.027762859128415585,0.4827807964757085,212,334,0.7315397786578164,0.7522592906776815,True,RobustL1,mat2vec,0.6481083782855421,sobol,20,681,7
188,180,1,0.007455889135599136,140,1032,0.01652712468057871,0.0619109096005559,9.440078037884087e-06,7,0.0025573723018169404,1,2,0.0002488853519782424,3030,2706,0.01708277501165867,0.007692636922001839,35,141,0.5043530864592641,0.592473323487211,False,RobustL1,magpie,0.4089235527906567,simplex,20,197,8
189,135,1,0.7317948080599308,100,1024,0.0,0.0,1e-07,5,0.0,1,2,0.0001,2500,2500,0.0,0.0,92,32,0.5,0.5,False,RobustL2,onehot,0.2632824618462473,simplex,2,402,9
190,25,6,0.08799809031188488,1005,3302,0.018367654643952847,0.10257531050592661,9.229257932305336e-05,5,0.027529325243085625,9,10,0.005918724909890444,2616,8480,0.5088390577584505,0.37106673046946526,189,483,0.8517216083131731,0.9196806971242651,False,RobustL2,magpie,0.7021944609005004,sobol,20,962,10
191,164,1,0.02197236195206642,117,1345,0.053494020365178585,0.0055885352194309235,1.3346777414530517e-05,6,0.004114192165434361,1,2,0.00047037607710808516,2738,2804,0.02437959983944893,0.1255427561700344,33,100,0.5092771708445624,0.513844338577427,False,RobustL1,mat2vec,0.695179326031357,simplex,20,492,11
192,176,2,0.061803076416254044,123,1068,0.03583982214331627,0.004015243612229824,3.4781063324771822e-06,6,0.0006158937700092793,1,2,0.0008984121407382191,2601,2574,0.024831082671880722,0.0996715072542429,38,77,0.5115837314305827,0.5769159077949821,False,RobustL1,magpie,0.3158793287910521,simplex,20,7,12
193,13,4,0.02824196871370077,569,1772,0.04674176871776581,0.6920365449041128,2.5732611887715755e-05,19,0.05166686344891787,2,7,0.0033690996836870904,8403,3535,0.1547738779336214,0.6796066360548139,143,252,0.8015164145179092,0.9776669780516998,False,RobustL2,magpie,0.8445341904181987,sobol,20,671,13
194,1,2,0.6298969192430377,315,1325,0.8310975311324,0.4299458032473922,2.2689087740145623e-05,20,0.07860906459391118,3,3,0.0015752735203132034,6826,7611,0.34385984763503075,0.5185623541474342,233,216,0.6640307648247108,0.9637449822404422,True,RobustL2,magpie,0.4124309095460922,sobol,20,963,14
195,108,1,0.0,100,1024,0.0,0.0,1e-07,5,0.1,1,2,0.0001,2500,2500,0.0,0.0,32,32,0.5,0.5,False,RobustL1,mat2vec,0.4401867940835655,simplex,1,371,15
196,78,8,0.000774935819208622,974,1426,0.7107577743008733,0.13883546832948923,7.530063817752526e-05,17,0.08226162539795041,1,6,0.00015951829049736261,4379,5717,0.4910975806415081,0.7375610452145338,59,52,0.6144823298686184,0.7868111417213455,True,RobustL1,onehot,0.7460587089974433,sobol,20,845,16
197,106,1,0.0,100,1024,0.0,0.0,0.0001,5,0.0,1,2,0.0001,2500,2500,0.0,0.0,32,32,0.5,0.5,True,RobustL1,mat2vec,0.7529457574058324,simplex,1,46,17
198,188,1,0.08660484757274389,176,1531,0.04088605102151632,0.023696573451161385,1.0551391011103986e-06,5,0.0022002114914357663,1,2,0.00027403980270028115,2634,3064,0.09080422762781382,0.07683986146003008,37,45,0.5100944263905287,0.5563922984745353,False,RobustL1,onehot,0.08663222063332796,simplex,20,69,18
199,110,1,0.0,100,1024,0.0,0.0,1e-07,5,0.0,1,10,0.0001,2500,2500,0.0,0.0,32,32,0.5,0.5,True,RobustL1,mat2vec,0.25037609015591444,simplex,1,964,19
200,69,9,0.060506515204906464,160,2718,0.8418520810082555,0.06824250798672438,3.023372651236132e-05,5,0.023223757278174162,4,4,0.0049555658765137196,3400,5232,0.7961472263559699,0.77479790430516,209,75,0.6074030103770085,0.8423370807110332,True,RobustL1,mat2vec,0.01833743365481496,sobol,20,331,0
201,118,1,0.0,100,1024,0.0,0.0,1e-07,5,0.0,1,2,0.0001,2500,2500,0.0,0.0,32,32,0.5,0.9999,True,RobustL1,onehot,0.6165130375232547,simplex,1,522,1
202,109,1,0.0,100,1024,0.0,0.0,1e-07,5,0.0,10,2,0.0001,2500,2500,0.0,0.0,32,32,0.5,0.5,True,RobustL2,onehot,0.527173679433763,simplex,1,258,2
203,137,1,0.0,100,1024,0.0,0.11265778262168169,1e-07,5,0.0,1,3,0.0021208394789136945,5589,2500,0.0,0.0,32,32,0.5,0.5,True,RobustL2,magpie,0.6081035783421248,simplex,4,742,3
204,139,1,0.0,100,1024,0.5702673317864537,0.0,1e-07,5,0.0,1,2,0.0001,4832,3391,0.0,0.0,32,32,0.5,0.5,False,RobustL2,mat2vec,0.7978814956173301,simplex,3,379,4
205,153,1,0.0,100,1024,0.44448370672762394,0.0,1e-07,5,0.0,1,6,0.0001,2500,2500,0.0,0.0,32,32,0.5,0.5,True,RobustL2,mat2vec,0.3063788245990872,simplex,2,531,5
206,119,1,0.0,100,1024,0.0,0.0,1e-07,5,0.0,1,2,0.0001,2500,2500,0.0,0.0,32,32,0.5,0.9999,False,RobustL2,mat2vec,0.4675869803223759,simplex,1,927,6
207,17,4,0.4884032951667905,849,2960,0.49620829336345196,0.41927361488342285,8.523395619317889e-05,11,0.08988434989005328,2,8,0.005721937797870487,4513,9184,0.4351656185463071,0.6461500069126487,199,462,0.6452141765085049,0.9984782093259505,True,RobustL1,onehot,0.2119320482760668,sobol,20,819,7
208,102,1,0.0,1024,1024,0.0,0.0,1e-07,5,0.0,1,2,0.0001,2500,2500,0.0,0.0,32,32,0.5,0.5,True,RobustL1,onehot,0.2995463554561138,simplex,1,974,8
209,196,1,0.0454113008454442,155,1198,0.023856467567384243,0.007118670269846916,9.588368819747121e-06,7,0.002628596592694521,1,3,0.0005696348228491843,3264,2609,0.059730496257543564,0.00030266959220170975,51,32,0.5225505911081098,0.5401037052013912,False,RobustL1,onehot,0.3195327917579562,simplex,20,564,9
210,33,3,0.5926764514297247,718,1133,0.43439266085624695,0.004133322276175022,6.559505174951628e-05,7,0.019505648501217367,7,5,0.00589918464794755,5886,9620,0.34368704818189144,0.9125403761863708,178,161,0.6290342947962694,0.8620579806969502,True,RobustL1,magpie,0.7936842988431454,sobol,20,32,10
211,12,9,0.4438921371474862,646,3404,0.1461152182891965,0.052237712778151035,3.1692319743335245e-06,11,0.045164169277995825,1,3,0.0021484887296333906,3762,4003,0.26123819034546614,0.8842814853414893,63,144,0.6765163087551482,0.9252957461066544,False,RobustL2,magpie,0.6713856171630322,sobol,20,122,11
212,166,1,0.04565368685871363,147,1166,0.14844017941504717,0.031801686622202396,6.566655533388258e-07,6,0.001805106457322836,2,2,0.0006625277456827462,2696,2567,0.1601886171847582,0.08922775089740753,39,38,0.502119693167787,0.5250685075317509,True,RobustL1,magpie,0.8771022491995245,simplex,20,284,12
213,22,8,0.278741966933012,128,3596,0.6194054987281561,0.3838119124993682,6.0163266662415124e-05,15,0.054414071980863815,6,5,0.005337498722597957,8454,5730,0.3012149715796113,0.5595242297276855,116,86,0.6492695214245469,0.7770332169428468,False,RobustL1,onehot,0.04746585450135172,sobol,20,641,13
214,120,1,0.0,100,1024,0.0,0.0,1e-07,5,0.0,1,2,0.0001,7020,2500,0.0,0.0,121,32,0.5,0.5,False,RobustL1,mat2vec,0.28460089278407397,simplex,2,920,14
215,64,5,0.8990712072700262,845,3883,0.9986523166298866,0.18693795148283243,3.7849698195792735e-05,13,0.05660252794623375,7,2,0.0038299048028886317,3225,7586,0.40874936524778605,0.7155260154977441,167,253,0.5679852309285663,0.9730710545017385,False,RobustL2,onehot,0.8760940080042928,sobol,20,172,15
216,46,2,0.5825315387919545,554,2245,0.8073832085356116,0.6438126536086202,7.728942893417553e-05,8,0.07373035270720721,6,4,0.0029480026718229054,5021,8780,0.2458020057529211,0.6536572342738509,127,255,0.5897065604191274,0.8544093844847753,True,RobustL1,magpie,0.043617144068703054,sobol,20,111,16
217,55,4,0.42885989882051945,893,2623,0.9133359910920262,0.19178321212530136,2.735765353105962e-05,10,0.08323814906179905,7,5,0.0028955045913346108,7027,8409,0.21977834403514862,0.1451270692050457,244,303,0.5436230461562053,0.8944929720206186,False,RobustL2,onehot,0.6918713482655585,sobol,20,823,17
218,83,3,0.9117138674482703,262,1821,0.6164557412266731,0.11391863506287336,9.265957103595138e-05,9,0.04726882632821799,10,4,0.0027256081724539396,4555,7113,0.8702862057834864,0.8033045344054699,99,231,0.5926367760862223,0.9060267954761163,False,RobustL2,magpie,0.39490404751151803,sobol,20,592,18
219,194,1,0.000618932768702507,107,1186,0.010168713517487049,0.08956589177250862,1.3742389243096114e-06,6,0.010114071518182756,1,2,0.0005168973942287266,2868,2582,0.042066529393196106,0.058574977330863476,45,82,0.5035602560154162,0.5824252597702667,True,RobustL1,mat2vec,0.7835444143600762,simplex,20,681,19
220,191,1,0.06159280240535736,105,1035,0.09729441069066525,0.015604653395712376,6.429052177630365e-06,6,0.0016022149473428728,2,2,0.00034293485945090653,3168,3244,0.1520960321649909,0.03079740423709154,57,41,0.5027706798929721,0.5170580214681104,False,RobustL2,magpie,0.6607047483045608,simplex,20,322,0
221,171,2,0.04431283101439476,127,1528,0.013804318383336067,0.06836886052042246,4.954941558651627e-07,5,0.006477340776473284,1,3,0.00030466395085677504,2830,2509,0.0653129555284977,0.015292590484023094,42,65,0.5146286323635839,0.52038971052235,False,RobustL2,mat2vec,0.5068759958259761,simplex,20,939,1
222,20,2,0.7977448934689164,995,3797,0.394124967046082,0.19039408210664988,5.74480535835959e-05,17,0.029293039534240964,2,9,0.0027330239478498696,9391,4995,0.5611788341775537,0.24019425362348557,36,61,0.624047207400389,0.7425475980904885,False,RobustL1,magpie,0.13354003173299134,sobol,20,622,2
223,9,9,0.07648606039583683,771,2801,0.9656978501006961,0.37891934532672167,1.3085016208607704e-05,13,0.010051890090107918,4,9,0.00440739023257047,2884,9794,0.13729895371943712,0.13019466586411,50,172,0.6176730230038054,0.728817438240815,True,RobustL1,onehot,0.3835170909855515,sobol,20,629,3
224,142,1,0.0,100,1024,0.0,0.0,2.6721088582091034e-05,5,0.0,1,2,0.0032276215956546363,4026,2500,0.0,0.0,32,32,0.5,0.5,True,RobustL1,magpie,0.8726155368797481,simplex,3,834,4
225,39,3,0.356209478341043,372,2816,0.320907024666667,0.3672900404781103,8.592482203198598e-05,13,0.017878629453480243,2,3,0.004592049374338239,6094,6858,0.21776639856398106,0.283137533813715,187,374,0.5005104084207677,0.8086569273566827,False,RobustL1,mat2vec,0.08306567179970442,sobol,20,225,5
226,124,1,0.0,100,1024,0.0,0.255299961194396,1e-07,5,0.0,1,3,0.0001,2500,2500,0.0,0.0,32,343,0.5,0.5,False,RobustL1,magpie,0.7262745421845466,simplex,3,693,6
227,197,1,0.03312140144407749,149,1156,0.1456265700981021,0.043853944167494774,5.574031340889633e-07,8,0.013057361729443074,1,2,0.00025925756227225067,2875,3009,0.030520240776240826,0.027164559811353683,36,41,0.5082431165036745,0.5151379327321425,True,RobustL2,mat2vec,0.7314244567509741,simplex,20,557,7
228,35,4,0.0644236421212554,112,2168,0.8090830296278,0.21082706563174725,4.429221688983962e-05,9,0.03978707557544112,2,4,0.0045670673505403105,4262,3422,0.7218224927783012,0.11266758944839239,115,288,0.5661120481842198,0.714893798508402,False,RobustL2,magpie,0.2723264487832785,sobol,20,502,8
229,6,4,0.6995810111984611,1002,2006,0.8889444908127189,0.568418244831264,7.660237472224981e-05,18,0.046633191592991355,8,9,0.0018188472110778093,5550,7385,0.39923734311014414,0.29015643522143364,119,102,0.7029615795368329,0.9143130720100365,False,RobustL1,mat2vec,0.18938340608030557,sobol,20,771,9
230,183,1,0.017842604778707027,176,1206,0.08809320442378521,0.050281123258173466,6.193052295967936e-06,5,0.0007234697230160237,1,3,0.0009310938344337047,3002,2503,0.004977005533874035,0.006020432338118553,41,77,0.5052279039207845,0.5355762769695371,False,RobustL2,onehot,0.8635059056431055,simplex,20,275,10
231,106,1,0.0,100,1024,0.0,0.0,0.0001,5,0.0,1,2,0.0001,2500,2500,0.0,0.0,32,32,0.5,0.5,True,RobustL1,mat2vec,0.7529457574058324,simplex,1,711,11
232,192,1,0.038356442004442215,115,1507,0.06862720474600792,0.02707194071263075,4.478321866318584e-06,5,0.004035465978085995,1,2,0.0002490242331288755,2672,2590,0.0688448715955019,0.06836128048598766,59,46,0.5087101893750019,0.5934273164003157,False,RobustL1,mat2vec,0.6019519338104874,simplex,20,804,12
233,194,1,0.000618932768702507,107,1186,0.010168713517487049,0.08956589177250862,1.3742389243096114e-06,6,0.010114071518182756,1,2,0.0005168973942287266,2868,2582,0.042066529393196106,0.058574977330863476,45,82,0.5035602560154162,0.5824252597702667,True,RobustL1,mat2vec,0.7835444143600762,simplex,20,342,13
234,114,1,0.0,100,1024,0.0,0.0,1e-07,5,0.0,1,2,0.0001,2500,2500,1.0,0.0,32,32,0.5,0.5,True,RobustL1,magpie,0.7096366852521896,simplex,1,239,14
235,80,6,0.3581914883106947,730,3514,0.7427556812763214,0.07119677308946848,9.593323387941347e-05,8,0.06621817853301763,6,10,0.003304431421868503,8846,8475,0.6481041563674808,0.4070079978555441,198,154,0.6390262882780284,0.6713279162069783,False,RobustL1,mat2vec,0.42381653100252153,sobol,20,655,15
236,52,8,0.6854947097599506,755,1249,0.18418026622384787,0.6787736807018518,5.241395167689771e-05,18,0.08199725979939104,1,7,0.0025715345888398587,8873,5203,0.11168756522238255,0.5507960608229041,188,299,0.5856607503389009,0.8903439222020098,False,RobustL1,magpie,0.21577977031469345,sobol,20,248,16
237,80,6,0.3581914883106947,730,3514,0.7427556812763214,0.07119677308946848,9.593323387941347e-05,8,0.06621817853301763,6,10,0.003304431421868503,8846,8475,0.6481041563674808,0.4070079978555441,198,154,0.6390262882780284,0.6713279162069783,False,RobustL1,mat2vec,0.42381653100252153,sobol,20,935,17
238,41,9,0.2725038295611739,855,3263,0.2464243257418275,0.779777112416923,9.841807222208009e-05,15,0.0023866304196417335,8,4,0.002391921665519476,9495,4709,0.14079774264246225,0.7576723843812943,182,121,0.5694785519595258,0.753442361280229,False,RobustL1,mat2vec,0.7975634282082319,sobol,20,84,18
239,94,2,0.7504722513258457,369,3642,0.8223701938986778,0.10363902058452368,3.814042062060908e-05,12,0.03563444390892983,6,7,0.0034375276327133176,3633,8988,0.18938100896775723,0.352494427934289,163,104,0.7046635277104564,0.7872274341428652,True,RobustL2,mat2vec,0.9735055413469672,sobol,20,684,19
240,198,1,0.03701962996274233,108,1054,0.04389323480427265,0.0424199802801013,6.0449105627834796e-06,5,0.006874079164117575,4,3,0.0003267675220035017,2835,2786,0.03613493591547012,0.04436559975147247,33,79,0.5093039852424525,0.5112943538192659,True,RobustL1,magpie,0.014341408256441354,simplex,20,449,0
241,59,1,0.33006435446441174,713,1708,0.18874078802764416,0.42560337111353874,3.381041546063498e-05,10,0.0766141962260008,5,3,0.0005338829518295824,3560,7310,0.5071920240297914,0.1990104103460908,123,353,0.5271157606224529,0.8197600625577383,False,RobustL1,onehot,0.6851677889376879,sobol,20,367,1
242,127,5,0.0,100,1024,0.0,0.0,1e-07,5,0.0,1,2,0.0001,2500,2500,0.0,0.5446923766285181,32,32,0.5,0.5,False,RobustL2,onehot,0.020217364616692067,simplex,3,556,2
243,94,2,0.7504722513258457,369,3642,0.8223701938986778,0.10363902058452368,3.814042062060908e-05,12,0.03563444390892983,6,7,0.0034375276327133176,3633,8988,0.18938100896775723,0.352494427934289,163,104,0.7046635277104564,0.7872274341428652,True,RobustL2,mat2vec,0.9735055413469672,sobol,20,910,3
244,104,1,0.0,100,1024,1.0,0.0,1e-07,5,0.0,1,2,0.0001,2500,2500,0.0,0.0,32,32,0.5,0.5,False,RobustL1,magpie,0.5708717943541706,simplex,1,145,4
245,187,1,0.0030549922958016396,114,1318,0.06377763580530882,0.015685866586863995,9.264201806671918e-06,5,0.006482466030865908,1,3,0.0001331150248646736,3951,2736,0.012808113358914852,0.025810585357248783,53,34,0.5181578256716952,0.5218975731090643,False,RobustL2,mat2vec,0.34437185269780457,simplex,20,827,5
246,55,4,0.42885989882051945,893,2623,0.9133359910920262,0.19178321212530136,2.735765353105962e-05,10,0.08323814906179905,7,5,0.0028955045913346108,7027,8409,0.21977834403514862,0.1451270692050457,244,303,0.5436230461562053,0.8944929720206186,False,RobustL2,onehot,0.6918713482655585,sobol,20,417,6
247,74,4,0.5161129655316472,911,3286,0.17955937050282955,0.26374070066958666,2.74766171711497e-05,11,0.09795280126854777,9,8,0.0016629257306456566,4337,5492,0.03670190926641226,0.45349907502532005,184,41,0.6346699656545185,0.6848139917088673,True,RobustL1,magpie,0.08888243239372969,sobol,20,855,7
248,78,8,0.000774935819208622,974,1426,0.7107577743008733,0.13883546832948923,7.530063817752526e-05,17,0.08226162539795041,1,6,0.00015951829049736261,4379,5717,0.4910975806415081,0.7375610452145338,59,52,0.6144823298686184,0.7868111417213455,True,RobustL1,onehot,0.7460587089974433,sobol,20,757,8
249,76,5,0.04919222462922335,715,1870,0.9358591791242361,0.27148912847042084,1.1515264740120621e-05,16,0.02776286080479622,2,9,0.004008648404385895,3893,7971,0.31346226669847965,0.9838046859949827,146,430,0.583187788245175,0.852334796490986,False,RobustL2,mat2vec,0.13913555710576475,sobol,20,106,9
250,8,7,0.6792903831228614,461,2537,0.5571671649813652,0.031648335978388786,8.910778103228659e-05,19,0.03622043812647462,2,8,0.005517314162384719,9884,6048,0.4589949194341898,0.7648136541247368,137,386,0.6332249133331701,0.8982528333989903,False,RobustL1,magpie,0.9656942200567573,sobol,20,220,10
251,134,1,0.0,100,1024,0.0,0.0,5.761162909027189e-06,7,0.0,4,2,0.0001,2500,2500,0.4679363677278161,0.0,32,32,0.5,0.5,True,RobustL1,mat2vec,0.6750418295618147,simplex,4,290,11
252,37,5,0.28674091678112745,595,3682,0.3963301796466112,0.6311882976442575,1.4938724575843662e-05,15,0.05765425898134709,7,9,0.004720838802400976,6282,7072,0.0373048922047019,0.5272904634475708,80,485,0.600910357973259,0.8266543964575976,True,RobustL2,magpie,0.3371097705326975,sobol,20,85,12
253,54,2,0.6935853995382786,271,1756,0.2581355720758438,0.20455729868263006,6.490714008901269e-05,17,0.0977315129712224,6,8,0.004770569260418415,4774,6364,0.05913291219621897,0.01778570841997862,180,76,0.5157101499811746,0.9222553476832807,False,RobustL1,onehot,0.9244371230434626,sobol,20,790,13
254,163,2,0.014785434119403362,118,1172,0.08569248393177986,0.09810286853462458,7.036194247566163e-06,5,0.003314047120511532,1,2,0.000450591972284019,2691,3567,0.05574304424226284,0.07340896967798471,36,56,0.5043047106689773,0.5539775324001909,False,RobustL2,onehot,0.4170470111258328,simplex,20,520,14
255,102,1,0.0,1024,1024,0.0,0.0,1e-07,5,0.0,1,2,0.0001,2500,2500,0.0,0.0,32,32,0.5,0.5,True,RobustL1,onehot,0.2995463554561138,simplex,1,274,15
256,157,4,0.0,100,1024,0.0,0.0,1e-07,5,0.0,1,2,0.0001,2500,2500,0.0,0.0,160,56,0.5,0.5,True,RobustL2,mat2vec,0.7006294763460755,simplex,3,742,16
257,69,9,0.060506515204906464,160,2718,0.8418520810082555,0.06824250798672438,3.023372651236132e-05,5,0.023223757278174162,4,4,0.0049555658765137196,3400,5232,0.7961472263559699,0.77479790430516,209,75,0.6074030103770085,0.8423370807110332,True,RobustL1,mat2vec,0.01833743365481496,sobol,20,73,17
258,118,1,0.0,100,1024,0.0,0.0,1e-07,5,0.0,1,2,0.0001,2500,2500,0.0,0.0,32,32,0.5,0.9999,True,RobustL1,onehot,0.6165130375232547,simplex,1,38,18
259,159,1,0.0,100,1024,0.0,0.0,1e-07,13,0.0,1,2,0.0001,2500,2500,0.0,0.0,32,32,0.5,0.7412002219680697,False,RobustL2,mat2vec,0.8898352407198399,simplex,2,683,19
260,124,1,0.0,100,1024,0.0,0.255299961194396,1e-07,5,0.0,1,3,0.0001,2500,2500,0.0,0.0,32,343,0.5,0.5,False,RobustL1,magpie,0.7262745421845466,simplex,3,752,0
261,154,1,0.5354494703933597,100,1024,0.0,0.1158412266522646,1e-07,10,0.0,1,2,0.0001,2500,2500,0.0,0.0,32,32,0.5,0.5,True,RobustL1,onehot,0.9659222385007888,simplex,3,799,1
262,9,9,0.07648606039583683,771,2801,0.9656978501006961,0.37891934532672167,1.3085016208607704e-05,13,0.010051890090107918,4,9,0.00440739023257047,2884,9794,0.13729895371943712,0.13019466586411,50,172,0.6176730230038054,0.728817438240815,True,RobustL1,onehot,0.3835170909855515,sobol,20,588,2
263,113,1,0.0,100,1024,0.0,0.0,1e-07,5,0.0,1,2,0.0001,2500,10000,0.0,0.0,32,32,0.5,0.5,True,RobustL2,mat2vec,0.06983908810652792,simplex,1,641,3
264,153,1,0.0,100,1024,0.44448370672762394,0.0,1e-07,5,0.0,1,6,0.0001,2500,2500,0.0,0.0,32,32,0.5,0.5,True,RobustL2,mat2vec,0.3063788245990872,simplex,2,188,4
265,1,2,0.6298969192430377,315,1325,0.8310975311324,0.4299458032473922,2.2689087740145623e-05,20,0.07860906459391118,3,3,0.0015752735203132034,6826,7611,0.34385984763503075,0.5185623541474342,233,216,0.6640307648247108,0.9637449822404422,True,RobustL2,magpie,0.4124309095460922,sobol,20,344,5
266,138,1,0.0,100,1024,0.0,0.0,2.099492116831243e-06,5,0.0,1,2,0.0001,2500,2500,0.0,0.0,32,502,0.5,0.5,True,RobustL1,onehot,0.13850164709612728,simplex,2,138,6
267,62,3,0.49851335398852825,194,3491,0.8691930929198861,0.8068162389099598,7.197848966866732e-05,12,0.0419102655723691,3,7,0.0027702381233684716,5349,8168,0.025150124914944172,0.9204138293862343,134,436,0.5736634495949373,0.9751457616809756,True,RobustL1,mat2vec,0.9618160200770944,sobol,20,559,7
268,38,6,0.3421267597004771,169,3931,0.032329161651432514,0.21893782820552588,2.481415771972388e-06,13,0.07197362175211311,3,8,0.0025405943246558306,3115,4483,0.102417703717947,0.06033139303326607,71,228,0.532183922522422,0.8605104544968345,True,RobustL2,onehot,0.5585037405882031,sobol,20,678,8
269,92,2,0.4539119713008404,279,3204,0.22998446878045797,0.22708910889923573,8.941269601741806e-05,11,0.0656684972345829,1,9,0.002119161833077669,6479,5095,0.4445867510512471,0.7402354059740901,152,254,0.7915114875528031,0.8507751608631573,True,RobustL1,mat2vec,0.012065145121887326,sobol,20,21,9
270,150,7,0.0,100,1024,0.0,0.0,1e-07,5,0.027891450840979815,1,2,0.0001,2500,2500,0.0,0.0,32,32,0.5,0.5,True,RobustL1,magpie,0.4970691632479429,simplex,2,172,10
271,189,2,0.006398160010576248,102,1024,0.009749792516231537,0.046913422644138336,2.456931688822806e-06,7,0.002477475255727768,1,2,0.0012389816854149103,3440,3119,0.006411774083971977,0.0646904818713665,41,33,0.5165963557053357,0.5299470393320546,True,RobustL2,mat2vec,0.9742326286993921,simplex,20,562,11
272,173,1,0.0018336297944188118,158,1153,0.12805557064712048,0.018836735747754574,1.329344941303134e-06,6,0.026862287335097792,2,2,0.0001558927479200065,2613,3074,0.018200532533228397,0.03079654835164547,38,35,0.507495874028001,0.5333064799728804,True,RobustL2,magpie,0.1931600255239755,simplex,20,575,12
273,91,2,0.6334313442930579,463,2661,0.003279542550444603,0.4642295194789767,2.814842766672373e-05,13,0.01918365238234401,9,5,0.002746720404177904,2519,3167,0.31930170208215714,0.5977958654984832,174,195,0.5291176655125804,0.6248609902734868,False,RobustL1,onehot,0.2061149115022272,sobol,20,856,13
274,178,2,0.008753186091780663,121,1034,0.008006442338228226,0.0664930958300829,1.169327026475221e-05,5,0.0033929457888007167,3,2,0.0002025924263522029,3101,2849,0.09773548133671284,0.018202535808086395,61,61,0.5039378085107542,0.50933264748035,True,RobustL1,mat2vec,0.12621964999474586,simplex,20,734,14
275,40,4,0.38486197870224714,306,1517,0.5455287517979741,0.015294762328267097,7.827731827255338e-05,14,0.023809655942022803,9,5,0.0040050371977500615,8245,9805,0.5553547767922282,0.3737625489011407,64,295,0.5546068771896884,0.9836294493551366,False,RobustL2,magpie,0.056904038237407806,sobol,20,78,15
276,129,1,0.0,100,1024,0.0,0.0,1e-07,5,0.0,1,5,0.0001,7383,2500,0.0,0.0,32,32,0.5,0.5,True,RobustL2,magpie,0.8509268343634904,simplex,2,95,16
277,5,1,0.8573884153738618,529,2633,0.6257636370137334,0.7047752747312188,6.347130839303136e-05,12,0.06694909520447255,1,4,0.0015335989602841436,3391,5576,0.06639788579195738,0.5480979550629854,64,486,0.7581668277322315,0.9503871898535639,False,RobustL1,magpie,0.5510904728621244,sobol,20,383,17
278,149,1,0.0,100,1024,0.0,0.0,1e-07,8,0.060320984199643136,1,2,0.0001,2500,2500,0.0,0.1254375521093607,32,32,0.5,0.5,True,RobustL2,onehot,0.7771730098221451,simplex,4,73,18
279,43,6,0.5996988201513886,236,1058,0.5813124962151051,0.7611399032175541,9.553718444425613e-06,8,0.016106779780238868,6,9,0.004908012789208442,4188,2535,0.07585735619068146,0.8764080917462707,243,348,0.6206573414150626,0.788885756718088,False,RobustL2,mat2vec,0.5958860601205379,sobol,20,164,19
280,133,1,0.0,574,1024,0.0,0.0,1e-07,9,0.0,1,2,0.0001,2500,2500,0.0,0.0,77,32,0.5,0.5,True,RobustL2,onehot,0.07350457960739731,simplex,3,261,0
281,18,3,0.763527974486351,177,1928,0.025680136866867542,0.00902207475155592,1.2383012749161573e-05,6,0.06370915165171027,5,9,0.003834012464992702,7823,5482,0.2256120014935732,0.2810777323320508,217,68,0.5979295620506629,0.628103642211482,False,RobustL1,mat2vec,0.6422914757020771,sobol,20,380,1
282,191,1,0.06159280240535736,105,1035,0.09729441069066525,0.015604653395712376,6.429052177630365e-06,6,0.0016022149473428728,2,2,0.00034293485945090653,3168,3244,0.1520960321649909,0.03079740423709154,57,41,0.5027706798929721,0.5170580214681104,False,RobustL2,magpie,0.6607047483045608,simplex,20,742,2
283,29,6,0.6354128625243902,567,3548,0.9251274690032005,0.23011714592576027,4.1309931745752696e-05,8,0.07084424709901214,5,6,0.0014646109369583428,7263,4666,0.7652654135599732,0.7236819760873914,185,333,0.6437221139082685,0.9810866650740616,False,RobustL1,onehot,0.3012997480109334,sobol,20,13,3
284,20,2,0.7977448934689164,995,3797,0.394124967046082,0.19039408210664988,5.74480535835959e-05,17,0.029293039534240964,2,9,0.0027330239478498696,9391,4995,0.5611788341775537,0.24019425362348557,36,61,0.624047207400389,0.7425475980904885,False,RobustL1,magpie,0.13354003173299134,sobol,20,516,4
285,135,1,0.7317948080599308,100,1024,0.0,0.0,1e-07,5,0.0,1,2,0.0001,2500,2500,0.0,0.0,92,32,0.5,0.5,False,RobustL2,onehot,0.2632824618462473,simplex,2,827,5
286,25,6,0.08799809031188488,1005,3302,0.018367654643952847,0.10257531050592661,9.229257932305336e-05,5,0.027529325243085625,9,10,0.005918724909890444,2616,8480,0.5088390577584505,0.37106673046946526,189,483,0.8517216083131731,0.9196806971242651,False,RobustL2,magpie,0.7021944609005004,sobol,20,774,6
287,104,1,0.0,100,1024,1.0,0.0,1e-07,5,0.0,1,2,0.0001,2500,2500,0.0,0.0,32,32,0.5,0.5,False,RobustL1,magpie,0.5708717943541706,simplex,1,496,7
288,158,1,0.04295612219721079,100,1024,0.0,0.0,1e-07,5,0.0,1,2,0.0001,2500,2500,0.0,0.6212851805612445,32,144,0.5,0.5516757229371928,True,RobustL1,onehot,0.044894718946889046,simplex,4,325,8
289,158,1,0.04295612219721079,100,1024,0.0,0.0,1e-07,5,0.0,1,2,0.0001,2500,2500,0.0,0.6212851805612445,32,144,0.5,0.5516757229371928,True,RobustL1,onehot,0.044894718946889046,simplex,4,435,9
290,165,2,0.02696986962109804,170,1090,0.023094809614121914,0.07243941817432642,1.361085669025779e-05,5,0.002501591295003891,2,2,0.0015151606866158544,2815,2814,0.019238083623349667,0.017426802776753902,34,32,0.5005631856923923,0.5083536977862939,True,RobustL2,onehot,0.3645100720226765,simplex,20,564,10
291,61,7,0.3470772001892328,972,2153,0.414812077768147,0.04294781852513552,5.457252050833777e-05,9,0.031893447134643794,5,6,0.00438366856276989,4715,5877,0.673108353279531,0.4608161384239793,251,250,0.5583034748393111,0.7600941527940333,True,RobustL2,magpie,0.20202461710199715,sobol,20,601,11
292,111,1,0.0,100,1024,0.0,0.0,1e-07,5,0.0,1,2,0.006,2500,2500,0.0,0.0,32,32,0.5,0.5,False,RobustL2,onehot,0.8324842750560493,simplex,1,952,12
293,31,9,0.11271694581955671,430,1700,0.5830135298892856,0.32791449781507254,6.752903762338684e-05,9,0.09389425609260799,2,9,0.0025629672840237613,4947,8362,0.5832344274967909,0.3588501950725913,202,194,0.5974117967219092,0.6415897251624614,True,RobustL1,magpie,0.864231189545244,sobol,20,850,13
294,151,1,0.0,100,1024,0.0,0.0,5.373524979073555e-05,5,0.0,1,2,0.0022218822773545977,2500,2500,0.0,0.0,32,32,0.5,0.5517244274185971,False,RobustL2,magpie,0.5957030514068902,simplex,3,730,14
295,65,8,0.9162074346095324,642,2671,0.6475812522694468,0.28835850954055786,7.396425330433994e-05,13,0.0021047224290668964,7,7,0.00035012956792488694,5989,6102,0.2700852444395423,0.9380935290828347,38,353,0.5994146830297076,0.9155423595633359,True,RobustL1,mat2vec,0.26047157620079814,sobol,20,291,15
296,93,5,0.493890599347651,621,1602,0.668268377892673,0.4514593742787838,6.416517130117864e-05,7,0.011809669900685549,10,8,0.004553394280094654,8820,5212,0.40182404313236475,0.7212477177381516,250,422,0.532618312974833,0.5894039425150491,False,RobustL2,onehot,0.4375817119888961,sobol,20,605,16
297,11,6,0.8118212260305882,378,1556,0.36307848058640957,0.39168847538530827,7.602126230141149e-05,7,0.021332146413624287,5,6,0.00030830100504681467,8887,7734,0.07919641211628914,0.0038894759491086006,101,418,0.5666355269653722,0.7012856324135326,True,RobustL2,onehot,0.24471172664314508,sobol,20,267,17
298,21,1,0.2968554422259331,445,3152,0.7693036170676351,0.016777528449892998,2.6682031408604233e-05,16,0.012024878337979317,6,8,0.0017662590158171953,7321,7930,0.37737934198230505,0.7820840841159225,254,399,0.680211236877367,0.834532312920224,True,RobustL2,magpie,0.5920298851002008,sobol,20,465,18
299,0,5,0.12184923700988293,914,3941,0.6771196275949478,0.027499008923768997,9.871065291734413e-05,13,0.05478483969345689,4,6,0.0005127703464590013,5391,3895,0.05715204309672117,0.3998739290982485,152,310,0.5868590743509121,0.663324823831208,False,RobustL2,mat2vec,0.9986561095993965,sobol,20,49,19
300,100,10,0.0,100,1024,0.0,0.0,1e-07,5,0.0,1,2,0.0001,2500,2500,0.0,0.0,32,32,0.5,0.5,False,RobustL1,magpie,0.11747237212024629,simplex,1,268,0
301,169,1,0.012271878309547901,121,1111,0.06013293284922838,0.01331354584544897,5.492827722802758e-07,6,0.004123218450695277,1,2,0.0002202269971370697,2572,3763,0.07464071083813906,0.010385771282017231,66,60,0.5178660066209734,0.5898537199949846,True,RobustL2,mat2vec,0.8198317380715161,simplex,20,266,1
302,49,7,0.7389491647481918,530,2105,0.09554120432585478,0.3216425534337759,4.8450665439106526e-05,16,0.04363557538017631,6,5,0.0023509297029115257,3502,4977,0.13532780017703772,0.26379072200506926,78,410,0.547248753605131,0.9973595719593578,True,RobustL2,mat2vec,0.45576852434314785,sobol,20,647,2
303,193,1,0.0002664858475327492,164,1063,0.11253657937049866,0.06848270818591118,6.334811079967767e-06,6,0.0012099351733922958,1,3,0.0002389720566570759,3242,3111,0.020330706611275673,0.030270990915596485,40,40,0.51317635675231,0.5521809989346191,True,RobustL2,onehot,0.4569717705156654,simplex,20,66,3
304,89,8,0.010431582108139992,232,1956,0.0798459816724062,0.5247306199744344,6.358110619066283e-05,18,0.03741177814081311,3,5,0.0031110595827922223,5478,4625,0.08080558106303215,0.9457230204716325,219,139,0.6665018832685425,0.8104177382432856,True,RobustL1,mat2vec,0.4905383589677513,sobol,20,283,4
305,128,2,0.0,100,1024,0.0,0.0,1e-07,9,0.017077957652509215,1,2,0.0001,2500,2500,0.0,0.0,32,32,0.5,0.7322793895402924,False,RobustL1,onehot,0.21092835627496243,simplex,4,41,5
306,47,7,0.696843528188765,640,3979,0.47660481464117765,0.37752946838736534,9.625947659537196e-05,5,0.05246593812480569,9,5,0.004192384556587786,6153,5441,0.5812382958829403,0.2228719498962164,230,433,0.5421210958194919,0.8810068667223677,True,RobustL2,onehot,0.8113317735306919,sobol,20,193,6
307,184,1,0.059855482541024685,115,1135,0.10906699299812317,0.023031058721244335,1.7208922121860086e-05,5,0.004578961711376906,1,2,0.00025920069105923177,3312,2556,0.014961356297135353,0.044940182007849216,39,97,0.521626597544644,0.5254422945118509,False,RobustL1,magpie,0.9299836242571473,simplex,20,552,7
308,47,7,0.696843528188765,640,3979,0.47660481464117765,0.37752946838736534,9.625947659537196e-05,5,0.05246593812480569,9,5,0.004192384556587786,6153,5441,0.5812382958829403,0.2228719498962164,230,433,0.5421210958194919,0.8810068667223677,True,RobustL2,onehot,0.8113317735306919,sobol,20,262,8
309,175,1,0.014726570807397366,108,1218,0.03381260950118303,0.12421179004013538,1.0324957752600312e-07,6,0.0003066734410822392,1,2,0.0001019450998865068,2781,3049,0.22871835343539715,0.05687766056507826,75,35,0.5022962277663872,0.514391999434121,False,RobustL2,mat2vec,0.4983799820952117,simplex,20,183,9
310,84,3,0.8156862063333392,442,4075,0.2668643547222018,0.2530082678422332,9.943203698480502e-05,10,0.040705944411456585,3,6,0.0007096752395853401,9783,9559,0.403795319609344,0.8532720291987062,222,188,0.6030425116071477,0.82482354270434,False,RobustL1,mat2vec,0.49442387601360677,sobol,20,746,10
311,34,9,0.8794185519218445,787,3917,0.2564211981371045,0.7401254381984472,8.815862183487044e-05,15,0.07742552598938346,6,9,0.0011740560030564667,6774,9153,0.19732836540788412,0.6485410425812006,252,51,0.7540428347917274,0.7894919664948248,True,RobustL1,magpie,0.7154642683919519,sobol,20,74,11
312,152,4,0.0,100,1024,0.0,0.0,1e-07,5,0.013447346072643996,1,2,0.0001,2500,2500,0.0,0.4169645318761468,32,32,0.5,0.5478187356614508,False,RobustL1,onehot,0.6525125578604639,simplex,4,131,12
313,24,2,0.905647792853415,360,1259,0.5399093050509691,0.5732802907004952,4.8743436306342486e-05,19,0.08968326142057777,5,5,0.0005422195518389344,7604,3919,0.03146372456103563,0.891345732845366,53,248,0.5466036670251749,0.5875732964051887,True,RobustL1,mat2vec,0.28561145467683674,sobol,20,916,13
314,103,1,0.0,100,4096,0.0,0.0,1e-07,5,0.0,1,2,0.0001,2500,2500,0.0,0.0,32,32,0.5,0.5,False,RobustL2,mat2vec,0.630106207523495,simplex,1,968,14
315,139,1,0.0,100,1024,0.5702673317864537,0.0,1e-07,5,0.0,1,2,0.0001,4832,3391,0.0,0.0,32,32,0.5,0.5,False,RobustL2,mat2vec,0.7978814956173301,simplex,3,148,15
316,113,1,0.0,100,1024,0.0,0.0,1e-07,5,0.0,1,2,0.0001,2500,10000,0.0,0.0,32,32,0.5,0.5,True,RobustL2,mat2vec,0.06983908810652792,simplex,1,813,16
317,74,4,0.5161129655316472,911,3286,0.17955937050282955,0.26374070066958666,2.74766171711497e-05,11,0.09795280126854777,9,8,0.0016629257306456566,4337,5492,0.03670190926641226,0.45349907502532005,184,41,0.6346699656545185,0.6848139917088673,True,RobustL1,magpie,0.08888243239372969,sobol,20,94,17
318,71,6,0.21404273435473442,457,1618,0.05472838692367077,0.29914406593889,3.698297529183328e-05,6,0.016511528473347425,6,2,0.004368555062636733,7189,3925,0.4463576730340719,0.8185493554919958,113,115,0.5872962861463428,0.8885131606312469,True,RobustL2,mat2vec,0.12172291174530982,sobol,20,460,18
319,90,4,0.11074639298021793,788,2205,0.4736874746158719,0.12422940880060196,5.109999648993835e-05,19,0.045359448902308946,7,2,0.0009121135313995182,9581,6928,0.027762859128415585,0.4827807964757085,212,334,0.7315397786578164,0.7522592906776815,True,RobustL1,mat2vec,0.6481083782855421,sobol,20,970,19
320,65,8,0.9162074346095324,642,2671,0.6475812522694468,0.28835850954055786,7.396425330433994e-05,13,0.0021047224290668964,7,7,0.00035012956792488694,5989,6102,0.2700852444395423,0.9380935290828347,38,353,0.5994146830297076,0.9155423595633359,True,RobustL1,mat2vec,0.26047157620079814,sobol,20,469,0
321,178,2,0.008753186091780663,121,1034,0.008006442338228226,0.0664930958300829,1.169327026475221e-05,5,0.0033929457888007167,3,2,0.0002025924263522029,3101,2849,0.09773548133671284,0.018202535808086395,61,61,0.5039378085107542,0.50933264748035,True,RobustL1,mat2vec,0.12621964999474586,simplex,20,666,1
322,199,1,0.03306042496114969,216,1315,0.0582095542922616,0.0626650108024478,1.7232155644334852e-06,6,0.000238659605383873,1,2,0.0001477300419472158,2606,2957,0.0012857262045145035,0.0033740969374775887,61,86,0.501063574155327,0.5698503733108752,False,RobustL2,magpie,0.9211116999387741,simplex,20,911,2
323,131,1,0.0,100,1024,0.0,0.0,1e-07,8,0.0,1,2,0.0001,2500,2500,0.12917031813412905,0.0,44,32,0.5,0.8088181303303689,False,RobustL2,mat2vec,0.5374895542953163,simplex,4,725,3
324,162,2,0.022860473953187466,135,1114,0.025385109707713127,0.120734135620296,2.4135280065238475e-06,5,0.008069692458957434,1,2,0.0005963056249544025,2823,2571,0.05301721207797527,0.07607544586062431,58,56,0.5133574110865593,0.5175860381420702,True,RobustL1,mat2vec,0.5196089873462916,simplex,20,24,4
325,101,1,1.0,100,1024,0.0,0.0,1e-07,5,0.0,1,2,0.0001,2500,2500,0.0,0.0,32,32,0.5,0.5,True,RobustL2,magpie,0.9431526091042906,simplex,1,563,5
326,42,2,0.7451364817097783,843,2768,0.12650363147258759,0.026110772974789143,1.7121510189026592e-05,6,0.007745757326483727,8,10,0.0007132648186758161,3057,7745,0.7238089088350534,0.49225530587136745,144,53,0.5110730594982393,0.948299691654835,False,RobustL1,magpie,0.3194893144071102,sobol,20,120,6
327,60,8,0.10671931132674217,846,2527,0.7783342227339745,0.5524679189547896,1.5319709444418551e-06,17,0.013593074027448894,7,9,0.004074295257683843,6042,8877,0.36420676205307245,0.4169613178819418,185,449,0.9185744638900273,0.9517193479496986,False,RobustL2,onehot,0.8012117777112872,sobol,20,70,7
328,172,1,0.06090092193335295,138,1056,0.0085600595921278,0.07134904805570841,1.6933644936140627e-05,7,0.0011770207434892656,1,2,0.00014841011175885797,3520,3631,0.006041404791176319,0.0168049531057477,48,38,0.516744956680201,0.5258828295327723,False,RobustL1,magpie,0.775136149181053,simplex,20,818,8
329,183,1,0.017842604778707027,176,1206,0.08809320442378521,0.050281123258173466,6.193052295967936e-06,5,0.0007234697230160237,1,3,0.0009310938344337047,3002,2503,0.004977005533874035,0.006020432338118553,41,77,0.5052279039207845,0.5355762769695371,False,RobustL2,onehot,0.8635059056431055,simplex,20,841,9
330,45,8,0.5461815418675542,937,1912,0.6387323215603828,0.23939744383096695,8.978349861288444e-05,7,0.05914158159866929,2,3,0.00512511854050681,8187,2793,0.17712751496583223,0.1830362258478999,137,481,0.52762970456779,0.8332461008141749,True,RobustL1,onehot,0.8219085355475545,sobol,20,841,10
331,41,9,0.2725038295611739,855,3263,0.2464243257418275,0.779777112416923,9.841807222208009e-05,15,0.0023866304196417335,8,4,0.002391921665519476,9495,4709,0.14079774264246225,0.7576723843812943,182,121,0.5694785519595258,0.753442361280229,False,RobustL1,mat2vec,0.7975634282082319,sobol,20,418,11
332,133,1,0.0,574,1024,0.0,0.0,1e-07,9,0.0,1,2,0.0001,2500,2500,0.0,0.0,77,32,0.5,0.5,True,RobustL2,onehot,0.07350457960739731,simplex,3,427,12
333,59,1,0.33006435446441174,713,1708,0.18874078802764416,0.42560337111353874,3.381041546063498e-05,10,0.0766141962260008,5,3,0.0005338829518295824,3560,7310,0.5071920240297914,0.1990104103460908,123,353,0.5271157606224529,0.8197600625577383,False,RobustL1,onehot,0.6851677889376879,sobol,20,392,13
334,145,1,0.2213003160431981,100,2469,0.0,0.0,1e-07,5,0.0,1,2,0.0001,2500,2500,0.0,0.0,32,180,0.5,0.5,True,RobustL2,onehot,0.9318137187696993,simplex,3,845,14
335,28,4,0.2329041725024581,747,3086,0.13260176684707403,0.5919050481170416,6.231370052490384e-05,12,0.07917703026905656,3,10,0.003807332288753241,6049,6078,0.2477751262485981,0.7715710084885359,99,493,0.5185575801812112,0.6227861331813037,True,RobustL2,mat2vec,0.11591768733225762,sobol,20,135,15
336,160,1,0.06791279837489128,136,1118,0.03503403440117836,0.02109379693865776,2.78985470701009e-06,7,0.01898317253217101,1,2,0.00020775546981021762,3206,2562,0.1676233857870102,0.057847704738378525,36,36,0.5041506122653373,0.5275066339538432,False,RobustL1,magpie,0.8252818883862346,simplex,20,902,16
337,128,2,0.0,100,1024,0.0,0.0,1e-07,9,0.017077957652509215,1,2,0.0001,2500,2500,0.0,0.0,32,32,0.5,0.7322793895402924,False,RobustL1,onehot,0.21092835627496243,simplex,4,113,17
338,177,3,0.02088850550353527,100,1235,0.028259734623134136,0.12714676465839148,1.229211188852787e-07,5,0.004384166467934847,1,2,0.00011167203346267343,4132,2524,0.009593573398888111,0.0945998840034008,35,34,0.5195711118122562,0.5619446424099617,True,RobustL2,magpie,0.6504756972193718,simplex,20,318,18
339,21,1,0.2968554422259331,445,3152,0.7693036170676351,0.016777528449892998,2.6682031408604233e-05,16,0.012024878337979317,6,8,0.0017662590158171953,7321,7930,0.37737934198230505,0.7820840841159225,254,399,0.680211236877367,0.834532312920224,True,RobustL2,magpie,0.5920298851002008,sobol,20,522,19
340,52,8,0.6854947097599506,755,1249,0.18418026622384787,0.6787736807018518,5.241395167689771e-05,18,0.08199725979939104,1,7,0.0025715345888398587,8873,5203,0.11168756522238255,0.5507960608229041,188,299,0.5856607503389009,0.8903439222020098,False,RobustL1,magpie,0.21577977031469345,sobol,20,8,0
341,184,1,0.059855482541024685,115,1135,0.10906699299812317,0.023031058721244335,1.7208922121860086e-05,5,0.004578961711376906,1,2,0.00025920069105923177,3312,2556,0.014961356297135353,0.044940182007849216,39,97,0.521626597544644,0.5254422945118509,False,RobustL1,magpie,0.9299836242571473,simplex,20,568,1
342,136,1,0.0,100,1024,0.0,0.0,2.8401433146651834e-05,5,0.0,3,2,0.0001,2500,5841,0.0,0.0,32,32,0.5,0.5,False,RobustL1,magpie,0.4438441294897348,simplex,3,2,2
343,176,2,0.061803076416254044,123,1068,0.03583982214331627,0.004015243612229824,3.4781063324771822e-06,6,0.0006158937700092793,1,2,0.0008984121407382191,2601,2574,0.024831082671880722,0.0996715072542429,38,77,0.5115837314305827,0.5769159077949821,False,RobustL1,magpie,0.3158793287910521,simplex,20,518,3
344,19,2,0.08370283525437117,332,2447,0.23688266798853874,0.3075328264385462,7.357287938613445e-05,17,0.022694197669625285,7,5,0.0032185238225385542,3988,3778,0.10028237756341696,0.38863389287143946,249,126,0.831045717236027,0.9018578905723988,True,RobustL1,onehot,0.573623190112412,sobol,20,183,4
345,26,7,0.7523817839100957,734,2561,0.24421790800988674,0.3387354463338852,3.093075368115679e-05,18,0.08729427568614484,3,4,0.005105717346537858,6385,6317,0.6335282688960433,0.47837910801172256,167,425,0.5932427861342207,0.6771769774356857,True,RobustL2,magpie,0.5079459203686565,sobol,20,613,5
346,173,1,0.0018336297944188118,158,1153,0.12805557064712048,0.018836735747754574,1.329344941303134e-06,6,0.026862287335097792,2,2,0.0001558927479200065,2613,3074,0.018200532533228397,0.03079654835164547,38,35,0.507495874028001,0.5333064799728804,True,RobustL2,magpie,0.1931600255239755,simplex,20,508,6
347,64,5,0.8990712072700262,845,3883,0.9986523166298866,0.18693795148283243,3.7849698195792735e-05,13,0.05660252794623375,7,2,0.0038299048028886317,3225,7586,0.40874936524778605,0.7155260154977441,167,253,0.5679852309285663,0.9730710545017385,False,RobustL2,onehot,0.8760940080042928,sobol,20,877,7
348,145,1,0.2213003160431981,100,2469,0.0,0.0,1e-07,5,0.0,1,2,0.0001,2500,2500,0.0,0.0,32,180,0.5,0.5,True,RobustL2,onehot,0.9318137187696993,simplex,3,521,8
349,14,1,0.4348248550668359,147,3827,0.28254048712551594,0.5811568610370159,1.5613679793849587e-05,9,0.03448200412094593,6,4,0.005849544128868729,8096,9441,0.317693367600441,0.42158744763582945,82,336,0.737643003319297,0.8867790631142445,False,RobustL2,mat2vec,0.45191227556206287,sobol,20,504,9
350,91,2,0.6334313442930579,463,2661,0.003279542550444603,0.4642295194789767,2.814842766672373e-05,13,0.01918365238234401,9,5,0.002746720404177904,2519,3167,0.31930170208215714,0.5977958654984832,174,195,0.5291176655125804,0.6248609902734868,False,RobustL1,onehot,0.2061149115022272,sobol,20,370,10
351,81,1,0.5040955180302262,691,2820,0.8689554426819086,0.22177464608103037,5.4487107148952785e-05,19,0.06445367336273193,3,9,0.00022207725672051312,3916,4926,0.6562506631016731,0.0456968117505312,42,390,0.8996570763437077,0.9947903536495752,False,RobustL2,mat2vec,0.7759160132706165,sobol,20,379,11
352,75,9,0.14301777631044388,679,2485,0.22390356846153736,0.699333350174129,6.38725906059146e-05,8,0.05784953283146024,2,10,0.0042399464575573805,5187,4153,0.29869310837239027,0.1212655771523714,223,233,0.5612337193716317,0.9991902134135365,False,RobustL1,magpie,0.3602387816552073,sobol,20,629,12
353,122,1,0.0,280,1024,0.0,0.0,1e-07,5,0.0,1,2,0.0001,3047,2500,0.1684892363846302,0.0,32,32,0.5,0.7818272364838048,True,RobustL1,magpie,0.09542652836069464,simplex,4,256,13
354,101,1,1.0,100,1024,0.0,0.0,1e-07,5,0.0,1,2,0.0001,2500,2500,0.0,0.0,32,32,0.5,0.5,True,RobustL2,magpie,0.9431526091042906,simplex,1,231,14
355,15,8,0.8653081059455872,617,2231,0.4204352740198374,0.6087420042604208,2.48396166886203e-05,9,0.05341877676546574,9,6,0.00018339330377057197,3488,7961,0.16585436556488276,0.8065466294065118,208,292,0.5350276039676741,0.6840728914738633,False,RobustL1,magpie,0.48475370642729104,sobol,20,306,15
356,16,10,0.045406836085021496,888,2096,0.31871103774756193,0.8403888931497931,6.111554899718613e-05,18,0.006933909561485052,3,4,0.000994966767448932,7387,9655,0.039440203458070755,0.9177379654720426,231,354,0.7701022107049823,0.9102216115755029,True,RobustL1,onehot,0.2922650383319706,sobol,20,543,16
357,63,9,0.38056701235473156,576,3740,0.7019069250673056,0.3401224026456475,5.94845963921398e-05,11,0.02522376561537385,7,8,0.004946190709248185,9683,3404,0.08503573201596737,0.38350483402609825,130,179,0.5125654824482277,0.9619078354024329,True,RobustL1,mat2vec,0.1932624911889434,sobol,20,560,17
358,92,2,0.4539119713008404,279,3204,0.22998446878045797,0.22708910889923573,8.941269601741806e-05,11,0.0656684972345829,1,9,0.002119161833077669,6479,5095,0.4445867510512471,0.7402354059740901,152,254,0.7915114875528031,0.8507751608631573,True,RobustL1,mat2vec,0.012065145121887326,sobol,20,452,18
359,186,3,0.00565361138433218,129,1158,0.008936744183301926,0.05960189551115036,1.1206848506629468e-05,6,0.004869255796074868,1,3,0.00016234349301084877,2519,2853,0.02834844123572111,0.009593742899596691,35,80,0.5143778112445958,0.5573967762016692,True,RobustL1,onehot,0.7406581996660679,simplex,20,795,19
360,144,1,0.0,100,1024,0.0,0.0,1e-07,5,0.06657140841707587,1,5,0.0001,2500,2500,0.0,0.0,32,32,0.5,0.5,False,RobustL1,mat2vec,0.028740289956331252,simplex,2,135,0
361,181,2,0.02408518921583891,243,1026,0.034972851164638996,0.025697114877402782,2.431268520839512e-06,7,0.0054684491828084,1,3,0.00010834638625383378,2568,4083,0.002284480258822441,0.030038935132324696,37,57,0.506845319815632,0.5175581282623112,True,RobustL2,magpie,0.5577099956478924,simplex,20,441,1
362,73,3,0.22824984043836594,311,2062,0.3296338813379407,0.16647743992507458,5.1403009569272406e-05,6,0.0749033896252513,6,7,0.0005201864955015481,8583,9291,0.3740842938423157,0.5879840906709433,202,487,0.6182456667132675,0.9383543867443689,False,RobustL1,onehot,0.5197860739938914,sobol,20,699,2
363,142,1,0.0,100,1024,0.0,0.0,2.6721088582091034e-05,5,0.0,1,2,0.0032276215956546363,4026,2500,0.0,0.0,32,32,0.5,0.5,True,RobustL1,magpie,0.8726155368797481,simplex,3,40,3
364,185,1,0.06561338249593973,118,1193,0.00428057461977005,0.02825603261590004,5.857797881588339e-07,5,0.006660956609994173,1,2,0.0002434113411232829,2624,3561,0.08949922304600477,0.012631273828446865,41,104,0.5147915719064884,0.598170125772059,True,RobustL2,magpie,0.038575962986797094,simplex,20,170,4
365,88,8,0.254400085657835,200,2355,0.7226753225550056,0.006906016729772091,1.6711080369353293e-05,10,0.01745570423081517,9,4,0.003580937462765723,5044,9132,0.8975200075656176,0.9272321816533804,144,306,0.8100366013387218,0.9932279143703171,False,RobustL1,onehot,0.510763984778896,sobol,20,188,5
366,49,7,0.7389491647481918,530,2105,0.09554120432585478,0.3216425534337759,4.8450665439106526e-05,16,0.04363557538017631,6,5,0.0023509297029115257,3502,4977,0.13532780017703772,0.26379072200506926,78,410,0.547248753605131,0.9973595719593578,True,RobustL2,mat2vec,0.45576852434314785,sobol,20,869,6
367,169,1,0.012271878309547901,121,1111,0.06013293284922838,0.01331354584544897,5.492827722802758e-07,6,0.004123218450695277,1,2,0.0002202269971370697,2572,3763,0.07464071083813906,0.010385771282017231,66,60,0.5178660066209734,0.5898537199949846,True,RobustL2,mat2vec,0.8198317380715161,simplex,20,90,7
368,167,2,0.007700907066464424,112,1076,0.013465686701238155,0.009210613556206226,6.362482404429466e-06,5,0.006487428303807974,1,3,0.0001029156249947846,4362,2640,0.06901336368173361,0.09569567255675793,39,42,0.5008465141766705,0.5487922442604788,False,RobustL2,magpie,0.05155430949293077,simplex,20,594,8
369,98,5,0.9752221554517746,303,2253,0.043089489452540874,0.2788842869922519,4.488058282695711e-05,12,0.02892831861972809,4,9,0.005891251317039132,6956,7682,0.5388100733980536,0.30432556476444006,32,85,0.7255041856855154,0.989508318119403,True,RobustL1,mat2vec,0.906736307349056,sobol,20,333,9
370,121,5,0.0,100,1024,0.4951523579657078,0.10660582408308983,1e-07,5,0.0,1,2,0.0001,2500,2500,0.0,0.0,32,32,0.5,0.5,True,RobustL2,onehot,0.6810270901303739,simplex,3,560,10
371,57,2,0.022028934210538864,405,2014,0.6658280631527305,0.08189825899899006,1.4037412981502712e-05,20,0.0035471977666020394,1,8,0.00042079931423068045,9443,2677,0.3067701030522585,0.8874602783471346,190,166,0.9794894813745283,0.9853313141920603,False,RobustL2,magpie,0.09452346814796328,sobol,20,684,11
372,132,1,0.0,100,1024,0.0,0.0,1e-07,5,0.0,1,2,0.0001,2500,8805,0.0,0.1592932976782322,32,32,0.5,0.5,False,RobustL1,mat2vec,0.9803842732310295,simplex,2,796,12
373,36,7,0.5363140162080526,278,1490,0.007919779978692532,0.5960560403764248,5.308881180891767e-05,6,0.010241428855806589,3,4,0.002179518932756036,9285,3808,0.2668306874111295,0.3752649910748005,198,447,0.6908969706735574,0.8255011804129928,True,RobustL1,mat2vec,0.08694379801861941,sobol,20,590,13
374,166,1,0.04565368685871363,147,1166,0.14844017941504717,0.031801686622202396,6.566655533388258e-07,6,0.001805106457322836,2,2,0.0006625277456827462,2696,2567,0.1601886171847582,0.08922775089740753,39,38,0.502119693167787,0.5250685075317509,True,RobustL1,magpie,0.8771022491995245,simplex,20,649,14
375,12,9,0.4438921371474862,646,3404,0.1461152182891965,0.052237712778151035,3.1692319743335245e-06,11,0.045164169277995825,1,3,0.0021484887296333906,3762,4003,0.26123819034546614,0.8842814853414893,63,144,0.6765163087551482,0.9252957461066544,False,RobustL2,magpie,0.6713856171630322,sobol,20,662,15
376,82,3,0.34020198322832584,991,3045,0.8916847510263324,0.4539034813642502,1.5856337462272494e-05,8,0.023438927065581084,7,5,0.0008381559970788658,7867,3338,0.5329230697825551,0.1845091786235571,60,332,0.6699770990703255,0.7210465787098743,True,RobustL2,onehot,0.9543308651261032,sobol,20,224,16
377,168,2,0.04084223136305809,116,1057,0.05034563038498163,0.05627326015383005,3.822471488360316e-06,8,0.0003625035285949707,2,2,0.0007067946000024677,2749,2634,0.05705839768052101,0.00660553015768528,32,51,0.5043079552134498,0.5224064186175353,False,RobustL1,onehot,0.24178370247595013,simplex,20,454,17
378,192,1,0.038356442004442215,115,1507,0.06862720474600792,0.02707194071263075,4.478321866318584e-06,5,0.004035465978085995,1,2,0.0002490242331288755,2672,2590,0.0688448715955019,0.06836128048598766,59,46,0.5087101893750019,0.5934273164003157,False,RobustL1,mat2vec,0.6019519338104874,simplex,20,942,18
379,87,6,0.16128815151751041,637,3246,0.9790483685210347,0.14128751028329134,3.014726739320904e-05,18,0.09401474101468921,5,9,0.005346872483193875,3457,3844,0.5743527114391327,0.1690751537680626,205,162,0.7443354086711071,0.902461981082894,False,RobustL1,onehot,0.1529099434334785,sobol,20,109,19
380,193,1,0.0002664858475327492,164,1063,0.11253657937049866,0.06848270818591118,6.334811079967767e-06,6,0.0012099351733922958,1,3,0.0002389720566570759,3242,3111,0.020330706611275673,0.030270990915596485,40,40,0.51317635675231,0.5521809989346191,True,RobustL2,onehot,0.4569717705156654,simplex,20,139,0
381,19,2,0.08370283525437117,332,2447,0.23688266798853874,0.3075328264385462,7.357287938613445e-05,17,0.022694197669625285,7,5,0.0032185238225385542,3988,3778,0.10028237756341696,0.38863389287143946,249,126,0.831045717236027,0.9018578905723988,True,RobustL1,onehot,0.573623190112412,sobol,20,296,1
382,96,10,0.8707995302975178,852,3975,0.748863591812551,0.5119909886270761,2.5622908803913742e-05,9,0.044094144087284806,1,10,0.0012359934850595892,7736,2583,0.1398867266252637,0.8269110899418592,157,392,0.6466490072810092,0.7749582453208976,True,RobustL2,mat2vec,0.13528762853704393,sobol,20,516,2
383,157,4,0.0,100,1024,0.0,0.0,1e-07,5,0.0,1,2,0.0001,2500,2500,0.0,0.0,160,56,0.5,0.5,True,RobustL2,mat2vec,0.7006294763460755,simplex,3,510,3
384,44,5,0.5291686290875077,791,1565,0.9761310247704387,0.3565035918727517,2.201032238388434e-05,6,0.0011281449347734453,1,8,0.002704711809568107,7589,9021,0.0034137098118662834,0.4133475450798869,237,125,0.558823147135228,0.7737022443979978,False,RobustL2,mat2vec,0.3145966220088303,sobol,20,704,4
385,35,4,0.0644236421212554,112,2168,0.8090830296278,0.21082706563174725,4.429221688983962e-05,9,0.03978707557544112,2,4,0.0045670673505403105,4262,3422,0.7218224927783012,0.11266758944839239,115,288,0.5661120481842198,0.714893798508402,False,RobustL2,magpie,0.2723264487832785,sobol,20,497,5
386,43,6,0.5996988201513886,236,1058,0.5813124962151051,0.7611399032175541,9.553718444425613e-06,8,0.016106779780238868,6,9,0.004908012789208442,4188,2535,0.07585735619068146,0.8764080917462707,243,348,0.6206573414150626,0.788885756718088,False,RobustL2,mat2vec,0.5958860601205379,sobol,20,255,6
387,146,1,0.0,100,1024,0.0,0.5694334600120783,1e-07,5,0.0,1,2,0.0001,2500,3512,0.0,0.23593226913362741,32,61,0.5,0.5,True,RobustL1,magpie,0.3418157163914293,simplex,4,243,7
388,121,5,0.0,100,1024,0.4951523579657078,0.10660582408308983,1e-07,5,0.0,1,2,0.0001,2500,2500,0.0,0.0,32,32,0.5,0.5,True,RobustL2,onehot,0.6810270901303739,simplex,3,664,8
389,138,1,0.0,100,1024,0.0,0.0,2.099492116831243e-06,5,0.0,1,2,0.0001,2500,2500,0.0,0.0,32,502,0.5,0.5,True,RobustL1,onehot,0.13850164709612728,simplex,2,825,9
390,105,1,0.0,100,1024,0.0,1.0,1e-07,5,0.0,1,2,0.0001,2500,2500,0.0,0.0,32,32,0.5,0.5,True,RobustL2,magpie,0.4878120381757617,simplex,1,984,10
391,4,6,0.006893528625369072,546,3674,0.7515398329123855,0.6194446990266442,8.621740272725002e-05,15,0.06558704692870379,8,3,0.004166518116742373,9726,9538,0.11360739916563034,0.9368172641843557,160,58,0.5306143237360753,0.649339364562463,False,RobustL2,magpie,0.16041049040853977,sobol,20,433,11
392,179,1,0.06461362261325121,165,1165,0.02289633359760046,0.061121866106987,1.0529751040972769e-06,9,0.001904837228357792,1,3,0.0003262750337831676,2588,2544,0.007466308772563934,0.016146009787917137,37,34,0.5023529130171053,0.578586049283389,False,RobustL2,onehot,0.9556956925150007,simplex,20,768,12
393,97,8,0.7129939068108797,444,1434,0.9847154738381505,0.6523158401250839,1.533314720010385e-05,19,0.06753509538248181,7,3,0.0017113768501207233,8265,8518,0.33210023399442434,0.08459311723709106,207,229,0.8295524260014295,0.8715213280566037,True,RobustL2,magpie,0.5279010387789458,sobol,20,845,13
394,125,1,0.0,100,1024,0.0,0.0,1e-07,11,0.0,1,2,0.0011106947735883296,2500,2500,0.0,0.0,125,32,0.5,0.5,True,RobustL2,magpie,0.33365460964851085,simplex,4,602,14
395,161,2,0.09231407754123211,126,1586,0.0928233414888382,0.00470614992082119,3.036691972054541e-06,5,0.0019380029290914536,1,2,0.0004586050822399556,3493,2711,0.010538559406995773,0.08919206261634827,35,32,0.5067902431028896,0.520955228711199,True,RobustL2,magpie,0.22784127072431148,simplex,20,265,15
396,96,10,0.8707995302975178,852,3975,0.748863591812551,0.5119909886270761,2.5622908803913742e-05,9,0.044094144087284806,1,10,0.0012359934850595892,7736,2583,0.1398867266252637,0.8269110899418592,157,392,0.6466490072810092,0.7749582453208976,True,RobustL2,mat2vec,0.13528762853704393,sobol,20,132,16
397,58,6,0.4501271191984415,337,3070,0.5190925244241953,0.6582253696396947,3.981431924849749e-05,12,0.09953326275572182,3,4,0.005096947305463255,2928,3147,0.17174905817955732,0.6744756028056145,237,50,0.6044754912806675,0.9176170937455259,False,RobustL2,magpie,0.41631657411344347,sobol,20,941,17
398,23,10,0.1843538973480463,594,1043,0.8640526421368122,0.2800066443160176,9.981122203329579e-05,6,0.03410422494634986,3,8,0.0036003935278393325,8045,7232,0.23375631403177977,0.28581894282251596,66,411,0.843026416750718,0.8735962745378725,False,RobustL1,onehot,0.6760305739473551,sobol,20,610,18
399,86,9,0.0663598757237196,934,1089,0.13726581446826458,0.4757009008899331,3.727684169476852e-05,20,0.08812649874016643,7,7,0.0032388481874018903,7132,4383,0.16645749751478434,0.23678344208747149,105,272,0.7004898055730387,0.8273320611692034,False,RobustL2,magpie,0.23502801458351313,sobol,20,111,19
