run_id,set_id,N,alpha,d_model,dim_feedforward,dropout,emb_scaler,eps,epochs_step,fudge,heads,k,lr,pe_resolution,ple_resolution,pos_scaler,weight_decay,batch_size,out_hidden4,betas1,betas2,bias,criterion,elem_prop,train_frac,block,active,sample_seed,task,mae,rmse,model_size,runtime,gpu,fold_scores.fold_0.mae,fold_scores.fold_0.rmse,fold_scores.fold_0.mape,fold_scores.fold_0.max_error,fold_scores.fold_0.runtime,fold_scores.fold_1.mae,fold_scores.fold_1.rmse,fold_scores.fold_1.mape,fold_scores.fold_1.max_error,fold_scores.fold_1.runtime,fold_scores.fold_2.mae,fold_scores.fold_2.rmse,fold_scores.fold_2.mape,fold_scores.fold_2.max_error,fold_scores.fold_2.runtime,fold_scores.fold_3.mae,fold_scores.fold_3.rmse,fold_scores.fold_3.mape,fold_scores.fold_3.max_error,fold_scores.fold_3.runtime,fold_scores.fold_4.mae,fold_scores.fold_4.rmse,fold_scores.fold_4.mape,fold_scores.fold_4.max_error,fold_scores.fold_4.runtime
0,66,8,0.3320005154237151,375,2215,0.8606353998184204,0.1280992208048701,4.696588464984671e-05,20,0.0251490570604801,9,8,0.0022017285261303,6426,9857,0.0762172117829322,0.0731242997571826,126,207,0.645617062895,0.7071380755293183,False,RobustL1,magpie,0.8431921523343772,sobol,20,334,0,0.43543023040312373,0.9547477362640194,20366266,373.9951958656311,NVIDIA A100-SXM4-80GB,0.423728302168406,0.9046793122315426,0.5181832894383063,6.382384305000305,76.85775017738342,0.4474015304760099,0.9341253129498244,0.42443270336483135,6.637680604457855,74.28568911552429,0.45938344088879524,1.0296250242979426,0.5261425435837909,9.167034192085266,74.69900918006897,0.4291770771375567,0.9799059119065566,0.49566705963076024,7.5375265121459964,74.08143544197083,0.4174608013448508,0.9254031199342309,0.590127200506185,7.591492986679077,74.05455183982849
1,154,1,0.5354494703933597,100,1024,0.0,0.1158412266522646,1e-07,10,0.0,1,2,0.0001,2500,2500,0.0,0.0,32,32,0.5,0.5,True,RobustL1,onehot,0.9659222385007888,simplex,3,251,1,0.436650376270578,0.9498427993169786,1850190,290.36533403396606,NVIDIA A100-SXM4-80GB,0.41146274613764594,0.8829291067980393,0.468096293273543,5.730136914253235,60.450512170791626,0.42721501264458245,0.9288060972076246,0.38163683836828965,6.796984601020813,57.220170736312866,0.49079290665839836,1.110924055390627,0.47212795422527876,11.15406574010849,57.66876244544983,0.42852295789345857,0.9328129452107238,0.48999465727534225,6.956911945343018,57.728455543518066,0.4252582580188047,0.8937417919778781,0.5676204763098404,6.617292213439941,57.28187394142151
2,170,1,0.0826099691912531,164,1089,0.0410382216796278,0.017305982299149,6.744347072765231e-06,5,0.0018186843022704,2,3,0.000117781589739,2733,2964,0.0118228709325194,0.0089481463655829,62,68,0.5017219443258829,0.5147093302230351,True,RobustL1,onehot,0.4237066016718745,simplex,20,382,2,0.9182747391397956,1.5145715102388553,2214743,37.91162848472595,NVIDIA A100-SXM4-80GB,0.8812647480646251,1.412674218283827,0.7930880424402507,7.139224529266357,10.804416179656982,0.9835965146977014,1.5958662938030423,0.7620109152988322,9.13146861076355,6.842262029647827,0.9512432933242002,1.6125540563694343,0.8378500968007727,11.658671808242797,6.767526626586914,0.903873329205311,1.5346456379093663,0.8059368179340524,10.360556721687317,6.707928657531738,0.8713958104071409,1.4171173448286056,0.8835547654083961,9.646373093128204,6.773665904998779
3,98,5,0.9752221554517746,303,2253,0.0430894894525408,0.2788842869922519,4.488058282695711e-05,12,0.028928318619728,4,9,0.0058912513170391,6956,7682,0.5388100733980536,0.30432556476444,32,85,0.7255041856855154,0.989508318119403,True,RobustL1,mat2vec,0.906736307349056,sobol,20,209,3,0.40066069733287113,0.9077704606378735,10784647,1519.4980597496033,NVIDIA A100-SXM4-80GB,0.39690695841330537,0.918563764947687,0.4369170668484755,6.380774204730987,303.0854878425598,0.4165696851969024,0.9340569131834611,0.37832810596317273,7.3021320581436155,329.8909113407135,0.43962385617560595,0.9475420213627401,0.4504594515885164,7.290514659881591,298.79478216171265,0.35096270859565076,0.807300253868967,0.3653844071027482,5.522220728397369,290.56752276420593,0.3992402782828911,0.9313893498265123,0.4906816796775352,7.5997527003288265,297.1396653652191
4,123,1,0.0,100,1024,0.0,0.0,1e-07,5,0.0,1,2,0.0001,9711,2789,0.0,0.0,32,32,0.5,0.5,False,RobustL2,magpie,0.9867323407903312,simplex,2,380,4,1.1542322096495659,1.444064703157214,1850190,319.05856132507324,NVIDIA A100-SXM4-80GB,1.1082236437015762,1.3432605698465716,0.87100223956093,6.98457133769989,68.2335638999939,1.211242100446931,1.5146935544580664,0.7956631363705033,8.259170966148377,62.72169327735901,1.167729099886684,1.5263115683096447,1.0809202894379886,10.615145635604858,62.751875162124634,1.1592744020530381,1.4412902720146,0.8520161231374407,9.483004927635193,62.7187397480011,1.1246918021595997,1.3947675511571886,1.2252438344834464,9.005400776863098,62.6145715713501
5,30,4,0.9278034456074238,931,2825,0.1084689479321241,0.857210828922689,2.364148749029264e-05,15,0.0326931359246373,7,4,0.0031788284356705,9950,4037,0.1211489746347069,0.8790985587984324,121,431,0.785352624703385,0.8489442801069469,False,RobustL2,onehot,0.1699645863939076,sobol,20,626,5,0.5508947496442491,1.0906617908831997,38262090,49.3266921043396,NVIDIA A100-SXM4-80GB,0.5675680337834954,1.0645909651370586,0.537664767218561,6.257601444721222,13.150937557220459,0.5468571255559125,1.03623041117598,0.471787757624936,7.600013256072998,9.159209728240967,0.5993526001745404,1.245126698920789,0.5414444679134732,10.982009959220886,8.956978797912598,0.5550916549074794,1.1579507853313742,0.5364531475513077,7.721906566619873,8.993438005447388,0.4856043337998182,0.9494100938507981,0.5285879353371349,5.503275899887085,9.046059846878052
6,77,3,0.3644325947389006,414,1575,0.4598170733079314,0.2402849625796079,4.091169823892415e-05,12,0.0539672559127211,5,4,0.0043089681969955,9276,3221,0.6225620666518807,0.1644344227388501,103,141,0.9119592869837768,0.9674023376158438,False,RobustL1,mat2vec,0.6061731544602662,sobol,20,790,6,0.45446022435091027,0.9766448211512879,8294607,110.71544408798218,NVIDIA A100-SXM4-80GB,0.42194416187355754,0.8883066805373501,0.5013815494857053,6.322011177539825,26.072530269622803,0.45744710566684293,0.9380201291497919,0.4175386873233391,7.040579485893249,21.18249535560608,0.5029763233143913,1.151114242465663,0.5135247964831994,11.09903255701065,21.16744589805603,0.4575141272482732,0.9971350805778728,0.5430141148793327,6.5600344896316525,21.10442566871643,0.43241940365148623,0.9086479730257611,0.575728792531348,6.589816427230835,21.167357206344604
7,130,1,0.0,100,1024,0.1973199667409062,0.0,1e-07,5,0.0,1,2,0.0013266724582761,2500,2500,0.0,0.5947694471105933,32,32,0.5,0.5,True,RobustL1,onehot,0.3923697766568512,simplex,3,496,7,1.1363669384291737,1.4443247670793582,1850190,60.55547475814819,NVIDIA A100-SXM4-80GB,1.0849730044493329,1.3393964949537296,0.8466696149905,7.058851182460785,15.051695585250854,1.1738354827345518,1.5167811217119596,0.7660686780415373,8.445631341934204,11.289607524871826,1.149293033525299,1.526962554356128,1.0364993607937871,10.751625430583953,11.205870389938354,1.125133638762496,1.4380394519547537,0.8160259307054146,9.61255395412445,11.550997972488403,1.148599532674188,1.4004442124202205,1.28179871984796,8.934519171714783,11.439115047454834
8,70,10,0.5341024035587907,767,3657,0.4671605499461293,0.1467050202190876,6.090828713355586e-05,11,0.0434662384912371,10,5,0.0054668426916934,4876,7695,0.144085512496531,0.1995058469474315,74,441,0.6656112341619097,0.7346547522538341,False,RobustL2,magpie,0.5488194144703448,sobol,20,459,8,0.7563069234737153,1.15147722876365,83249966,261.620943069458,NVIDIA A100-SXM4-80GB,0.5366349671743851,0.9344715948430155,0.5782972764780684,5.506754403114319,55.32078194618225,0.6497355453639285,1.0950937348883647,0.5183308268392051,6.635349826812744,51.579495906829834,0.6415411241098542,1.0924821930196795,0.8080113960681016,8.01213493347168,51.69562363624573,0.978236105363092,1.3663700492865578,0.7741611348324978,9.978702664375305,51.50361156463623,0.9753868753573169,1.2689685717806332,1.0544897086507579,9.43663239479065,51.50262713432312
9,107,1,0.0,100,1024,0.0,0.0,1e-07,20,0.0,1,2,0.0001,2500,2500,0.0,0.0,32,32,0.5,0.5,False,RobustL2,onehot,0.1747656605672091,simplex,1,187,9,1.140756317672107,1.4432657699585203,1850190,91.19574213027954,NVIDIA A100-SXM4-80GB,1.1114110841399036,1.3444858389350278,0.8763481851214094,6.976104497909546,20.420148849487305,1.1925204853462732,1.5119946769410664,0.7812171840246148,8.418724434375763,17.44092106819153,1.1683655299115259,1.527292022023993,1.070604654147075,10.697380971908569,17.709861516952515,1.1270853888561363,1.4376039960573759,0.8224360517407635,9.577390491962433,17.7735333442688,1.1043991001066953,1.3949523158351378,1.1773021849624707,9.069161534309387,17.833756923675537
10,18,3,0.763527974486351,177,1928,0.0256801368668675,0.0090220747515559,1.2383012749161573e-05,6,0.0637091516517102,5,9,0.0038340124649927,7823,5482,0.2256120014935732,0.2810777323320508,217,68,0.5979295620506629,0.628103642211482,False,RobustL1,mat2vec,0.6422914757020771,sobol,20,508,10,0.7847116805119908,1.3920013665698652,4265070,28.917800903320312,NVIDIA A100-SXM4-80GB,0.7614237203245959,1.295571748494424,0.8153823717176908,6.391843502521515,9.421090602874756,0.8199415632321961,1.4348682631440246,0.730024010898329,9.276102678775787,4.9442665576934814,0.8269849245607788,1.505781978376496,0.7456773115804293,11.63194031715393,4.823589324951172,0.7921935487104161,1.4487865780380977,0.8679844724819046,10.400022208690643,4.8140788078308105,0.7230146457319674,1.2749982647962834,0.8739303030239511,9.882922649383545,4.897697448730469
11,67,6,0.5113354362547398,191,2163,0.8999665090814233,0.4228230509907007,8.56200008302927e-05,7,0.0849138068966567,1,6,0.0030149660799652,2541,7811,0.2028707833960652,0.2116919299587607,90,265,0.908516419322975,0.9496446407704614,True,RobustL1,magpie,0.8967566266003996,sobol,20,886,11,0.4468066540798086,0.9675761765274272,7702008,169.86829257011414,NVIDIA A100-SXM4-80GB,0.4160455331080123,0.9129966329931337,0.42975226768963654,5.702901368141174,36.993093729019165,0.4865436709315458,1.0001085897172526,0.42173917400700905,6.412534141540528,33.34098935127258,0.49003020450424295,1.101228648702041,0.49572717191945526,11.097631192207336,33.44931983947754,0.4304087376361561,0.9509537613028392,0.47719418181518364,7.608279275894166,33.4107449054718,0.4110051242190858,0.8725932499218694,0.524167446379666,5.24058198928833,32.655391454696655
12,56,2,0.827036707662046,106,2359,0.5635545086115599,0.343787501566112,5.0259707676153634e-05,7,0.0562805318273604,9,2,0.0010362865500152,5652,4620,0.4331942861899733,0.7801771070808172,170,224,0.7151503107325174,0.7281867460970767,True,RobustL2,magpie,0.1642883658409118,sobol,20,662,12,0.8075852586234904,1.242389559204585,2767414,11.577767848968506,NVIDIA A100-SXM4-80GB,0.8237628237898265,1.220835070438844,0.7777170683158965,6.094129681587219,4.557532787322998,0.8822231041284907,1.3034774174779848,0.6760589672201748,7.805728273391724,1.727977991104126,0.816844224782254,1.2966405035953068,1.1752345008214191,9.552913403511047,1.7204008102416992,0.7470317770772078,1.2341395966145938,0.7085978618057908,9.696742820739747,1.729660987854004,0.7680643633396731,1.1568552078961958,1.0527776952127712,8.529120445251465,1.8212683200836182
13,174,1,0.0110336365178227,139,1116,0.0996096823364496,0.115026906132698,6.988105766195804e-06,7,3.946246579289436e-05,2,4,0.00024748095721,2664,2526,0.0063720680773258,0.0152760855853557,33,37,0.5029764409980737,0.5031434654359705,True,RobustL1,onehot,0.5854765054211021,simplex,20,882,13,0.9367387172936983,1.5191813064909576,2086682,114.3581817150116,NVIDIA A100-SXM4-80GB,0.8973744520587071,1.3914867058560778,0.7826162333251288,7.2680230140686035,26.008880376815796,1.0009965914248384,1.5985458330930953,0.7512212890708988,9.172585861682892,22.259259700775146,0.9747301586559618,1.6327641202158194,0.8394177427575865,11.587722969055175,21.93071436882019,0.9240423467765025,1.548469641138118,0.81876476477191,10.37451297044754,22.092315435409546,0.8865500375524811,1.4246402321516787,0.8742475027790817,9.795438349246979,22.049421072006226
14,6,4,0.6995810111984611,1002,2006,0.8889444908127189,0.568418244831264,7.660237472224981e-05,18,0.0466331915929913,8,9,0.0018188472110778,5550,7385,0.3992373431101441,0.2901564352214336,119,102,0.7029615795368329,0.9143130720100364,False,RobustL1,mat2vec,0.1893834060803055,sobol,20,516,14,0.516684305096682,1.0800431265505905,35719590,58.15425205230713,NVIDIA A100-SXM4-80GB,0.4942674972878993,1.020518296824447,0.58145955833792,6.38408673286438,15.058912754058838,0.5326286871088962,1.0346511914946261,0.46933033695083504,6.308756196498871,11.187713384628296,0.536327287981228,1.1909396309932823,0.5481153207715126,11.11189363002777,11.029833316802979,0.520562283381836,1.1263940803674009,0.6236597268762617,9.831370079517365,10.504323720932007,0.4996357697235501,1.027712433073196,0.5629525613205307,9.024255990982056,10.355597496032715
15,29,6,0.6354128625243902,567,3548,0.9251274690032004,0.2301171459257602,4.1309931745752696e-05,8,0.0708442470990121,5,6,0.0014646109369583,7263,4666,0.7652654135599732,0.7236819760873914,185,333,0.6437221139082685,0.9810866650740616,False,RobustL1,onehot,0.3012997480109334,sobol,20,549,15,0.6462690950676745,1.2061084332305445,34345914,39.469313621520996,NVIDIA A100-SXM4-80GB,0.6236763037118279,1.131405411297523,0.7972478241077747,6.161794900894165,11.334813594818115,0.6956070365023017,1.2728442090296013,0.6490569928121616,9.316647844314575,7.043507814407349,0.6769507257234261,1.3249735006233645,0.8220178582337927,10.67933804988861,7.1204612255096436,0.6449297943488006,1.223095028114076,0.7327805486715063,9.349262022972107,6.982105255126953,0.5901816150520158,1.0782240170881585,0.8221242814604013,8.738631129264832,6.969357490539551
16,146,1,0.0,100,1024,0.0,0.5694334600120783,1e-07,5,0.0,1,2,0.0001,2500,3512,0.0,0.2359322691336274,32,61,0.5,0.5,True,RobustL1,magpie,0.3418157163914293,simplex,4,107,16,1.1300361050182883,1.446326330446988,1850190,55.98786997795105,NVIDIA A100-SXM4-80GB,1.1247464844147623,1.3461013839995468,0.888027199975337,6.903971791267395,15.404700756072998,1.1641269543815511,1.5179648360237858,0.7606734395647946,8.517920212745667,10.19776725769043,1.1261754863528812,1.5328346818781404,0.9810805432386618,10.861350548267364,10.22617244720459,1.1180396745129855,1.44030034272796,0.8116711279632868,9.628478109836578,10.130404949188232,1.1170919254292615,1.3944304076055063,1.2223601980035286,9.043836772441864,10.009475946426392
17,70,10,0.5341024035587907,767,3657,0.4671605499461293,0.1467050202190876,6.090828713355586e-05,11,0.0434662384912371,10,5,0.0054668426916934,4876,7695,0.144085512496531,0.1995058469474315,74,441,0.6656112341619097,0.7346547522538341,False,RobustL2,magpie,0.5488194144703448,sobol,20,706,17,0.6960534314142348,1.139497691742117,83249966,295.6336362361908,NVIDIA A100-SXM4-80GB,0.5617761706516357,0.9498882971421565,0.6028466727622556,5.297679347991943,63.4441602230072,0.7546163026090553,1.2049146020010462,0.5380308276300733,6.581404285430908,58.24418258666992,0.9978362604034063,1.4417696694587963,0.8651890947214561,11.051611971855163,57.898738384246826,0.592904623986326,1.0982708122709994,0.5978956611371389,8.71009612083435,57.944573640823364,0.5731337994207506,1.002645077837585,0.5875011469946619,6.975762367248535,58.079184770584106
18,103,1,0.0,100,4096,0.0,0.0,1e-07,5,0.0,1,2,0.0001,2500,2500,0.0,0.0,32,32,0.5,0.5,False,RobustL2,mat2vec,0.630106207523495,simplex,1,903,18,1.15267956534021,1.4461037771373906,2467662,91.93359637260437,NVIDIA A100-SXM4-80GB,1.0940949706689542,1.340669749765989,0.856661981773572,7.034859836101532,22.337249755859375,1.1788857539468944,1.518457850346397,0.7694754657408148,8.43950231552124,17.392784118652344,1.1670353756380651,1.5257916263416325,1.0650475004057163,10.680945348739623,17.37013339996338,1.1725405256755967,1.4457170168016653,0.8647795391896674,9.408015012741089,17.416455268859863,1.1508412007715394,1.39988264243127,1.2937852641626226,8.93421745300293,17.400781869888306
19,99,8,0.957233253866434,448,1041,0.3179878294467926,0.1305848676711321,6.847112491689623e-05,12,0.0873201799578964,4,4,0.0019500012342818,9757,5534,0.6422266298905015,0.0425122370943427,170,396,0.6938287348203361,0.9298738919366152,False,RobustL2,onehot,0.4772534415870905,sobol,20,451,19,0.6774945171926416,1.107235320561177,16311118,57.25667071342468,NVIDIA L40S,0.585599412193257,1.011594660312297,0.5217172557948349,5.782408995628357,15.03822922706604,0.7297690795260066,1.1637167999091387,0.5954905174086832,5.664958553314209,10.490935325622559,0.7143668375302603,1.1996961312254866,0.7331954542025241,9.000504684448241,10.643423557281494,0.6133529828606935,1.0359205739640491,0.6313592083311027,5.78604965209961,10.578815698623657,0.744384273852991,1.1252484373949123,0.8432479313687021,6.258951425552368,10.482603549957275
20,88,8,0.254400085657835,200,2355,0.7226753225550056,0.006906016729772,1.6711080369353293e-05,10,0.0174557042308151,9,4,0.0035809374627657,5044,9132,0.8975200075656176,0.9272321816533804,144,306,0.8100366013387218,0.9932279143703172,False,RobustL1,onehot,0.510763984778896,sobol,20,569,0,0.7726153053585667,1.376364741916234,10677606,105.37230610847473,NVIDIA A100-SXM4-80GB,0.7587529623767323,1.3129918902974866,0.8569749523902624,6.39063859462738,20.903754472732544,0.8077763144162268,1.4093031185106808,0.7127904563500362,9.270018594264984,21.00498080253601,0.8251181128242505,1.489522903717057,0.7966785593058371,11.637617003917693,20.998589992523193,0.7632864688662054,1.4052518338064603,0.8776652340764289,10.431930124759674,21.16337251663208,0.708142668309419,1.2647539632494853,0.8080684606413057,9.730977892875671,21.288952827453613
21,134,1,0.0,100,1024,0.0,0.0,5.761162909027189e-06,7,0.0,4,2,0.0001,2500,2500,0.4679363677278161,0.0,32,32,0.5,0.5,True,RobustL1,mat2vec,0.6750418295618147,simplex,4,801,1,1.14249228184388,1.4450514014399292,1850190,143.35108590126038,NVIDIA A100-SXM4-80GB,1.1031100204402537,1.3378510855722896,0.8648097520763861,6.958048701286316,28.649731159210205,1.1830760512859373,1.5163172972065362,0.7736476874027759,8.387137072086334,28.411081790924072,1.1421673000829613,1.5258387278453787,1.0205022741000458,10.827201080322265,28.740185737609863,1.1215246146690834,1.43706176421353,0.814504966549006,9.616897106170654,28.70674157142639,1.1625834227411644,1.4081881323619119,1.2929533841975258,8.9253568649292,28.830557823181152
22,62,3,0.4985133539885282,194,3491,0.8691930929198861,0.8068162389099598,7.197848966866732e-05,12,0.0419102655723691,3,7,0.0027702381233684,5349,8168,0.0251501249149441,0.9204138293862344,134,436,0.5736634495949373,0.9751457616809756,True,RobustL1,mat2vec,0.9618160200770944,sobol,20,342,2,0.4173847312299167,0.9269235093755638,6290031,125.631844997406,NVIDIA A100-SXM4-80GB,0.3955359000232916,0.8716187102625084,0.47614794630404034,5.926664834022522,25.092333555221558,0.4247975541067175,0.8838159225998059,0.36252297032336417,6.398046457767487,24.8285870552063,0.4714207791065419,1.106152145321866,0.46703871845778333,11.016165947914123,25.19575834274292,0.4093270693591571,0.9164546781528615,0.47851460756897096,6.500895357131958,25.361769676208496,0.38584235355387564,0.8565760905407768,0.486879682400199,5.711090564727783,25.139625072479248
23,172,1,0.0609009219333529,138,1056,0.0085600595921278,0.0713490480557084,1.6933644936140627e-05,7,0.0011770207434892,1,2,0.0001484101117588,3520,3631,0.0060414047911763,0.0168049531057477,48,38,0.516744956680201,0.5258828295327723,False,RobustL1,magpie,0.775136149181053,simplex,20,833,3,0.8461922050462732,1.399643006848639,2058858,211.25370025634766,NVIDIA A100-SXM4-80GB,0.7981247232467679,1.2731367670879479,0.7156430984774523,5.818224906921387,42.35623645782471,0.9027555671201596,1.469414763630474,0.7338229178617639,8.900705354213715,41.85393810272217,0.8927355891252574,1.5348395327608357,0.9019625448150401,11.351469349861144,42.17837905883789,0.8365109605613154,1.3979001691394786,0.7652987429852789,10.090175712108612,42.36436676979065,0.8008341851778653,1.32292380162446,0.875424146430558,9.653474748134613,42.009862184524536
24,87,6,0.1612881515175104,637,3246,0.9790483685210348,0.1412875102832913,3.014726739320904e-05,18,0.0940147410146892,5,9,0.0053468724831938,3457,3844,0.5743527114391327,0.1690751537680626,205,162,0.7443354086711071,0.902461981082894,False,RobustL1,onehot,0.1529099434334785,sobol,20,345,4,0.7967213129407865,1.3781639165601123,37344126,103.35225915908813,NVIDIA A100-SXM4-80GB,0.7695316696956545,1.2834025916980554,0.7625846138440997,6.372588102817535,21.01680564880371,0.8425320168608046,1.4479920614075885,0.7085676866607472,9.005268113613129,20.55449652671814,0.8332156594438997,1.506880919901182,0.8106404083147308,11.66079385280609,20.587796211242676,0.7882989108821339,1.4203347624985874,0.8315675931059635,10.429981410503387,20.497281074523926,0.7500283078214396,1.232209247295148,1.206524262129409,9.410785913467407,20.682113647460938
25,156,1,0.0,100,1024,0.0,0.0,1e-07,5,0.0,1,2,0.0001,2500,2500,0.0,0.0,32,32,0.5467016574826091,0.9531983425173908,False,RobustL1,onehot,0.3505676402710378,simplex,2,764,5,1.1570884113017592,1.4454637750075556,1850190,48.300538778305054,NVIDIA A100-SXM4-80GB,1.1367817797075785,1.3540366405211126,0.9045640509246478,6.904394507408142,9.736818075180054,1.2034955987919942,1.5144221362832049,0.790563037165318,8.318708019256592,9.594032049179077,1.1822714819167774,1.5265982793622803,1.1072966891749938,10.598866176605224,9.68055534362793,1.1335478668544243,1.4372967647279768,0.8258278770617402,9.569735407829285,9.600789070129395,1.129345329238021,1.3949650541432024,1.2413173242268567,9.00233268737793,9.675827741622925
26,39,3,0.356209478341043,372,2816,0.320907024666667,0.3672900404781103,8.592482203198598e-05,13,0.0178786294534802,2,3,0.0045920493743382,6094,6858,0.217766398563981,0.283137533813715,187,374,0.5005104084207677,0.8086569273566827,False,RobustL1,mat2vec,0.0830656717997044,sobol,20,774,6,0.7417879799593683,1.2781430011141053,10179606,14.098761081695557,NVIDIA A100-SXM4-80GB,0.7089590934511116,1.1941582975575498,0.6994446632232734,6.266495568752289,2.7276649475097656,0.7585698762947004,1.2592079555147664,0.6827516346186226,7.623807983398438,2.7209179401397705,0.7787675995624803,1.3771042312189266,0.9898247196396288,11.094807600975036,3.1882128715515137,0.7605380749391811,1.336527842990867,0.6999021164660729,10.165517914295197,2.724510431289673,0.7021052555493685,1.2237166782884172,1.105013774908082,7.47537088394165,2.724261999130249
27,7,9,0.7717215055599809,955,3062,0.8008017484098673,0.1795333810150623,5.101467840261758e-05,10,0.0502855791710317,6,5,0.0037801931755617,6556,7851,0.0128731951117515,0.022907679900527,87,234,0.8278409215758555,0.987188081934396,False,RobustL1,mat2vec,0.3296594767551869,sobol,20,243,7,0.8457912460733944,1.431937250850277,88973784,128.87180614471436,NVIDIA A100-SXM4-80GB,0.8326579837690348,1.3713549490165693,0.8059125248499807,7.124675750732422,25.81219720840454,0.9143224916784305,1.5151915134898621,0.8935439078079944,9.310346441268921,25.885526180267334,0.7940777754162344,1.405403943542047,1.306180663535739,10.529276084899902,25.805881023406982,0.8828387878668553,1.544854753827579,0.8275221399593969,10.49557626247406,25.523640394210815,0.8050591916364173,1.322881094375328,0.9465421694471505,9.993963360786438,25.830501794815063
28,143,1,0.0,100,1024,0.0,0.0,1e-07,14,0.0,1,2,0.0001,2500,2500,0.2139361882582307,0.0182145908474922,67,32,0.5,0.5,False,RobustL2,magpie,0.217041967920959,simplex,4,679,8,1.136826505465236,1.4485191204011403,1850190,35.293211936950684,NVIDIA A100-SXM4-80GB,1.1087478045920207,1.3419674155725456,0.8780164905411663,6.967396378517151,7.0467870235443115,1.1590267970196975,1.5311068452607606,0.7589278249107844,8.513529198169708,7.026008367538452,1.1332236850766486,1.5307226041667827,0.991841669373065,10.84825439453125,7.1156885623931885,1.1519929955940167,1.4406197330201962,0.8418159892052621,9.47467577457428,7.037456512451172,1.131141245043796,1.3981790039854158,1.2378815191512895,9.015093564987183,7.050471544265747
29,51,5,0.6400375962257385,956,2438,0.4581031315028667,0.7961261151358485,3.599318023305386e-05,19,0.0267302084714174,2,4,0.0045293356964364,7836,6577,0.1916511319577694,0.7892252942547202,73,183,0.6169528784570284,0.9401851213121788,True,RobustL2,mat2vec,0.6675303715281189,sobol,20,24,9,0.4101416036179266,0.8721985276324785,45169820,336.58436131477356,NVIDIA A100-SXM4-80GB,0.3928971206650025,0.8251829067006056,0.4205736250175149,5.266738414764404,67.45374774932861,0.4126426820568619,0.8313862135846427,0.3945636117507466,6.405078494548798,67.40631151199341,0.45250478163733676,0.9925696029579898,0.48872400749826733,9.865494692325592,67.30982065200806,0.40401355997488364,0.8742339969054657,0.445214106471234,7.6229951858520515,66.69117736816406,0.38864987375554827,0.8376199180136888,0.5889645259667684,5.903083801269531,67.71026635169983
30,85,7,0.4710468575358391,482,3552,0.3769538514316082,0.3599922908470034,2.240855589071289e-05,10,0.0240612988360226,2,6,0.0059208738395012,9308,6718,0.3607166958972811,0.978672149591148,51,349,0.760575969743263,0.7913228202480822,False,RobustL2,onehot,0.6276878129597754,sobol,20,752,10,0.5199085513410122,0.977973962550949,32991782,261.8054919242859,NVIDIA A100-SXM4-80GB,0.487396265624271,0.9001476630352628,0.513951562298363,5.174458465576172,52.48232579231262,0.5345982005218212,0.9744586211575041,0.455730662261682,6.2429997563362125,52.457923889160156,0.5528854927812157,1.0822512456346014,0.6155452613527693,9.908338451385498,52.28603911399841,0.4969964108974486,0.9706667897346521,0.5124991751944252,5.356159496307374,52.25627589225769,0.5276663868803045,0.9623454931927248,0.7770779265582043,6.005693435668945,52.31102633476257
31,151,1,0.0,100,1024,0.0,0.0,5.373524979073555e-05,5,0.0,1,2,0.0022218822773545,2500,2500,0.0,0.0,32,32,0.5,0.5517244274185971,False,RobustL2,magpie,0.5957030514068902,simplex,3,658,11,1.1389466173091845,1.4445709840929197,1850190,96.22209548950195,NVIDIA A100-SXM4-80GB,1.0836544161562551,1.3379115828661776,0.8401654722557398,7.062843441963196,19.341103553771973,1.1759628501777153,1.5172482918892172,0.7649455016911806,8.457452552318573,19.225069999694824,1.154832564979371,1.5279247331433206,1.0370993402913073,10.754370701313018,19.08866238594055,1.143925714342654,1.4392828704764273,0.8373367443944304,9.521805226802826,19.396305084228516,1.1363575408899267,1.4004874420894555,1.2515823470076002,8.992745041847229,19.15760374069214
32,167,2,0.0077009070664644,112,1076,0.0134656867012381,0.0092106135562062,6.362482404429466e-06,5,0.0064874283038079,1,3,0.0001029156249947,4362,2640,0.0690133636817336,0.0956956725567579,39,42,0.5008465141766705,0.5487922442604788,False,RobustL2,magpie,0.0515543094929307,simplex,20,34,12,1.121765968216566,1.4404953817739414,2217022,8.163370132446289,NVIDIA A100-SXM4-80GB,1.0540783774529165,1.3339984734714976,0.8184222669594394,7.102535545825958,1.6428380012512207,1.179167414097263,1.5130522262029624,0.7663040039117667,8.402777569293976,1.702939510345459,1.1788572138243727,1.5241766164983794,1.0826190112194758,10.714056503772735,1.601670503616333,1.1321935164734287,1.4336296424563886,0.8301334567667906,9.539430499076843,1.5955774784088135,1.064533319234848,1.3976199502404802,1.0912463156192227,9.234184324741364,1.6070637702941895
33,112,1,0.0,100,1024,0.0,0.0,1e-07,5,0.0,1,2,0.0001,10000,2500,0.0,0.0,32,32,0.5,0.5,False,RobustL1,onehot,0.8994474279042334,simplex,1,411,13,1.1266120926068903,1.4422846580317055,1850190,142.39128971099854,NVIDIA A100-SXM4-80GB,1.087811027836463,1.3365590465113664,0.8508820938290085,7.025888800621033,28.50741720199585,1.1778895282434718,1.5190429957717884,0.7679379113222207,8.455421643257141,28.401230812072754,1.155484223717846,1.5262076328583136,1.0548581582741519,10.705606532096862,28.450937271118164,1.121816304656763,1.4381361920020286,0.8172343601148286,9.60217434167862,28.569738626480103,1.0900593785799069,1.3914774230150304,1.1442782655891055,9.190184652805328,28.448160886764526
34,32,10,0.6059065479785204,977,2345,0.2083142204210162,0.4024061411619186,4.775970451431349e-05,7,0.0642263977788388,7,8,0.0019593516089953,3324,3567,0.4784601777791977,0.6819827705621719,84,321,0.6604713524187915,0.8122482605120167,False,RobustL2,onehot,0.3409964234940708,sobol,20,857,14,0.720048783644088,1.1645730673790058,87562320,95.82302331924438,NVIDIA A100-SXM4-80GB,0.7142703218594695,1.111874935655018,0.6182877572429798,6.267150640487671,19.19074249267578,0.7562395806084756,1.1834954785480092,0.6773632617231956,6.227037267684937,19.21985626220703,0.7570856815544195,1.2501305824510078,0.7750325500303732,9.318265151977538,19.085421085357666,0.6652910917524925,1.1196654428604311,0.6521867816968495,8.308181667327881,19.191020250320435,0.707357242445583,1.1576988973805624,1.0178135696065378,6.006140947341919,19.121912479400635
35,38,6,0.3421267597004771,169,3931,0.0323291616514325,0.2189378282055258,2.481415771972388e-06,13,0.0719736217521131,3,8,0.0025405943246558,3115,4483,0.102417703717947,0.060331393033266,71,228,0.532183922522422,0.8605104544968345,True,RobustL2,onehot,0.5585037405882031,sobol,20,894,15,0.5232374499588663,0.9603640669528717,10391328,217.71471977233887,NVIDIA A100-SXM4-80GB,0.4854703483338206,0.9014119523745544,0.5481495025578019,5.556464557647705,43.6611385345459,0.538607286209651,0.9680745139113472,0.42872166202905626,6.095536077022553,43.6662483215332,0.5466368972840967,1.0514452680232642,0.6214868845130082,9.17684850692749,43.530179500579834,0.5053504621607213,0.9360414959216133,0.5098345392859784,5.50172929763794,43.38138818740845,0.5401222558060418,0.944847104533579,0.7072397668444317,6.688425540924072,43.461740493774414
36,45,8,0.5461815418675542,937,1912,0.6387323215603828,0.2393974438309669,8.978349861288444e-05,7,0.0591415815986692,2,3,0.0051251185405068,8187,2793,0.1771275149658322,0.1830362258478999,137,481,0.52762970456779,0.8332461008141749,True,RobustL1,onehot,0.8219085355475545,sobol,20,359,16,0.4544350811124267,0.9580991132151485,60235502,137.16562724113464,NVIDIA A100-SXM4-80GB,0.4194436343718041,0.8758315661029837,0.5297100478336877,6.387641553878784,27.446817874908447,0.46030010434496543,0.9310098030673075,0.42360293213391537,6.808291509151458,27.420262813568115,0.49950372995046277,1.1180967716270918,0.5566098911558423,10.295343232154845,27.290698528289795,0.4562627683568596,0.9735190016975952,0.4816678486550035,6.785447263717652,27.25215792655945,0.43666516853804177,0.8920384235807648,0.5601616324859527,5.838638782501221,27.740140438079834
37,86,9,0.0663598757237196,934,1089,0.1372658144682645,0.4757009008899331,3.727684169476852e-05,20,0.0881264987401664,7,7,0.0032388481874018,7132,4383,0.1664574975147843,0.2367834420874714,105,272,0.7004898055730387,0.8273320611692034,False,RobustL2,magpie,0.2350280145835131,sobol,20,859,17,0.7525452308938552,1.1698096062034398,53456175,148.19153666496277,NVIDIA A100-SXM4-80GB,0.7370561971428858,1.084852149740049,0.6738322638514502,5.636294667720795,29.784600496292114,0.8012296403554572,1.2172491618652002,0.6271373688189501,6.95015438079834,29.595107555389404,0.7925822061785658,1.2863715524290853,0.8989356722251753,10.56469030380249,29.484107494354248,0.7330550702671793,1.1425222145464098,0.689829545490308,7.8192914009094245,29.740086555480957,0.6988030405251876,1.1180529524364546,1.024774923296539,8.153412699699402,29.57370162010193
38,89,8,0.0104315821081399,232,1956,0.0798459816724062,0.5247306199744344,6.358110619066283e-05,18,0.0374117781408131,3,5,0.0031110595827922,5478,4625,0.0808055810630321,0.9457230204716324,219,139,0.6665018832685425,0.8104177382432856,True,RobustL1,mat2vec,0.4905383589677513,sobol,20,881,18,0.9079080439269511,1.4199723985681467,10915726,98.82146430015564,NVIDIA A100-SXM4-80GB,0.8713753810689969,1.248503159386464,0.7098272693902682,6.823741555213928,19.792010068893433,0.9620737016421058,1.5212409432530625,0.7207759209161452,9.170730488300324,19.810298681259155,0.9295419506464926,1.542166715458436,0.8912818606438063,11.286658835411071,19.649772882461548,0.9071000151357226,1.428178718489217,0.7805198877135742,10.093895614147186,19.788387537002563,0.8694491711414378,1.3597724562535545,1.094001636828162,9.2334623336792,19.768069744110107
39,199,1,0.0330604249611496,216,1315,0.0582095542922616,0.0626650108024478,1.7232155644334852e-06,6,0.0002386596053838,1,2,0.0001477300419472,2606,2957,0.0012857262045145,0.0033740969374775,61,86,0.501063574155327,0.5698503733108752,False,RobustL2,magpie,0.921111699938774,simplex,20,533,19,0.9947227592194896,1.3700471181827685,2622313,51.758163928985596,NVIDIA L40S,0.9539582345099972,1.261569559453413,0.7493830877949581,6.503683090209961,10.330111503601074,1.048906909570373,1.437880679955086,0.7071794189028529,8.436054544448853,10.315202713012695,1.0123191892233527,1.4653865529617567,0.9541127333060554,10.683037948608398,10.312484979629517,0.993019523027795,1.375722873200128,0.75120692110729,9.59999805688858,10.452662706375122,0.9654099397659301,1.309675925343458,1.0589462716716254,8.8894624710083,10.336052179336548
40,50,10,0.5180224217474461,120,3788,0.757634200155735,0.0614591408520937,4.082637810474262e-05,18,0.0494172549806535,4,3,0.0003349926819093,7085,4172,0.6062148418277502,0.329385606572032,173,488,0.5068807714339346,0.7949267228124663,True,RobustL1,magpie,0.4334687638189644,sobol,20,131,0,0.6037440057845036,1.169748159572428,11364326,163.18597316741943,NVIDIA A100-SXM4-80GB,0.5423021866573703,1.0464842167317052,0.6665994470319122,6.404254381656647,32.540077447891235,0.6580958380838947,1.250825091836577,0.6760381211064387,9.212028877735138,32.518914461135864,0.6407629484967222,1.2486812255206905,0.7731866445449908,9.976169061660766,32.770493507385254,0.6208820809499965,1.2155283735001807,0.7953143540799311,9.385888814926147,32.59301543235779,0.5566769747345344,1.087221890272986,0.8136307193558391,8.391696453094482,32.75079655647278
41,161,2,0.0923140775412321,126,1586,0.0928233414888382,0.0047061499208211,3.036691972054541e-06,5,0.0019380029290914,1,2,0.0004586050822399,3493,2711,0.0105385594069957,0.0891920626163482,35,32,0.5067902431028896,0.520955228711199,True,RobustL2,magpie,0.2278412707243114,simplex,20,377,1,0.9908628580138796,1.3800746085347149,2593732,41.49970602989197,NVIDIA A100-SXM4-80GB,0.9559740288534588,1.2849806290168413,0.7425364067756455,6.863648533821106,8.318387985229492,1.0414768422400653,1.4476335633592796,0.734306152641334,8.186918811798096,8.276237487792969,1.0083163733254554,1.476189893146263,0.8975282455679425,11.273354125022887,8.255208015441895,0.9939226808661876,1.3750401040966231,0.753769439399573,9.633682489395142,8.317979097366333,0.9546243647842304,1.3165288530545662,1.0935814601296405,9.008361160755157,8.319300889968872
42,3,3,0.9398844474926592,817,2399,0.3081080336123705,0.0862418944016099,2.9842352594155817e-05,9,0.0015753546729683,3,6,0.0022947807597927,5178,2861,0.591187990270555,0.3320656297728419,80,301,0.8367151129202917,0.855960675734561,True,RobustL1,magpie,0.8273953034635633,sobol,20,664,2,0.4166994930747007,0.9580621701179439,22978755,137.9938666820526,NVIDIA A100-SXM4-80GB,0.38638729532948013,0.857778823670835,0.4921249580006815,5.715248069763184,27.694860458374023,0.42263488289328793,0.9670405380474376,0.3834586312600126,7.634854555130005,27.719432830810547,0.44828265330043343,1.1006904499919765,0.5445080927317136,11.2658940076828,27.676270723342896,0.44067109476342137,0.9912137747003923,0.5148656250669563,9.598840439319611,27.464395761489868,0.38552153908688086,0.873587264179078,0.5458976564616995,6.204322814941406,27.424217462539673
43,0,5,0.1218492370098829,914,3941,0.6771196275949478,0.0274990089237689,9.871065291734411e-05,13,0.0547848396934568,4,6,0.000512770346459,5391,3895,0.0571520430967211,0.3998739290982485,152,310,0.5868590743509121,0.663324823831208,False,RobustL2,mat2vec,0.9986561095993964,sobol,20,712,3,0.9023238235469867,1.2908604494075164,56067199,477.07228660583496,NVIDIA A100-SXM4-80GB,0.8675243294808556,1.2018703019580257,0.730928325952121,5.768166427612305,97.33815002441406,0.9412829454804605,1.3302730765120763,0.6548290983918128,8.3247509765625,96.66903424263,0.915176428828255,1.3916234342976037,0.8362412346516893,10.680028629302978,95.9687671661377,0.9184568649588656,1.3276304822576843,0.795668090662356,9.526182651519775,93.67328906059265,0.8691785489864972,1.202904952012193,0.9984560974310193,8.991551995277405,93.41013431549072
44,148,1,0.0,389,1024,0.0,0.0,1e-07,5,0.0,1,6,0.0012176854107528,2500,2500,0.0,0.0,32,32,0.5,0.5,False,RobustL1,mat2vec,0.1836595213320106,simplex,3,999,4,1.0616101665209465,1.448591776039022,3652494,51.63415884971619,NVIDIA A100-SXM4-80GB,1.015548738022451,1.3304171799499234,0.7954974756277994,7.12519508600235,10.393303394317627,1.1094044184503544,1.5313892918027687,0.7394733449930581,8.782865898609161,10.362726211547852,1.0603797106116395,1.5620294546333753,0.8727827431057457,11.198768925666808,10.36526870727539,1.0701272365298775,1.4371856092509847,0.7770615081820105,9.827841758728027,10.224233150482178,1.0525907289904095,1.3819373445580578,1.0738275448907322,9.334787487983704,10.277381181716919
45,27,9,0.791993722319603,152,1091,0.6854086760431528,0.1212011408060789,6.325836060754955e-06,14,0.0411593989469111,8,5,0.0019341539636254,8738,6435,0.7075724406167865,0.4973857505246997,235,256,0.8324789618178271,0.8843443227693439,False,RobustL1,magpie,0.933694951608777,sobol,20,709,5,0.4343282386762013,0.9351256037602853,5559265,158.07097268104553,NVIDIA A100-SXM4-80GB,0.40921914214549443,0.8819923034702927,0.5053337979916325,6.354635818004608,31.67004656791687,0.448521848470458,0.9273793353119378,0.38629009957983146,6.398819768428803,31.68437910079956,0.49513073415890835,1.1338903737696258,0.5231978229908054,11.087997174263,31.470151662826538,0.3980670875498578,0.8626738867542674,0.4770014975944129,5.989309120178223,31.6103777885437,0.42070238105628804,0.8696921194953029,0.578344164934351,5.108747887611389,31.6230628490448
46,187,1,0.0030549922958016,114,1318,0.0637776358053088,0.0156858665868639,9.264201806671918e-06,5,0.0064824660308659,1,3,0.0001331150248646,3951,2736,0.0128081133589148,0.0258105853572487,53,34,0.5181578256716952,0.5218975731090643,False,RobustL2,mat2vec,0.3443718526978045,simplex,20,648,6,1.1370981705821097,1.4397763315638354,1989784,31.781691312789917,NVIDIA A100-SXM4-80GB,1.080711902474477,1.3332486609594907,0.8442458033810976,7.022159516811371,6.438451051712036,1.1757295517631514,1.5176381479623315,0.7682150348042157,8.43736733675003,6.420913219451904,1.1503063350909437,1.5228951102228467,1.0441417213354616,10.728217315673827,6.173349618911743,1.1613586760033225,1.4347743047794768,0.8613577591257301,9.418109655380249,6.3705713748931885,1.1173843875786533,1.390325433895031,1.2232817555784632,9.010739088058472,6.366334915161133
47,127,5,0.0,100,1024,0.0,0.0,1e-07,5,0.0,1,2,0.0001,2500,2500,0.0,0.5446923766285181,32,32,0.5,0.5,False,RobustL2,onehot,0.020217364616692,simplex,3,682,7,1.1357395462449524,1.4684609946176699,2837086,7.1733129024505615,NVIDIA A100-SXM4-80GB,1.0830951861320437,1.3361635125696507,0.8437406544194516,7.041258633136749,1.4549551010131836,1.1055352606537807,1.6103014282258414,0.7497446052864912,8.793810741901398,1.3840601444244385,1.1399757236222878,1.5298824495465593,1.006696588022202,10.779481661319732,1.5420880317687988,1.242326315031766,1.4757365317099995,0.94032611809854,9.230050444602966,1.4130284786224365,1.107765245784884,1.3902210510362987,1.1909837772685212,9.111048221588135,1.3657546043395996
48,79,6,0.8611733010038733,125,2863,0.1179423183202743,0.1516085397452116,1.395199980819598e-05,10,0.0990987631492316,2,9,0.0041902137796394,6931,3657,0.2923681335523724,0.6151482099667192,92,298,0.5722290098996833,0.7516114805240184,True,RobustL2,onehot,0.8857213447242975,sobol,20,755,8,0.5001619892740686,0.9519505792268005,6310484,186.8910186290741,NVIDIA A100-SXM4-80GB,0.47477786368578184,0.8888591972972991,0.49285728396086365,5.390836780071258,37.79945111274719,0.5142109499834518,0.9695690241638069,0.4212216981851419,7.951978759765625,37.2336483001709,0.5192107023426558,1.0466135254113134,0.5330983125877217,10.457128739356994,37.330806016922,0.5054111731893725,0.97073981755523,0.4837487465883487,6.423830187320709,37.18523335456848,0.48719925716908086,0.883971331706353,0.532672041045481,4.587005615234375,37.32974457740784
49,116,1,0.0,100,1024,0.0,0.0,1e-07,5,0.0,1,2,0.0001,2500,2500,0.0,0.0,256,32,0.5,0.5,False,RobustL1,onehot,0.8056874222308398,simplex,1,842,9,1.1315593059217626,1.4450088175158275,1850190,17.925990104675293,NVIDIA A100-SXM4-80GB,1.0747005830163159,1.3363806494926143,0.8340970087921503,7.0862191915512085,3.591175079345703,1.1654779985958021,1.5236449614608611,0.7599735198155094,8.513513164520264,3.500641107559204,1.14669791824784,1.5270926713029644,1.0266488544204808,10.754919183254241,3.536247491836548,1.126807823352006,1.4364858644915113,0.8215422378719132,9.59479433298111,3.5473451614379883,1.1441122063968494,1.401439940831186,1.2682886993350992,9.01456868648529,3.570249557495117
50,123,1,0.0,100,1024,0.0,0.0,1e-07,5,0.0,1,2,0.0001,9711,2789,0.0,0.0,32,32,0.5,0.5,False,RobustL2,magpie,0.9867323407903312,simplex,2,999,10,1.1395092511820646,1.4477699123380137,1850190,149.21009469032288,NVIDIA A100-SXM4-80GB,1.1169032337637081,1.3481454160368067,0.8842518998625954,6.990821361541748,29.95275378227234,1.1763191282917442,1.5240808937661285,0.7686322452601916,8.471075372695923,29.820845127105713,1.1427653541989486,1.5286131013986286,1.020823554169048,10.757782769203185,29.829986095428467,1.14724887753672,1.4399205567305715,0.8393872978010658,9.503844976425171,29.791365146636963,1.1143096621192021,1.3980895937579327,1.197309098995665,9.134093940258026,29.80328130722046
51,72,8,0.3696585986763239,959,3792,0.3032453022897243,0.4120373846963048,2.231523643862456e-05,16,0.0962016810663044,2,9,0.0048381608949042,8783,9973,0.017813179641962,0.0922226682305336,55,503,0.9050604366072454,0.9773988466431388,True,RobustL2,magpie,0.7270327040180564,sobol,20,577,11,0.9148184128746297,1.3042608609251132,91373382,613.8276948928833,NVIDIA A100-SXM4-80GB,0.9037149865140616,1.2140733099217507,0.7098639228670701,6.003097653388977,122.28403043746948,0.8250170087257763,1.2832083629323712,0.650764309161662,8.63441665649414,123.09537267684937,0.969472560036066,1.4342872646008593,1.173498681312657,10.52602858543396,122.90310287475586,0.9547488832279603,1.3520568298204048,0.7827968253348028,9.797002077102661,122.9686119556427,0.9211386258692844,1.2376785373501797,0.9875077667609607,9.253309845924377,122.56324172019958
52,147,3,0.0,100,1024,0.0,0.0,1e-07,5,0.0,1,2,0.0001,2500,2500,0.0,0.0,32,403,0.5,0.5,False,RobustL2,magpie,0.7497678309027106,simplex,2,227,12,1.1450403304408294,1.444295952939515,2343638,184.73754477500916,NVIDIA A100-SXM4-80GB,1.0798758148810503,1.3369689196836374,0.8390551181051287,7.071889758110046,36.824979066848755,1.1922500684957682,1.5204579702514818,0.7799228185863886,8.361509816646576,36.78620171546936,1.1682998331491385,1.5267042143138385,1.0699094481347633,10.688542079925536,36.74358773231506,1.15618066805064,1.4403053363028744,0.8494726043614433,9.469975709915161,36.787044286727905,1.1285952676275504,1.3970433241457427,1.2323156839084437,9.007708370685577,37.23344802856445
53,85,7,0.4710468575358391,482,3552,0.3769538514316082,0.3599922908470034,2.240855589071289e-05,10,0.0240612988360226,2,6,0.0059208738395012,9308,6718,0.3607166958972811,0.978672149591148,51,349,0.760575969743263,0.7913228202480822,False,RobustL2,onehot,0.6276878129597754,sobol,20,516,13,0.5131891017142484,0.9729089774521575,32991782,282.6035125255585,NVIDIA A100-SXM4-80GB,0.4867916325417455,0.8879741186245217,0.4931835783393799,4.603235986232757,57.08289337158203,0.539003898067143,1.0195332600326987,0.491048093329127,6.405822241306305,56.64045572280884,0.5296574465938552,1.0531141922899105,0.5356833777536738,9.463370418548584,56.351840019226074,0.5176451227913462,0.9982161763984017,0.5534013806551034,6.651789569854737,56.18773031234741,0.492847408577152,0.9057071399152551,0.5593906487264227,5.485023498535156,56.327003955841064
54,140,1,0.0,100,1024,0.0,0.0,4.658326152656228e-05,6,0.0,1,2,0.0001,2500,2500,0.0037898663431406,0.4710525460541248,32,32,0.5,0.5,False,RobustL1,onehot,0.5595400901604444,simplex,4,880,14,1.148163505650824,1.4451384137490664,1850190,94.37833499908447,NVIDIA A100-SXM4-80GB,1.0857058774687178,1.3370525892460632,0.8474330906473014,7.021597445011139,18.775951147079468,1.1921073671712679,1.5172899331180203,0.7781418605960015,8.403865950107575,18.7515230178833,1.1869552660299045,1.529861268403224,1.112775899481659,10.599869441986083,18.73737144470215,1.1322252016942482,1.439669916149382,0.8259593085137815,9.590412378311157,18.783950567245483,1.1438238158899807,1.4018183618286422,1.2712092794615908,8.944018721580505,18.86943531036377
55,159,1,0.0,100,1024,0.0,0.0,1e-07,13,0.0,1,2,0.0001,2500,2500,0.0,0.0,32,32,0.5,0.7412002219680697,False,RobustL2,mat2vec,0.8898352407198399,simplex,2,516,15,1.1512184141626913,1.4461270753508124,1850190,314.45636320114136,NVIDIA A100-SXM4-80GB,1.1008836717144803,1.342044573214645,0.8615271985583092,7.012554407119751,63.364577531814575,1.215940470918123,1.5136237746450873,0.7993091899374024,8.24767156124115,62.97975277900696,1.1419409133013374,1.530154388323424,1.0203120719497278,10.74808497428894,62.867032527923584,1.1517756243145558,1.4403249645263665,0.8420462629564769,9.484214544296265,62.66493201255798,1.1455513905649601,1.404487676044539,1.2748684501453886,8.921165108680725,62.39631414413452
56,26,7,0.7523817839100957,734,2561,0.2442179080098867,0.3387354463338852,3.093075368115679e-05,18,0.0872942756861448,3,4,0.0051057173465378,6385,6317,0.6335282688960433,0.4783791080117225,167,425,0.5932427861342207,0.6771769774356857,True,RobustL2,magpie,0.5079459203686565,sobol,20,969,16,0.5029709881516882,0.9490073937751561,44654157,148.64183855056763,NVIDIA A100-SXM4-80GB,0.4936461271809962,0.9162354086826041,0.4933990902717058,5.356418375968933,29.568219900131226,0.5039860327184265,0.92534735557636,0.41458613159479357,6.400203251838684,29.546160459518433,0.5372408692456223,1.0044344583616966,0.6587000929199628,7.8746143817901615,29.912886142730713,0.5101343099845738,0.9949306220084962,0.5206601619649494,7.528903532028199,29.74225115776062,0.4698476016288218,0.9040891242466232,0.6035912782485614,4.578782081604004,29.857106924057007
57,5,1,0.8573884153738618,529,2633,0.6257636370137334,0.7047752747312188,6.347130839303136e-05,12,0.0669490952044725,1,4,0.0015335989602841,3391,5576,0.0663978857919573,0.5480979550629854,64,486,0.7581668277322315,0.950387189853564,False,RobustL1,magpie,0.5510904728621244,sobol,20,888,17,0.4546715256466241,0.9900850553880167,6469007,93.52328085899353,NVIDIA A100-SXM4-80GB,0.4142098080995417,0.888736643268395,0.4561981573054591,6.292041485309601,18.643632173538208,0.4850242238686734,1.002306768862522,0.4325345555221966,7.053991663455963,18.671693086624146,0.4880883371454626,1.085104083277474,0.4902726707173537,9.262338175773621,18.76298427581787,0.45236064590020236,1.063605616579029,0.5078386077372363,10.462635278701782,18.503315448760986,0.43367461321924045,0.9106721649526638,0.5799652609317252,6.7518775224685665,18.928255558013916
58,13,4,0.0282419687137007,569,1772,0.0467417687177658,0.6920365449041128,2.5732611887715755e-05,19,0.0516668634489178,2,7,0.003369099683687,8403,3535,0.1547738779336214,0.6796066360548139,143,252,0.8015164145179092,0.9776669780516998,False,RobustL2,magpie,0.8445341904181987,sobol,20,842,18,0.6940032098466387,1.1148723895080932,15897486,166.9538254737854,NVIDIA A100-SXM4-80GB,0.652588979355287,1.0401749377097425,0.5508845384301659,5.9501121044158936,33.28676462173462,0.7516957084570852,1.1743071337464228,0.5899788894317713,6.440004663467407,33.26071619987488,0.7244434672302843,1.2068519878053277,0.792031576231228,9.484571409225463,33.489524126052856,0.6657748449923031,1.083702126807035,0.606359848815543,7.52063217163086,33.56408095359802,0.6755130491982336,1.069325761471938,0.7129699674366105,7.189826011657715,33.340219259262085
59,22,8,0.278741966933012,128,3596,0.6194054987281561,0.3838119124993682,6.016326666241512e-05,15,0.0544140719808638,6,5,0.0053374987225979,8454,5730,0.3012149715796113,0.5595242297276855,116,86,0.6492695214245469,0.7770332169428468,False,RobustL1,onehot,0.0474658545013517,sobol,20,366,19,0.8042211116440164,1.3788554978404357,9457348,14.218531847000122,NVIDIA L40S,0.7499457432366867,1.2438328920563284,0.7607784740775474,7.5904863476753235,2.8469221591949463,0.8742387034993995,1.4717219454842556,0.6871913862906881,9.433450775146484,2.833981513977051,0.8393930109989113,1.4226493294830864,1.0850202567331944,9.524273109436034,2.8328945636749268,0.7777965357702279,1.4069645523186913,0.9140499802027382,10.503628671169281,2.839658498764038,0.7797315647148567,1.3491087698598165,0.7712004482539102,7.49885106086731,2.8538854122161865
60,37,5,0.2867409167811274,595,3682,0.3963301796466112,0.6311882976442575,1.4938724575843662e-05,15,0.057654258981347,7,9,0.0047208388024009,6282,7072,0.0373048922047019,0.5272904634475708,80,485,0.600910357973259,0.8266543964575976,True,RobustL2,magpie,0.3371097705326975,sobol,20,869,0,0.49934415099686164,0.9712665188684163,31561744,129.60271334648132,NVIDIA A100-SXM4-80GB,0.48910731068522095,0.930113030854359,0.543632128381761,4.833202962875366,26.454790115356445,0.5146047397998206,0.9463189353959999,0.48845371809676674,6.2993134498596195,26.325615167617798,0.5313232650534209,1.1255096912573692,0.5239498541136512,11.11703143119812,26.327014207839966,0.4904755409455066,0.9542738259302198,0.49097152825034973,6.18096046447754,25.399814128875732,0.47120989850033884,0.9001171109041337,0.5282474440133769,5.2663092613220215,25.082707166671753
61,136,1,0.0,100,1024,0.0,0.0,2.8401433146651834e-05,5,0.0,3,2,0.0001,2500,5841,0.0,0.0,32,32,0.5,0.5,False,RobustL1,magpie,0.4438441294897348,simplex,3,841,1,1.125906291154061,1.4439607681977666,1850190,68.0070333480835,NVIDIA A100-SXM4-80GB,1.097768398195861,1.3404929018965326,0.859085262375997,7.009990751743317,13.565634965896606,1.2033309777525945,1.5161388659458261,0.7867462503360517,8.345897154808045,13.58929705619812,1.114762830278643,1.5315535368606832,0.9702863675181416,10.89340831041336,13.631549835205078,1.1087678615614596,1.440542462050727,0.8053157235272504,9.617429077625275,13.583247184753418,1.1049013879817466,1.3910760742350643,1.1787443312677481,9.169746339321136,13.624317407608032
62,2,4,0.7858066381886601,752,3506,0.5913253286853433,0.2968607665970921,3.738654552288354e-05,10,0.0082999797537922,6,8,0.0013131748533807,9234,5365,0.1828028243035078,0.2610943522304296,175,372,0.8590205609786324,0.937316362969391,True,RobustL2,onehot,0.8050973095092923,sobol,20,433,2,0.49420456881926605,0.9608270475362269,33142340,94.57730913162231,NVIDIA A100-SXM4-80GB,0.4215285692825897,0.8833698718441501,0.4573328929419276,5.662108919620514,18.9524884223938,0.4703453603655456,0.8936933062077725,0.3807753271884378,6.351081812381745,18.848011016845703,0.5204591922845436,1.085918830642558,0.5565126630245535,9.168398714065551,18.91457962989807,0.5212003849746092,0.9730752917472789,0.5151039029469189,5.8801386833190925,18.8461651802063,0.537489337189042,0.9680779372393753,0.570869365065113,6.164019584655762,19.002896785736084
63,177,3,0.0208885055035352,100,1235,0.0282597346231341,0.1271467646583914,1.229211188852787e-07,5,0.0043841664679348,1,2,0.0001116720334626,4132,2524,0.0095935733988881,0.0945998840034008,35,34,0.5195711118122562,0.5619446424099617,True,RobustL2,magpie,0.6504756972193718,simplex,20,504,3,0.9888965199296476,1.3742556795885197,2470871,292.5123314857483,NVIDIA A100-SXM4-80GB,0.9575367101758362,1.271792237029726,0.7731790517481707,6.770237445831299,58.6685254573822,1.0322646962586755,1.4400571871320835,0.7145447835424498,8.55065281867981,57.99937129020691,1.010648619080211,1.4729535568161725,0.9681078367106876,11.065462839603423,58.69060826301575,0.982513660664926,1.3770410209609514,0.8015702774621869,9.897424042224884,58.92032170295715,0.9615189134685891,1.3094343960036652,1.1030133649306542,9.179589986801147,58.21830916404724
64,95,4,0.6580276507884264,812,1191,0.5669715646654367,0.2476793872192502,2.86441170303151e-06,17,0.0528246326372027,2,6,0.0053647869867272,4868,3050,0.2761286832392216,0.6100239641964436,217,484,0.7715966639976948,0.8155516048458404,True,RobustL2,mat2vec,0.3684375663101673,sobol,20,629,4,0.5432436327982149,0.9972261220628724,21524990,121.7052161693573,NVIDIA A100-SXM4-80GB,0.5200441636169384,0.9572377853776415,0.5162837843121859,5.844869260787964,24.241244792938232,0.5550377716031836,0.999626906121713,0.5158993168564813,6.409153425693512,24.393482208251953,0.5788385563719932,1.091407244195808,0.6986615482459296,9.422046804428101,24.361571073532104,0.5522141478180757,1.0276447956191357,0.5394600965697588,6.0238974571228034,24.348644733428955,0.5100835245808829,0.9102138790000637,0.6089520476108885,5.495790958404541,24.348248720169067
65,185,1,0.0656133824959397,118,1193,0.00428057461977,0.0282560326159,5.857797881588339e-07,5,0.0066609566099941,1,2,0.0002434113411232,2624,3561,0.0894992230460047,0.0126312738284468,41,104,0.5147915719064884,0.598170125772059,True,RobustL2,magpie,0.038575962986797,simplex,20,85,5,1.1058856147167062,1.4420165648985503,1983447,4.625768423080444,NVIDIA A100-SXM4-80GB,1.0182252493639852,1.3482022476746,0.7843386153613442,7.253495633602142,0.9685814380645752,1.2417928575304509,1.5022687366898166,0.8362079296204559,8.122905688285828,0.9367458820343018,1.0932944134133387,1.5374765795515206,0.9352225452124742,10.933567833900451,0.9162254333496094,1.0835369512131368,1.43004021665683,0.7872297265337274,9.713450610637665,0.905881404876709,1.0925786020626191,1.3920950439199835,1.1660659669463593,9.027650535106659,0.8857066631317139
66,72,8,0.3696585986763239,959,3792,0.3032453022897243,0.4120373846963048,2.231523643862456e-05,16,0.0962016810663044,2,9,0.0048381608949042,8783,9973,0.017813179641962,0.0922226682305336,55,503,0.9050604366072454,0.9773988466431388,True,RobustL2,magpie,0.7270327040180564,sobol,20,0,6,0.9443051415330412,1.3203571055275654,91373382,607.5514721870422,NVIDIA A100-SXM4-80GB,0.8984436520471376,1.2125229092059508,0.703105977841752,5.980975866317749,121.86712789535522,0.9757595402707753,1.3615501860760857,0.6497221012185985,8.598292605876923,121.59007501602173,0.9782489808180433,1.4374088105599643,0.8347245595067339,11.042204689979553,121.93366813659668,0.9587320467095163,1.352847021614382,0.7728300941993841,9.752989053726196,121.76037359237671,0.9103414878197338,1.237456600181443,0.9788699953009212,9.134113729000092,120.38700127601624
67,2,4,0.7858066381886601,752,3506,0.5913253286853433,0.2968607665970921,3.738654552288354e-05,10,0.0082999797537922,6,8,0.0013131748533807,9234,5365,0.1828028243035078,0.2610943522304296,175,372,0.8590205609786324,0.937316362969391,True,RobustL2,onehot,0.8050973095092923,sobol,20,448,7,0.5224813477467766,0.9867158409366723,33142340,91.48040318489075,NVIDIA A100-SXM4-80GB,0.44471657978465834,0.8764086545159958,0.5106719599089421,5.774705235958099,18.36017942428589,0.610891183790762,1.0908968027026957,0.5304007680446772,6.381645584106446,18.15416193008423,0.5222375821821335,1.0354664345695006,0.5718763750777153,7.792190170288086,18.28597092628479,0.4703938313260529,0.929268938720418,0.5240567270840153,5.933602142333985,18.285168409347534,0.5641675616502762,1.0015383741747514,0.6406888623832613,4.904409408569336,18.381454467773438
68,77,3,0.3644325947389006,414,1575,0.4598170733079314,0.2402849625796079,4.091169823892415e-05,12,0.0539672559127211,5,4,0.0043089681969955,9276,3221,0.6225620666518807,0.1644344227388501,103,141,0.9119592869837768,0.9674023376158438,False,RobustL1,mat2vec,0.6061731544602662,sobol,20,602,8,0.43314187436051654,0.9595007580189817,8294607,89.3192150592804,NVIDIA A100-SXM4-80GB,0.40406764061520856,0.8693753462033136,0.5225819744746932,6.4071456241607665,17.917044401168823,0.43583444158236184,0.920633873107767,0.3800752853751005,6.564569072723389,17.861432790756226,0.45845977647943936,1.0933010465563,0.48505408650005666,11.10221574306488,17.88484025001526,0.4549930054590058,1.034123430885634,0.476654839998881,8.366718196868897,17.830265760421753,0.41235450766656706,0.8800700933418939,0.5418802327080555,5.875113773345947,17.81324028968811
69,155,1,0.0,100,1283,0.0,0.0,1e-07,5,0.0,1,2,0.0001,9167,2500,0.0,0.0,33,42,0.5,0.5,False,RobustL2,mat2vec,0.124908831147477,simplex,4,291,9,1.1390669763946717,1.4443563279661062,1902249,17.37408471107483,NVIDIA A100-SXM4-80GB,1.074324338526731,1.336220212434832,0.8351488022363542,7.085534989833832,3.525230884552002,1.1880359972571706,1.5170083415522873,0.7744078346390985,8.388548510074616,3.5228323936462402,1.1770872661215734,1.5266515615652918,1.1000428666094335,10.628780913352966,3.3932127952575684,1.117477435871522,1.4429297513980848,0.8116413753587505,9.6216601729393,3.4063026905059814,1.138409844196361,1.398971772880037,1.250651720382218,9.030698597431183,3.5139999389648438
70,3,3,0.9398844474926592,817,2399,0.3081080336123705,0.0862418944016099,2.9842352594155817e-05,9,0.0015753546729683,3,6,0.0022947807597927,5178,2861,0.591187990270555,0.3320656297728419,80,301,0.8367151129202917,0.855960675734561,True,RobustL1,magpie,0.8273953034635633,sobol,20,878,10,0.414133950513193,0.9370024895209494,22978755,120.50063490867615,NVIDIA A100-SXM4-80GB,0.3667763060519025,0.8129489663876237,0.5081025437525167,6.381603960990906,24.046302318572998,0.44822665216221225,1.025083022147616,0.4168184143566721,7.922012448310852,24.052653551101685,0.4544073097027604,1.0861618737606549,0.5152955964808785,10.062685465812683,24.078440189361572,0.4139992960721222,0.9117508893147092,0.4617605002057346,6.961838722229004,24.054497718811035,0.3872601885769678,0.8490676959941441,0.5477097314601214,5.599028384685516,24.095473766326904
71,130,1,0.0,100,1024,0.1973199667409062,0.0,1e-07,5,0.0,1,2,0.0013266724582761,2500,2500,0.0,0.5947694471105933,32,32,0.5,0.5,True,RobustL1,onehot,0.3923697766568512,simplex,3,527,11,1.1274953312118066,1.442304991648405,1850190,61.87892460823059,NVIDIA A100-SXM4-80GB,1.0906954657034815,1.3341531594559162,0.8517024338158573,6.98833167552948,12.337729454040527,1.2028887064345626,1.5107975464665482,0.7890960500793469,8.348471002578735,12.19033169746399,1.1205268258095824,1.5328264081591876,0.9806046843260423,10.843694102764129,12.411456823348999,1.1210558517075,1.4370546614761364,0.813786886627996,9.643313229084015,12.511791944503784,1.1023098064039065,1.396693182684237,1.1765667515433016,9.10476303100586,12.413780450820923
72,34,9,0.8794185519218445,787,3917,0.2564211981371045,0.7401254381984472,8.815862183487044e-05,15,0.0774255259893834,6,9,0.0011740560030564,6774,9153,0.1973283654078841,0.6485410425812006,252,51,0.7540428347917274,0.7894919664948248,True,RobustL1,magpie,0.7154642683919519,sobol,20,20,12,0.4299700807390214,0.9454004261178923,80903571,202.14367294311523,NVIDIA A100-SXM4-80GB,0.4332106583462735,0.9102785337398694,0.41127498748366476,5.256272959709167,40.70858955383301,0.4239397031101161,0.9197766496891395,0.4159601047707286,6.402331912517548,40.42180323600769,0.47136970273058265,1.102090294334604,0.49415347920452096,11.104351615905761,40.39430260658264,0.3811375797506782,0.8587346832345145,0.4419583351325694,6.599965131282806,40.32594704627991,0.4401927597574566,0.9361219695913341,0.5107230822779569,7.232693541049957,40.27990007400513
73,10,7,0.1007171487435698,187,1235,0.401429689489305,0.1589441178366542,3.8225836026854815e-05,16,0.0685982652939856,8,8,0.0011200524124316,5237,9911,0.2037902483716607,0.1424532840028405,121,476,0.862706396554783,0.9594170634645036,False,RobustL2,mat2vec,0.0663110405392944,sobol,20,853,13,0.9700813202757222,1.3887253485762856,5941947,23.515098571777344,NVIDIA A100-SXM4-80GB,0.9358249605258565,1.267739314266533,0.7840863791766093,6.135454416275024,4.734044790267944,0.9588503078969112,1.4095299064105646,0.70486272561227,8.714441137313843,4.8060150146484375,0.9645713873574839,1.4947263748531452,0.7610683086551746,11.416321289539336,4.6292405128479,1.0428004429472386,1.434773864254823,0.7630528605702936,10.133955657482147,4.632845163345337,0.9483595026511212,1.3368572830963612,0.9492372926458513,9.786885261535645,4.699265956878662
74,53,6,0.7776932585984468,311,3388,0.4239143179729581,0.5319194793701172,8.765972994975747e-05,9,0.005438211467117,7,4,0.0008286743460223,7655,6835,0.4154753014445305,0.2933261701837182,246,200,0.8906014675218612,0.9792295812109486,False,RobustL1,onehot,0.5697752467915416,sobol,20,498,14,0.4971563629627183,1.042589755202709,17138358,48.038883686065674,NVIDIA A100-SXM4-80GB,0.47201356430783725,0.9548184705571016,0.5222355449429859,5.580013859272003,9.572159767150879,0.4804722301061715,0.995655931307942,0.4262926039300696,6.388188028335572,9.650940179824829,0.5761611567465154,1.210971339251208,0.5428099995992148,9.962462759017944,9.601094245910645,0.47568238335763724,1.028103398082351,0.482713804305884,7.289961338043213,9.639052391052246,0.48145248029543003,1.0233996368149425,0.5903326378921585,7.162903761863708,9.563155174255371
75,7,9,0.7717215055599809,955,3062,0.8008017484098673,0.1795333810150623,5.101467840261758e-05,10,0.0502855791710317,6,5,0.0037801931755617,6556,7851,0.0128731951117515,0.022907679900527,87,234,0.8278409215758555,0.987188081934396,False,RobustL1,mat2vec,0.3296594767551869,sobol,20,179,15,0.8948861634491074,1.535727422811367,88973784,133.8011200428009,NVIDIA A100-SXM4-80GB,0.8072458125506886,1.2982082015926881,0.8972407283810468,6.70588755607605,26.691608667373657,0.9407357107505735,1.5703630832380273,0.7876282069896394,9.317881779670715,26.90924382209778,0.9257072005145065,1.6067394098636274,0.9108127343220462,11.693452668190002,26.80742311477661,0.9201200769946837,1.6424837492338429,0.8955777436220377,10.495485305786133,26.596639156341553,0.8806220164350842,1.5608426701286484,0.8769019862033673,9.99171108007431,26.782379627227783
76,181,2,0.0240851892158389,243,1026,0.0349728511646389,0.0256971148774027,2.431268520839512e-06,7,0.0054684491828084,1,3,0.0001083463862538,2568,4083,0.0022844802588224,0.0300389351323246,37,57,0.506845319815632,0.5175581282623112,True,RobustL2,magpie,0.5577099956478924,simplex,20,588,16,0.9935600813733216,1.3760569790398944,3411430,126.46870040893555,NVIDIA A100-SXM4-80GB,0.9542790145594445,1.273720378395469,0.7728702045650421,6.647298455238342,25.371028900146484,1.0490994965991292,1.4551398434335123,0.7346982729756495,8.338994102478027,25.161151885986328,1.0047284009531707,1.472195513430407,0.9456357955174528,10.941865932941436,25.22607946395874,0.9829420236681753,1.37310758996747,0.758008282957576,9.699100732803345,25.48525357246399,0.9767514710866887,1.3061215699726152,1.1814780100188254,9.047585546970367,25.21044898033142
77,152,4,0.0,100,1024,0.0,0.0,1e-07,5,0.0134473460726439,1,2,0.0001,2500,2500,0.0,0.4169645318761468,32,32,0.5,0.5478187356614508,False,RobustL1,onehot,0.6525125578604639,simplex,4,475,17,1.1337656216686822,1.4429982179460175,2590362,203.91450333595276,NVIDIA A100-SXM4-80GB,1.0991625097416642,1.3404470508618471,0.8622219090067177,7.011291444301605,40.478275537490845,1.177470539302184,1.5174097611508797,0.7709464771985093,8.4119571018219,41.18153166770935,1.1241104527405108,1.5260960012339886,0.9941830722808975,10.859663677215575,40.7175395488739,1.148752856557455,1.4398459166731856,0.8412640325687984,9.51034128665924,40.996925830841064,1.1193317500015965,1.3911923598101867,1.2270368637037583,9.025046050548553,40.52689743041992
78,180,1,0.0074558891355991,140,1032,0.0165271246805787,0.0619109096005559,9.440078037884088e-06,7,0.0025573723018169,1,2,0.0002488853519782,3030,2706,0.0170827750116586,0.0076926369220018,35,141,0.5043530864592641,0.592473323487211,False,RobustL1,magpie,0.4089235527906567,simplex,20,49,18,0.9598751307344416,1.519381853378498,2063078,66.38103890419006,NVIDIA A100-SXM4-80GB,0.9153281089433759,1.4020045528388936,0.7959661353682415,7.302441358566284,13.300860166549683,1.027691025988934,1.6027769221427492,0.7493923537366434,9.222186880111694,13.264724254608154,0.9959827444905437,1.6318767371886134,0.8413270760775464,11.59933180809021,13.276198625564575,0.9477818899550733,1.5242482849508538,0.7816382709296973,10.36618846654892,13.260080575942993,0.9125918842942818,1.4360027697713793,0.8716569855019243,9.83140617609024,13.267066955566406
79,164,1,0.0219723619520664,117,1345,0.0534940203651785,0.0055885352194309,1.3346777414530516e-05,6,0.0041141921654343,1,2,0.000470376077108,2738,2804,0.0243795998394489,0.1255427561700344,33,100,0.5092771708445624,0.513844338577427,False,RobustL1,mat2vec,0.695179326031357,simplex,20,582,19,0.9196362424291153,1.5266166588995127,2007703,72.43624711036682,NVIDIA L40S,0.8803487676026119,1.4244338131709213,0.8046705471919108,7.320020318031311,14.480201244354248,0.9920589762466608,1.626660963095431,0.7778310588752321,9.131120340824127,14.448874235153198,0.9573768235521389,1.6302473469323926,0.842313462667951,11.56165016889572,14.525316715240479,0.9035437033010746,1.5177164445809788,0.8014675068410886,10.368714213371277,14.499239444732666,0.8648529414430908,1.4340247267178385,0.8867812965573949,9.804384291172028,14.471267938613892
80,168,2,0.040842231363058,116,1057,0.0503456303849816,0.05627326015383,3.822471488360316e-06,8,0.0003625035285949,2,2,0.0007067946000024,2749,2634,0.057058397680521,0.0066055301576852,32,51,0.5043079552134498,0.5224064186175353,False,RobustL1,onehot,0.2417837024759501,simplex,20,692,0,0.9101580651518886,1.5144978990066325,2241748,70.14593195915222,NVIDIA A100-SXM4-80GB,0.8635978014280173,1.389070758420649,0.7929948467422319,7.233129620552063,14.042973756790161,0.9842105800217578,1.623771385566609,0.7825347413576033,9.23098088979721,13.965698957443237,0.9556483855167248,1.6397141418163252,0.8478974508133692,11.560786616802215,14.009905099868774,0.8908715340808988,1.510514145498506,0.8111016253942963,10.21459150314331,14.111756563186646,0.8564620247120442,1.4094190637310722,0.9382182329239221,9.891734421253204,14.003515481948853
81,32,10,0.6059065479785204,977,2345,0.2083142204210162,0.4024061411619186,4.775970451431349e-05,7,0.0642263977788388,7,8,0.0019593516089953,3324,3567,0.4784601777791977,0.6819827705621719,84,321,0.6604713524187915,0.8122482605120167,False,RobustL2,onehot,0.3409964234940708,sobol,20,769,1,0.6903138747512312,1.137737345255011,87562320,104.65639305114746,NVIDIA A100-SXM4-80GB,0.602870424381426,1.0373934388351793,0.6807200908386732,5.839921951293945,21.087183713912964,0.7321207768870487,1.194883036725963,0.6233062877907865,5.925975160598755,20.78087830543518,0.7679588163300265,1.2538099290943365,0.858843128477651,8.71183819770813,20.876152992248535,0.5925968054011383,1.052007341442992,0.652394376077415,6.861154460906983,20.859371423721313,0.7560225507565166,1.1505929801765837,1.0341442173751334,6.892865896224976,21.038320779800415
82,27,9,0.791993722319603,152,1091,0.6854086760431528,0.1212011408060789,6.325836060754955e-06,14,0.0411593989469111,8,5,0.0019341539636254,8738,6435,0.7075724406167865,0.4973857505246997,235,256,0.8324789618178271,0.8843443227693439,False,RobustL1,magpie,0.933694951608777,sobol,20,232,2,0.4436969454665999,0.9477398551769269,5559265,169.35192680358887,NVIDIA A100-SXM4-80GB,0.41369580249444665,0.8767315974051691,0.49076334312081327,5.715728244781494,33.78821802139282,0.4610719121486175,0.9566134485132447,0.39291517763827133,6.401765608787537,33.798884868621826,0.4954819413906329,1.0381381021674463,0.4846401399463034,7.797812604904175,33.93297457695007,0.4248380823917161,0.9520501547914011,0.45766617940457693,7.726150417327881,33.79164958000183,0.423396988907586,0.9151659730073735,0.5661171547524345,5.6103160738945,34.0262815952301
83,53,6,0.7776932585984468,311,3388,0.4239143179729581,0.5319194793701172,8.765972994975747e-05,9,0.005438211467117,7,4,0.0008286743460223,7655,6835,0.4154753014445305,0.2933261701837182,246,200,0.8906014675218612,0.9792295812109486,False,RobustL1,onehot,0.5697752467915416,sobol,20,940,3,0.5050694716987161,1.0428473895419672,17138358,111.37374377250671,NVIDIA A100-SXM4-80GB,0.4511167950635365,0.9456424121595227,0.524680890589802,5.425758144855499,22.052045106887817,0.5745018791207533,1.094607515218136,0.4965414032551275,6.4028280019760135,22.146072387695312,0.5317927873173444,1.1552705054000787,0.48168023748497657,11.05775556564331,22.641711711883545,0.481972079955276,1.0143063489798283,0.5149042955383346,6.273901748657227,22.315335035324097,0.48596381703667013,1.0044101659522697,0.5625083554312917,7.279844391345978,22.204936027526855
84,150,7,0.0,100,1024,0.0,0.0,1e-07,5,0.0278914508409798,1,2,0.0001,2500,2500,0.0,0.0,32,32,0.5,0.5,True,RobustL1,magpie,0.4970691632479429,simplex,2,824,4,1.1331056440211549,1.4406062789522849,3330534,446.5325994491577,NVIDIA A100-SXM4-80GB,1.099341253913316,1.335879144851509,0.8655761235394804,6.947756409645081,87.75500059127808,1.1751821934387296,1.515316412085877,0.7725273641838799,8.473759906291962,89.20958709716797,1.1642349673352983,1.5250037006988444,1.0682576866623341,10.681886029243469,90.03176140785217,1.1383306860716673,1.437132579486285,0.8302327681378204,9.569769561290741,89.52932000160217,1.0884391193467637,1.3896995576389097,1.1511958005975065,9.17036783695221,89.99526834487915
85,114,1,0.0,100,1024,0.0,0.0,1e-07,5,0.0,1,2,0.0001,2500,2500,1.0,0.0,32,32,0.5,0.5,True,RobustL1,magpie,0.7096366852521896,simplex,1,550,5,1.1358470618123173,1.4446470446715831,1850190,109.60752749443054,NVIDIA A100-SXM4-80GB,1.071009828102058,1.3371289938899158,0.8298675861596814,7.098582744598389,21.846238374710083,1.1871733264788482,1.5206635844647265,0.7744353430025276,8.45972778081894,21.630871057510376,1.1204178622750065,1.5278447991314918,0.9757418983836419,10.874602389335632,21.827046632766724,1.1605116275337957,1.4396421633801502,0.8569991243420048,9.45182728767395,22.13135051727295,1.1401226646718774,1.3979556824916315,1.263970841888613,8.951314210891724,22.160627603530884
86,61,7,0.3470772001892328,972,2153,0.414812077768147,0.0429478185251355,5.457252050833777e-05,9,0.0318934471346437,5,6,0.0043836685627698,4715,5877,0.673108353279531,0.4608161384239793,251,250,0.5583034748393111,0.7600941527940333,True,RobustL2,magpie,0.2020246171019971,sobol,20,418,6,0.956665631358361,1.347395937238988,59392877,33.10789966583252,NVIDIA A100-SXM4-80GB,0.9037841389647783,1.2398750135577843,0.7066007528899936,6.246090650558472,6.62361216545105,1.005704444233939,1.39106063309564,0.7368567965484972,7.988808946609497,6.561440467834473,0.9351757423186534,1.424513885566725,0.8213208015719438,11.232837003469466,6.588613271713257,0.9790596899717042,1.3856290680130405,0.8550936109350021,9.8528413772583,6.567107439041138,0.9596041413027308,1.295901085961751,1.1892010185350084,8.956289291381836,6.580630779266357
87,186,3,0.0056536113843321,129,1158,0.0089367441833019,0.0596018955111503,1.1206848506629468e-05,6,0.0048692557960748,1,3,0.0001623434930108,2519,2853,0.0283484412357211,0.0095937428995966,35,80,0.5143778112445958,0.5573967762016692,True,RobustL1,onehot,0.7406581996660679,simplex,20,921,7,0.9504465923039203,1.5194339826537944,2759320,189.25128960609436,NVIDIA A100-SXM4-80GB,0.9102657245308259,1.4014713694568164,0.7901701449596801,7.264685213565826,37.52932572364807,1.0189648621465432,1.6252519837490802,0.7727857913761238,9.134500102996826,37.080042123794556,0.978794555647236,1.6273920148883816,0.8321033631223955,11.551271629333495,38.21055269241333,0.9394878064680048,1.5186570766414098,0.7841355789094349,10.350381314754486,38.168569803237915,0.9047200127269911,1.4243974685332843,0.8931214384603674,9.868363559246063,38.2494375705719
88,197,1,0.0331214014440774,149,1156,0.1456265700981021,0.0438539441674947,5.574031340889633e-07,8,0.013057361729443,1,2,0.0002592575622722,2875,3009,0.0305202407762408,0.0271645598113536,36,41,0.5082431165036745,0.5151379327321425,True,RobustL2,mat2vec,0.7314244567509741,simplex,20,449,8,0.9774299442134863,1.361361156355421,2143698,135.65585112571716,NVIDIA A100-SXM4-80GB,0.9241056403042051,1.2602829015774546,0.7382013122575182,6.429075717926025,27.028770208358765,1.0285657813391131,1.4185025012425148,0.716273461496326,8.45303876876831,27.144128799438477,1.007863380239789,1.4618024246130887,0.9424891346114066,10.913916599750518,27.302862405776978,0.9712523567844809,1.3627274520331218,0.770322574972666,9.735975444316864,27.071683406829834,0.9553625623998434,1.3034905023109258,0.9997307379596402,9.13910561800003,27.095911026000977
89,162,2,0.0228604739531874,135,1114,0.0253851097077131,0.120734135620296,2.4135280065238475e-06,5,0.0080696924589574,1,2,0.0005963056249544,2823,2571,0.0530172120779752,0.0760754458606243,58,56,0.5133574110865593,0.5175860381420702,True,RobustL1,mat2vec,0.5196089873462916,simplex,20,336,9,0.9293533881474847,1.5205527251595607,2443090,56.14617681503296,NVIDIA A100-SXM4-80GB,0.8888934402331208,1.4135936094925536,0.8026706184403262,7.307992696762085,11.234270095825195,0.9949332406518256,1.5952896921829407,0.7523461275020423,9.248257474899292,11.277270317077637,0.9677764344370715,1.6231496747737342,0.8643688979382934,11.533692014217376,11.255889654159546,0.9126017528714109,1.498719239789282,0.7964201361171028,10.216539859771729,11.209449291229248,0.8825620725439943,1.4720114095592922,0.8880520903345619,9.88090980052948,11.050518035888672
90,190,1,0.1064701871946454,232,1223,0.0505575127899646,0.0764905652031302,2.790081908553838e-06,6,0.0033908474259078,1,2,0.0003817097074352,2767,2762,0.0574867175891995,0.0402624011039733,46,41,0.500349513187632,0.520505698913522,True,RobustL1,magpie,0.2682246661465615,simplex,20,495,10,0.896809657780171,1.493614279175175,2686413,28.532187700271606,NVIDIA A100-SXM4-80GB,0.8476610356019193,1.3518887395821648,0.7666901951970492,6.531118631362915,5.710509777069092,0.9780447489819231,1.6220977420414915,0.7743399516474835,9.221644895076752,5.693471431732178,0.9456236272836741,1.5788524609986747,0.8587249641355812,11.376535427570342,5.712523698806763,0.8720143255892326,1.5046173891840227,0.7978367601209455,10.2557452917099,5.68953275680542,0.8407045514441054,1.4106150640695212,0.897115096265532,9.935184240341187,5.7139880657196045
91,126,1,0.0,100,2752,0.0,0.0,1e-07,5,0.0,1,2,0.0001,2500,2500,0.0,0.0,130,32,0.5,0.5,True,RobustL1,mat2vec,0.9077159238420428,simplex,2,764,11,1.1305458610811034,1.4435272496873939,2197518,35.95085525512695,NVIDIA A100-SXM4-80GB,1.0792496768115787,1.3342191894403561,0.8457413221917536,7.0388343334198,7.211258888244629,1.1737243303077358,1.5234099010119388,0.7648385574756628,8.487948315143585,7.174131631851196,1.1444610535334816,1.5300815738933689,1.0186237172889312,10.773523998260497,7.30505895614624,1.1469041924833865,1.4386533340457865,0.839221492461593,9.517612755298615,7.116290807723999,1.1083900522693344,1.3912722500455192,1.193845330608991,9.078834414482117,7.1280858516693115
92,28,4,0.2329041725024581,747,3086,0.132601766847074,0.5919050481170416,6.231370052490384e-05,12,0.0791770302690565,3,10,0.0038073322887532,6049,6078,0.2477751262485981,0.7715710084885359,99,493,0.5185575801812112,0.6227861331813037,True,RobustL2,mat2vec,0.1159176873322576,sobol,20,597,12,0.7428815545912288,1.1897603200074802,30518778,27.989068031311035,NVIDIA A100-SXM4-80GB,0.6974963105022584,1.1077974742315686,0.7076360628432998,5.718803405761719,5.583253383636475,0.7531783863012228,1.2378092067516309,0.641162291900288,7.810847477912903,5.602632999420166,0.79256381350801,1.2805444979990732,0.8732249959819125,10.814410400390624,5.568363666534424,0.7187243524747097,1.2072863984297688,0.6554543293088404,9.110792899131775,5.6558144092559814,0.7524449101699435,1.11536402262536,1.0596844932245244,8.521499395370483,5.566306829452515
93,4,6,0.006893528625369,546,3674,0.7515398329123855,0.6194446990266442,8.621740272725002e-05,15,0.0655870469287037,8,3,0.0041665181167423,9726,9538,0.1136073991656303,0.9368172641843556,160,58,0.5306143237360753,0.649339364562463,False,RobustL2,magpie,0.1604104904085397,sobol,20,763,13,1.0994645536956906,1.437681465288039,33739778,34.40939664840698,NVIDIA A100-SXM4-80GB,1.06800415297414,1.3268587539729333,0.8264267421163081,7.058165490627289,6.810359239578247,1.1345903804480835,1.520272002483474,0.7463814775134882,8.610345737934113,6.714157819747925,1.130498731959526,1.5235903763304934,1.0160791745914672,10.797870707511901,7.207007646560669,1.097770739556912,1.432420195269217,0.8023366506287297,9.663544535636902,6.937711000442505,1.066458763539791,1.3852659983840763,1.1062266441145308,9.17307299375534,6.7265706062316895
94,95,4,0.6580276507884264,812,1191,0.5669715646654367,0.2476793872192502,2.86441170303151e-06,17,0.0528246326372027,2,6,0.0053647869867272,4868,3050,0.2761286832392216,0.6100239641964436,217,484,0.7715966639976948,0.8155516048458404,True,RobustL2,mat2vec,0.3684375663101673,sobol,20,384,14,0.5669013708545793,1.046046801866928,21524990,51.820579528808594,NVIDIA A100-SXM4-80GB,0.5072814450460718,0.9576487832317803,0.5811566730845099,6.53792129278183,10.410137176513672,0.587734016499742,1.0727715586335222,0.5530517027001226,6.424889588356018,10.379360675811768,0.5708504400100564,1.1256593571058564,0.5854328865256561,9.0336181640625,10.423897504806519,0.5842247912290948,1.0913106525436729,0.5553992680299317,8.051110410690308,10.343218803405762,0.5844161614879317,0.9828436578198072,0.5991615286807956,7.504105567932129,10.25221061706543
95,73,3,0.2282498404383659,311,2062,0.3296338813379407,0.1664774399250745,5.1403009569272406e-05,6,0.0749033896252513,6,7,0.0005201864955015,8583,9291,0.3740842938423157,0.5879840906709433,202,487,0.6182456667132675,0.9383543867443688,False,RobustL1,onehot,0.5197860739938914,sobol,20,551,15,0.7847062016644824,1.3201858047791082,7123056,24.691200971603394,NVIDIA A100-SXM4-80GB,0.7538361037916521,1.2433007967380219,0.8386756781272275,6.083032851219177,5.169015407562256,0.8398056461471947,1.3338374672062656,0.7439873280198934,7.810987548828125,4.9325244426727295,0.8150283546401158,1.4378879940760405,0.8811017110177745,11.125237536430358,4.63623309135437,0.7736449423830362,1.350157309616458,0.7660468766967687,9.876173460483551,5.026582956314087,0.741215961360413,1.2357454562587558,0.929636468601038,9.461666345596313,4.913461208343506
96,67,6,0.5113354362547398,191,2163,0.8999665090814233,0.4228230509907007,8.56200008302927e-05,7,0.0849138068966567,1,6,0.0030149660799652,2541,7811,0.2028707833960652,0.2116919299587607,90,265,0.908516419322975,0.9496446407704614,True,RobustL1,magpie,0.8967566266003996,sobol,20,348,16,0.44936493304628033,0.9621088814508495,7702008,155.54871344566345,NVIDIA A100-SXM4-80GB,0.4148403972471446,0.8827165768761203,0.5257970584293293,5.2756458568573,31.190815210342407,0.4551895975186434,0.9248362664956449,0.398465204538589,6.404072189331055,31.061389207839966,0.5133508114421277,1.1048842939064127,0.5259965629176652,9.459235632419587,30.94739055633545,0.4261311642095916,0.9594667908160062,0.47778377277798173,7.110187435150147,31.033859252929688,0.4373126948138942,0.9386404791600634,0.5337685603747241,7.004744207859039,31.301711797714233
97,195,1,0.0505648339167237,191,1640,0.0772506147623062,0.0218768464401364,3.245984951034189e-07,6,0.0018028551712632,1,3,0.0001417893464677,2760,2746,0.0190678555518388,0.0200602449476718,64,40,0.5040965183669701,0.5181008336115629,False,RobustL2,onehot,0.1434438513964414,simplex,20,173,17,1.0858922363902983,1.425934156937777,2590958,13.180171251296997,NVIDIA A100-SXM4-80GB,1.0345129417001102,1.3138276365498864,0.7892999888842237,6.993524789810181,2.663498640060425,1.1472334563770978,1.5036310581056822,0.7530561378816201,8.499518411159515,2.5983424186706543,1.1134612724887174,1.5047871956360557,1.031570333066527,10.659722280502319,2.5858805179595947,1.0739379160308424,1.4276833106956417,0.7759118605293422,9.706278860569,2.6235556602478027,1.060315595354723,1.3797415837016194,1.104583644477449,9.126458942890167,2.695344924926758
98,132,1,0.0,100,1024,0.0,0.0,1e-07,5,0.0,1,2,0.0001,2500,8805,0.0,0.1592932976782322,32,32,0.5,0.5,False,RobustL1,mat2vec,0.9803842732310296,simplex,2,435,18,1.1280175486410728,1.4429790126364757,1850190,156.2362184524536,NVIDIA A100-SXM4-80GB,1.0542327250176222,1.3345975757349469,0.8178205397965868,7.123917758464813,31.375428199768066,1.1637863261148285,1.5197829893287,0.7601836869407671,8.491702394485474,31.138959407806396,1.1598029576191815,1.5256568356441222,1.047909185877375,10.719079446792602,31.251981735229492,1.1411037240872297,1.4379461873385149,0.8327136294447421,9.576538801193237,31.123294591903687,1.121162010366502,1.396911475136095,1.2195182917083816,9.031299829483032,31.333873510360718
99,182,1,0.0994709013029933,109,1091,0.0378968315199017,0.0280332695692777,8.035257656127215e-07,6,0.0049846763722598,1,2,0.0003341114583425,3250,3747,0.0050864433869719,0.0031815283000469,43,37,0.5221611140156165,0.5899171029091813,True,RobustL1,mat2vec,0.2195981042273342,simplex,20,386,19,0.9133755696037138,1.5098526422081282,1905833,16.113502502441406,NVIDIA L40S,0.8659391127890796,1.3722401407928158,0.7747790382161892,7.168235182762146,3.223557710647583,0.9918819506160599,1.6455623653925424,0.8018891705921268,9.108025448322296,3.2192862033843994,0.9376202818884007,1.584330686486291,0.8269822538556401,11.393931818008422,3.2162182331085205,0.9138287006501395,1.5686010524836853,0.8246715372968211,10.364465713500977,3.223723888397217,0.8576078020748885,1.3785289658853062,0.8928379101972986,9.73595541715622,3.2189178466796875
100,125,1,0.0,100,1024,0.0,0.0,1e-07,11,0.0,1,2,0.0011106947735883,2500,2500,0.0,0.0,125,32,0.5,0.5,True,RobustL2,magpie,0.3336546096485108,simplex,4,875,0,1.140901380024714,1.4444391967773478,1850190,25.608808279037476,NVIDIA A100-SXM4-80GB,1.0783918370693177,1.337626351665815,0.8379744701836536,7.080596506595612,5.161906003952026,1.1789115662398737,1.5233232385194166,0.7695104001080062,8.45329089641571,5.028589248657227,1.1577241692455014,1.52496576665643,1.0506131746312481,10.725128662586211,5.151993989944458,1.1618411907440418,1.4394616477212074,0.8567454071643111,9.417555212974548,5.060070514678955,1.127638136824836,1.3968189793238697,1.2341195966264389,9.02109169960022,5.027720212936401
101,31,9,0.1127169458195567,430,1700,0.5830135298892856,0.3279144978150725,6.752903762338684e-05,9,0.0938942560926079,2,9,0.0025629672840237,4947,8362,0.5832344274967909,0.3588501950725913,202,194,0.5974117967219092,0.6415897251624614,True,RobustL1,magpie,0.864231189545244,sobol,20,290,1,0.6370502929368864,1.2159297934226279,22210166,123.80252170562744,NVIDIA A100-SXM4-80GB,0.6037905675321655,1.0828391383089342,0.6658667889485046,5.727644805908203,25.152137994766235,0.6911959331315192,1.289585111624302,0.6779786829815571,8.887574391365051,25.194512128829956,0.6564215254938952,1.310840377091038,0.7851393568134081,10.708578324317932,25.211215257644653,0.6112413811735428,1.234924143406251,0.7509849352144653,9.433944582939148,24.152050256729126,0.62260205735331,1.1614601966826141,0.8525347651093028,8.846220850944519,23.916722536087036
102,156,1,0.0,100,1024,0.0,0.0,1e-07,5,0.0,1,2,0.0001,2500,2500,0.0,0.0,32,32,0.5467016574826091,0.9531983425173908,False,RobustL1,onehot,0.3505676402710378,simplex,2,945,2,1.1314417530122096,1.440949073739625,1850190,52.240312576293945,NVIDIA A100-SXM4-80GB,1.0686969055181994,1.333579380343416,0.8323224584977912,7.061763226985931,10.45243215560913,1.1926039291049448,1.5133182248260124,0.7779474156360856,8.367902116775513,10.395280599594116,1.1398399137725788,1.5268980547102422,1.013952482120186,10.774787259101867,10.44132661819458,1.1297553382582568,1.437477845799528,0.822117459110723,9.611223697662354,10.568000316619873,1.1263126784070678,1.3934718630189276,1.2270233271340762,9.047162055969238,10.367963314056396
103,79,6,0.8611733010038733,125,2863,0.1179423183202743,0.1516085397452116,1.395199980819598e-05,10,0.0990987631492316,2,9,0.0041902137796394,6931,3657,0.2923681335523724,0.6151482099667192,92,298,0.5722290098996833,0.7516114805240184,True,RobustL2,onehot,0.8857213447242975,sobol,20,966,3,0.4949098314852945,0.945246079555272,6310484,476.5671708583832,NVIDIA A100-SXM4-80GB,0.4818120900116837,0.8802029965189072,0.5033618696591476,5.07833381652832,92.03254437446594,0.4980512130985301,0.9320465873599864,0.3893175307353577,6.402965986728669,92.28765225410461,0.5294980397183007,1.0723374292529677,0.5350984747318835,10.11108157634735,92.76990914344788,0.47524918605916283,0.9243072805455982,0.4645416448021541,6.083318984508514,100.07251381874084,0.48993862853879516,0.9173361040988999,0.5603901922244436,5.783427333831787,99.39092206954956
104,141,1,0.9213041318580508,100,1024,0.0,0.0,1e-07,5,0.0,1,2,0.0001,2500,2500,0.0,0.0,50,32,0.5,0.5,True,RobustL2,mat2vec,0.3990878797601908,simplex,2,156,4,0.9024395066162499,1.3198076411991366,1850190,75.7887978553772,NVIDIA A100-SXM4-80GB,0.8599027914527184,1.2289517625975128,0.7042561188032991,6.108018398284912,15.068056106567383,0.939815303638626,1.3705392648326258,0.6869786672184218,8.853337334394455,15.127738237380981,0.9433139555513794,1.4234080951630221,0.9662959456819689,10.655153942108154,15.171719312667847,0.9032307811901702,1.3395934530344362,0.8363471653504353,9.502644300460815,15.179649591445923,0.8659347012483555,1.236545630368085,1.0663691446925208,9.164669573307037,15.229389905929565
105,170,1,0.0826099691912531,164,1089,0.0410382216796278,0.017305982299149,6.744347072765231e-06,5,0.0018186843022704,2,3,0.000117781589739,2733,2964,0.0118228709325194,0.0089481463655829,62,68,0.5017219443258829,0.5147093302230351,True,RobustL1,onehot,0.4237066016718745,simplex,20,644,5,0.919369433065085,1.516949492499416,2214743,32.25362157821655,NVIDIA A100-SXM4-80GB,0.8744631463735811,1.3708069886311895,0.7807260719532164,6.9545207023620605,6.389172792434692,0.9935455357484787,1.6399537060285385,0.7868956540654077,9.15494056224823,6.460390567779541,0.9606093189175302,1.617102492167591,0.8325713814905159,11.565646421909332,6.4831321239471436,0.9023797747431309,1.5175494257568825,0.8095095515709303,10.334415674209595,6.407949686050415,0.865849389542704,1.4393348499128775,0.9143413866073513,9.838868618011475,6.500029802322388
106,40,4,0.3848619787022471,306,1517,0.5455287517979741,0.015294762328267,7.827731827255338e-05,14,0.0238096559420228,9,5,0.00400503719775,8245,9805,0.5553547767922282,0.3737625489011407,64,295,0.5546068771896884,0.9836294493551366,False,RobustL2,magpie,0.0569040382374078,sobol,20,719,6,0.9583907766292347,1.3928233652884905,7392744,24.30298948287964,NVIDIA A100-SXM4-80GB,0.8952161513205847,1.2827944897702068,0.7729231152573144,5.764787440299988,4.870712995529175,0.965956067028056,1.4432399989651503,0.7689090152804586,8.86578469157219,4.878678798675537,0.9939795349501114,1.469992007523693,0.9505526627569154,11.266340744495391,4.854241609573364,0.9529647509205226,1.3875962442954297,0.846609027937264,9.961823225021362,4.850916385650635,0.983837378926899,1.3804940858879722,1.6631178823522885,8.951691508293152,4.834550142288208
107,174,1,0.0110336365178227,139,1116,0.0996096823364496,0.115026906132698,6.988105766195804e-06,7,3.946246579289436e-05,2,4,0.00024748095721,2664,2526,0.0063720680773258,0.0152760855853557,33,37,0.5029764409980737,0.5031434654359705,True,RobustL1,onehot,0.5854765054211021,simplex,20,909,7,0.9369111494832723,1.5370432216629595,2086682,111.67411017417908,NVIDIA A100-SXM4-80GB,0.8959158016480789,1.4301287877900555,0.8001912522127537,7.39513897895813,22.54962682723999,1.0026866425287453,1.6194467518809217,0.7700168865628315,9.15522714138031,22.12624430656433,0.977034721106582,1.6404750465636517,0.8290939047773805,11.564763021469116,22.379364013671875,0.9200928896866197,1.5374782922735517,0.8111608759335828,10.383641183376312,22.40553641319275,0.8888256924463355,1.457687229806616,0.8614267242707625,9.84952574968338,22.1954026222229
108,76,5,0.0491922246292233,715,1870,0.935859179124236,0.2714891284704208,1.151526474012062e-05,16,0.0277628608047962,2,9,0.0040086484043858,3893,7971,0.3134622666984796,0.9838046859949828,146,430,0.583187788245175,0.852334796490986,False,RobustL2,mat2vec,0.1391355571057647,sobol,20,970,8,1.0336120836573266,1.3852303313795926,26672740,29.99532461166382,NVIDIA A100-SXM4-80GB,0.9902382163090245,1.2812622040338144,0.7999382156914648,6.765683650970459,5.990431308746338,1.103401892886747,1.4657103346336127,0.7759962605170158,8.306925373077393,5.997586250305176,1.0379660857293298,1.4800351683686748,0.9393066309292701,10.959056329727172,6.008095026016235,1.0223754732150596,1.3828673649188874,0.7894988674112375,9.415385246276855,6.0165510177612305,1.0140787501464719,1.316276584942973,1.149329286127851,8.995460152626038,5.970663070678711
109,147,3,0.0,100,1024,0.0,0.0,1e-07,5,0.0,1,2,0.0001,2500,2500,0.0,0.0,32,403,0.5,0.5,False,RobustL2,magpie,0.7497678309027106,simplex,2,296,9,1.1257865832890954,1.4452073700566592,2343638,188.35713458061218,NVIDIA A100-SXM4-80GB,1.0941445183080907,1.340564591637919,0.8579350159145265,7.015133440494537,37.59352397918701,1.1710557329952394,1.5221877329114493,0.7665017673933479,8.467940347194672,37.48351073265076,1.1469607615030808,1.5278411989314595,1.0291162653619876,10.760139775276183,37.959964752197266,1.09754586713969,1.44230003153845,0.7950972752840567,9.715933322906494,37.84991812705994,1.119226036499376,1.3931432952640188,1.2221097750707677,9.060949325561523,37.45748281478882
110,48,9,0.0471987836062908,388,1363,0.0140341147780418,0.0380709310993552,2.009160050889477e-05,12,0.0762983661144972,7,4,0.0052735345428809,6652,9225,0.759441296570003,0.8576737158000469,157,99,0.714626946481131,0.7455783275944181,False,RobustL2,mat2vec,0.352270526997745,sobol,20,570,10,1.0146898519552112,1.363807660610329,17015025,71.4596643447876,NVIDIA A100-SXM4-80GB,1.0062619744734707,1.27763539661665,0.8349958446019655,6.424004793167114,14.224756240844727,1.0317518847345917,1.4052243390931396,0.7066006528717445,8.544987814426422,14.313525676727295,1.0393057528497343,1.4680551376919944,0.9891033542562035,10.746058654785156,14.22675609588623,1.011893411201711,1.3804258768700024,0.7628405138716886,9.707852244377136,14.454771518707275,0.9842362365165483,1.28769755277986,1.0997194735791438,9.295156717300415,14.227843999862671
111,44,5,0.5291686290875077,791,1565,0.9761310247704388,0.3565035918727517,2.201032238388434e-05,6,0.0011281449347734,1,8,0.0027047118095681,7589,9021,0.0034137098118662,0.4133475450798869,237,125,0.558823147135228,0.7737022443979978,False,RobustL2,mat2vec,0.3145966220088303,sobol,20,428,11,0.7118474897027242,1.1575837227071843,28143319,21.317059993743896,NVIDIA A100-SXM4-80GB,0.7070815252066954,1.1085270690990696,0.6305366680735447,5.643340592384338,4.196139574050903,0.7211580235950333,1.1408992639670121,0.5820130045671075,6.587505416870117,4.29613471031189,0.748189515907006,1.2610486186058985,0.815330382746234,9.574588012695312,4.235638856887817,0.6977284759859049,1.1864482455012209,0.7083323906656964,8.6649986743927,4.340496301651001,0.6850799078189808,1.090995416362721,0.9716269045743083,7.96138334274292,4.235446453094482
112,148,1,0.0,389,1024,0.0,0.0,1e-07,5,0.0,1,6,0.0012176854107528,2500,2500,0.0,0.0,32,32,0.5,0.5,False,RobustL1,mat2vec,0.1836595213320106,simplex,3,530,12,1.0349268196206574,1.457413571006808,3652494,24.268476486206055,NVIDIA A100-SXM4-80GB,0.9690102875659831,1.357329891985596,0.786296644821316,7.235682368278503,4.860280275344849,1.0872670256133705,1.5601979068865546,0.7344121129044955,8.937812523841858,4.877346515655518,1.0659429343541462,1.5474527008441874,0.8875250490895598,11.159723472595214,4.842530250549316,1.0435343760879758,1.438445353829931,0.7600552651717656,9.988753020763397,4.838992357254028,1.0088794744818106,1.38364200148777,1.0041828354372544,9.468494474887848,4.837385177612305
113,10,7,0.1007171487435698,187,1235,0.401429689489305,0.1589441178366542,3.8225836026854815e-05,16,0.0685982652939856,8,8,0.0011200524124316,5237,9911,0.2037902483716607,0.1424532840028405,121,476,0.862706396554783,0.9594170634645036,False,RobustL2,mat2vec,0.0663110405392944,sobol,20,567,13,1.0001865268600798,1.3866272259413024,5941947,23.833912134170532,NVIDIA A100-SXM4-80GB,0.9533732694872814,1.2624354656313748,0.7426481973663686,6.363521099090576,4.833938837051392,1.0161521601120371,1.4786249315136637,0.696716902461686,8.847805397510529,4.6853179931640625,1.0178023302102064,1.4810046480747325,0.9480139907261887,10.856783759593963,4.843158006668091,1.02560428575377,1.371158072641108,0.7453146808921994,9.556028485298157,4.749685525894165,0.9880005887371043,1.3399130118456328,1.0467173486224526,8.874758124351501,4.706580877304077
114,182,1,0.0994709013029933,109,1091,0.0378968315199017,0.0280332695692777,8.035257656127215e-07,6,0.0049846763722598,1,2,0.0003341114583425,3250,3747,0.0050864433869719,0.0031815283000469,43,37,0.5221611140156165,0.5899171029091813,True,RobustL1,mat2vec,0.2195981042273342,simplex,20,630,14,0.9136970988522501,1.4901914294736567,1905833,26.463759899139404,NVIDIA A100-SXM4-80GB,0.8754021295973067,1.3732132752127673,0.7868291638225378,7.056748688220978,5.261125564575195,0.9768399954372845,1.6089966165038991,0.7675550778870741,9.197814719676972,5.277450323104858,0.9429256419017182,1.5827317658783533,0.8938005463491082,11.129618418216705,5.27051568031311,0.9084650645931692,1.4886072525534757,0.7739873700133851,10.321700394153595,5.38508677482605,0.864852662731772,1.3974082372197882,0.8469728588903497,9.850754201412201,5.257828235626221
115,108,1,0.0,100,1024,0.0,0.0,1e-07,5,0.1,1,2,0.0001,2500,2500,0.0,0.0,32,32,0.5,0.5,False,RobustL1,mat2vec,0.4401867940835655,simplex,1,354,15,1.1347880105715809,1.444584667636935,1850190,64.77713441848755,NVIDIA A100-SXM4-80GB,1.1005610151192524,1.338305009032806,0.8612642013816951,6.968258380889893,12.76401424407959,1.1761960349279688,1.5164438462182834,0.7707544016238363,8.454347746372223,12.949326038360596,1.1299095684231686,1.5304773616462009,0.9831399948185859,10.839816880226135,12.973000049591064,1.120860819896839,1.4355416876438167,0.8184754235098222,9.5659339427948,13.111997842788696,1.146412614490675,1.4021554336435682,1.2713136465902175,9.005662500858307,12.965801000595093
116,129,1,0.0,100,1024,0.0,0.0,1e-07,5,0.0,1,5,0.0001,7383,2500,0.0,0.0,32,32,0.5,0.5,True,RobustL2,magpie,0.8509268343634904,simplex,2,262,16,1.1191057733993368,1.441240443433617,1850190,137.75443387031555,NVIDIA A100-SXM4-80GB,1.0543361426512918,1.3329999943857727,0.8155547054676421,7.091045618057251,27.621691703796387,1.1778328120617862,1.5158368827174453,0.7711146994382766,8.417539970874786,27.441054821014404,1.1250469693842462,1.5273206083429747,0.987373050624491,10.868037295341491,27.699378728866577,1.118883778526004,1.4360371887579662,0.8133697292394626,9.631411731243134,27.612772226333618,1.1194291643733565,1.3940075429639265,1.21609771846152,9.039130568504333,27.3664608001709
117,24,2,0.905647792853415,360,1259,0.5399093050509691,0.5732802907004952,4.8743436306342486e-05,19,0.0896832614205777,5,5,0.0005422195518389,7604,3919,0.0314637245610356,0.891345732845366,53,248,0.5466036670251749,0.5875732964051887,True,RobustL1,mat2vec,0.2856114546768367,sobol,20,456,17,0.475168673392026,1.0324742013272028,5046964,112.86752247810364,NVIDIA A100-SXM4-80GB,0.44371678558545313,0.9567817731137661,0.506233462107817,6.341857438087463,22.358497381210327,0.5004965021284085,1.0994561181244107,0.42825900183280735,9.319214420318604,22.44814920425415,0.49436422830295873,1.132429658818962,0.5173401010461293,11.102010643482208,22.685237407684326,0.4651387403169232,0.9570644041780287,0.5283967698805464,5.6987810134887695,22.522972106933594,0.4721271106263865,1.0166390524008457,0.5988004018868078,10.020449161529541,22.673704624176025
118,119,1,0.0,100,1024,0.0,0.0,1e-07,5,0.0,1,2,0.0001,2500,2500,0.0,0.0,32,32,0.5,0.9999,False,RobustL2,mat2vec,0.4675869803223759,simplex,1,940,18,1.139217195200698,1.4463615712659137,1850190,62.41740274429321,NVIDIA A100-SXM4-80GB,1.095957150759578,1.3419290016452639,0.8595277429934439,7.041705846786499,12.458568572998047,1.1815085055100671,1.5169634432393162,0.7704663191500005,8.46045984506607,12.49769115447998,1.1430925554173,1.5281889367685857,1.019126211519132,10.801474583148956,12.536592245101929,1.17181443328319,1.4453731705318167,0.864032569609679,9.457834243774414,12.440107583999634,1.1037133310333542,1.3993533041445867,1.1718702190594088,9.112055599689484,12.46989893913269
119,171,2,0.0443128310143947,127,1528,0.013804318383336,0.0683688605204224,4.954941558651627e-07,5,0.0064773407764732,1,3,0.0003046639508567,2830,2509,0.0653129555284977,0.015292590484023,42,65,0.5146286323635839,0.52038971052235,False,RobustL2,mat2vec,0.5068759958259761,simplex,20,599,19,0.9823043723786521,1.3719472587226222,2585206,41.4811315536499,NVIDIA L40S,0.9456145267662603,1.2705968309832825,0.7840259684978358,6.566761016845703,8.25950837135315,1.0300867679207126,1.4303112892194958,0.7323786412802961,8.359798448085785,8.251239538192749,1.016923631287294,1.4837413605804206,1.0189571604272354,10.808052492141723,8.397019147872925,0.9656794190989255,1.3769788236703489,0.7669962235822168,9.837478399276733,8.278189182281494,0.9532175168200678,1.2981079891595628,1.101270248445188,9.050767302513123,8.283996105194092
120,46,2,0.5825315387919545,554,2245,0.8073832085356116,0.6438126536086202,7.728942893417553e-05,8,0.0737303527072072,6,4,0.0029480026718229,5021,8780,0.2458020057529211,0.6536572342738509,127,255,0.5897065604191274,0.8544093844847753,True,RobustL1,magpie,0.043617144068703,sobol,20,771,0,0.9060175178091534,1.4110165473476584,10029032,7.156824827194214,NVIDIA A100-SXM4-80GB,0.8070611640477672,1.2587037707649351,0.7972797830815953,7.054657876491547,1.4504833221435547,0.9902393763306087,1.6480329733116883,0.7896641085989479,9.036171363592148,1.4293153285980225,0.942653118699433,1.4442971291922226,0.9862355325644714,10.964419317245483,1.429584264755249,0.9180562745812921,1.3985844095845543,0.7707598790161133,9.18987193107605,1.434260606765747,0.8720776553866657,1.3054644538848919,1.3902227072804614,8.878770232200623,1.398529291152954
121,111,1,0.0,100,1024,0.0,0.0,1e-07,5,0.0,1,2,0.006,2500,2500,0.0,0.0,32,32,0.5,0.5,False,RobustL2,onehot,0.8324842750560493,simplex,1,28,1,1.1477046890141538,1.4454967698685788,1850190,135.8722701072693,NVIDIA A100-SXM4-80GB,1.1085681286049718,1.3435713594893965,0.8687642676412631,6.996103286743164,27.062363147735596,1.1837015104708013,1.5161349364226773,0.7746848269750564,8.409625189304352,27.19315791130066,1.1708705317288086,1.5290603085992351,1.069396513164107,10.675818634033202,27.051371335983276,1.1545212710512063,1.4419450088286876,0.8460785701035703,9.471315860748291,27.19646906852722,1.1208620032149814,1.3967722360028971,1.2175133185302298,9.023052036762238,27.35637927055359
122,117,1,0.0,100,1024,0.0,0.0,1e-07,5,0.0,1,2,0.0001,2500,2500,0.0,0.0,32,512,0.5,0.5,True,RobustL2,mat2vec,0.1618817056901753,simplex,1,99,2,1.1500460322732606,1.4491284894172043,1850190,22.68033456802368,NVIDIA A100-SXM4-80GB,1.1534380918217018,1.3618391696038026,0.9224165079466388,6.862212657928467,4.536809682846069,1.186167500368547,1.515290641511313,0.7750431590592158,8.40619696855545,4.519217491149902,1.1320690700000842,1.5287448131490513,1.0002426727980729,10.818899166584014,4.534138917922974,1.1284677380303996,1.44021042767103,0.8214555596282419,9.583084285259247,4.568873167037964,1.150087761145571,1.3995573951508251,1.2834990496668077,8.915548086166382,4.509088039398193
123,116,1,0.0,100,1024,0.0,0.0,1e-07,5,0.0,1,2,0.0001,2500,2500,0.0,0.0,256,32,0.5,0.5,False,RobustL1,onehot,0.8056874222308398,simplex,1,339,3,1.1271203575708444,1.4405115231636059,1850190,34.408931732177734,NVIDIA A100-SXM4-80GB,1.0739602263949724,1.33507651999079,0.8387019755002343,7.053367018699646,6.71118426322937,1.1798015629921623,1.516417731908023,0.7755200968355654,8.41685964345932,6.90301775932312,1.1636061220474534,1.5253667886140476,1.0695184202328705,10.682572674751281,6.917782306671143,1.1217762403042906,1.4374787128854916,0.8137985032171196,9.646034896373749,6.96642279624939,1.0964576361153437,1.3882178624196768,1.1697635836094533,9.13207995891571,6.897650718688965
124,188,1,0.0866048475727438,176,1531,0.0408860510215163,0.0236965734511613,1.0551391011103986e-06,5,0.0022002114914357,1,2,0.0002740398027002,2634,3064,0.0908042276278138,0.07683986146003,37,45,0.5100944263905287,0.5563922984745353,False,RobustL1,onehot,0.0866322206333279,simplex,20,5,4,0.9440754295759243,1.5250351490900906,2440321,22.076637029647827,NVIDIA A100-SXM4-80GB,0.91078312796309,1.4110761922032535,0.8024959530362346,7.323350787162781,4.347049951553345,1.008162626267515,1.6204208703704523,0.7679035704477757,9.323918061256409,4.354654788970947,0.9863299554903526,1.624278683057515,0.8127741183053729,11.750003886222839,4.422440052032471,0.9269395430882772,1.5208649431238261,0.7801486888950482,10.479371786117554,4.472862720489502,0.8881618950703869,1.4485350566954063,0.8594076971170388,10.005634784698486,4.466125011444092
125,71,6,0.2140427343547344,457,1618,0.0547283869236707,0.29914406593889,3.698297529183328e-05,6,0.0165115284733474,6,2,0.0043685550626367,7189,3925,0.4463576730340719,0.8185493554919958,113,115,0.5872962861463428,0.8885131606312469,True,RobustL2,mat2vec,0.1217229117453098,sobol,20,0,5,0.9319674176288822,1.3315367500434914,16282602,18.435919284820557,NVIDIA A100-SXM4-80GB,0.860017010205214,1.257587410989206,0.6967261439912635,6.977715849876404,3.5960192680358887,1.0163852431460907,1.3942229296935835,0.6731222504907975,8.231463508605957,3.695618152618408,0.9757445605259376,1.450201369307501,1.0293112271566518,10.385514450073241,3.8330984115600586,0.8973849462763883,1.3149872785775099,0.7529305496436971,8.795124197006226,3.7184512615203857,0.9103053279907808,1.2406847616496561,1.1362032771729988,8.701360583305359,3.580155849456787
126,11,6,0.8118212260305882,378,1556,0.3630784805864095,0.3916884753853082,7.602126230141149e-05,7,0.0213321464136242,5,6,0.0003083010050468,8887,7734,0.0791964121162891,0.0038894759491086,101,418,0.5666355269653722,0.7012856324135326,True,RobustL2,onehot,0.244711726643145,sobol,20,586,6,0.6070667357759227,1.1012750334600079,12745668,43.67844367027283,NVIDIA A100-SXM4-80GB,0.5910831428143669,1.0610784924284895,0.6286107974903166,6.086077375411987,8.744366884231567,0.6462210763018501,1.1222255974258801,0.5470907824662051,8.562145667076111,8.743628025054932,0.6201686300076827,1.2333920574412398,0.6957580520509289,11.293099176883697,8.721798181533813,0.6211168711918056,1.1078972493098738,0.668669364401924,8.234291934967041,8.699503660202026,0.5567439585639082,0.9817817706945564,0.7336507281406259,7.226276636123657,8.756669044494629
127,126,1,0.0,100,2752,0.0,0.0,1e-07,5,0.0,1,2,0.0001,2500,2500,0.0,0.0,130,32,0.5,0.5,True,RobustL1,mat2vec,0.9077159238420428,simplex,2,482,7,1.1406686150866985,1.4445949933474147,2197518,33.60877823829651,NVIDIA A100-SXM4-80GB,1.1028044735026283,1.3405710311534151,0.8692911060930449,6.985907554626465,6.5409157276153564,1.1748990114529927,1.5102689098035527,0.7711823760516106,8.465458528995514,6.750661373138428,1.126881542977241,1.5313180359241065,0.9999450082629542,10.762443554401397,6.777425050735474,1.1639183852778716,1.4408820214698328,0.8593928424416575,9.443703293800354,6.767048597335815,1.1348396622227588,1.3999349683861655,1.2399099426532003,8.969950437545776,6.759262800216675
128,175,1,0.0147265708073973,108,1218,0.033812609501183,0.1242117900401353,1.0324957752600313e-07,6,0.0003066734410822,1,2,0.0001019450998865,2781,3049,0.2287183534353971,0.0568776605650782,75,35,0.5022962277663872,0.514391999434121,False,RobustL2,mat2vec,0.4983799820952117,simplex,20,466,8,1.0872143065554591,1.427003067802881,1933392,33.27924728393555,NVIDIA A100-SXM4-80GB,1.0415424902767882,1.3153004315350851,0.8188140800957984,7.001736104488373,6.637356519699097,1.1489045562599174,1.501734932209871,0.7555850172555584,8.486225800514221,6.6389312744140625,1.0955416187893166,1.5140884732810143,0.9655453910076193,10.833554100990295,6.610702991485596,1.0677513433072259,1.428176062501884,0.7722438570713759,9.770281195640564,6.681839466094971,1.0823315241440483,1.3757154394865505,1.1553755480111794,9.122433066368103,6.697779178619385
129,84,3,0.8156862063333392,442,4075,0.2668643547222018,0.2530082678422332,9.943203698480502e-05,10,0.0407059444114565,3,6,0.0007096752395853,9783,9559,0.403795319609344,0.8532720291987062,222,188,0.6030425116071477,0.82482354270434,False,RobustL1,mat2vec,0.4944238760136067,sobol,20,608,9,0.5293096297894377,1.0622224555155384,15473431,38.095035552978516,NVIDIA A100-SXM4-80GB,0.46792360933802934,0.9399305229566248,0.5513756185654953,5.488838834762573,7.57319974899292,0.5670682734749345,1.1132797362170783,0.4663032768645123,7.075400667190552,7.729385852813721,0.559198220521697,1.1733083808675007,0.5704288762304284,10.689333951473236,7.52863073348999,0.5578091542184936,1.1107474890261335,0.5826202781805211,7.27505283355713,7.659574031829834,0.4945488913940347,0.9738461485103552,0.6243410798243925,6.58109188079834,7.591525316238403
130,75,9,0.1430177763104438,679,2485,0.2239035684615373,0.699333350174129,6.38725906059146e-05,8,0.0578495328314602,2,10,0.0042399464575573,5187,4153,0.2986931083723902,0.1212655771523714,223,233,0.5612337193716317,0.9991902134135364,False,RobustL1,magpie,0.3602387816552073,sobol,20,822,10,0.6405985965146034,1.2000253668084364,50048131,45.25838613510132,NVIDIA A100-SXM4-80GB,0.6097139722283578,1.0902672781728577,0.6472943310651504,6.3413438844680785,9.055057525634766,0.6777923418230395,1.2289913200783031,0.5862077922409439,8.449911909103394,8.986789464950562,0.6824472876143896,1.3303306834168493,0.9252843420942546,11.139329349994659,9.116751194000244,0.616781113867392,1.2263761206841597,0.7013418737373431,9.772713685035706,9.045126676559448,0.616258267039838,1.124161431690012,0.8369713353562848,7.9268107414245605,9.042041540145874
131,196,1,0.0454113008454442,155,1198,0.0238564675673842,0.0071186702698469,9.58836881974712e-06,7,0.0026285965926945,1,3,0.0005696348228491,3264,2609,0.0597304962575435,0.0003026695922017,51,32,0.5225505911081098,0.5401037052013912,False,RobustL1,onehot,0.3195327917579562,simplex,20,92,11,0.9201099993937184,1.4943702529840526,2203132,40.37798738479614,NVIDIA A100-SXM4-80GB,0.8802194082788743,1.3937929531180169,0.7796414400193703,7.072169482707977,8.03869891166687,0.9866005708832176,1.5316115043766514,0.7273807646183884,8.993438558578491,7.990237474441528,0.9555760986784254,1.602171147240188,0.8300410427963575,11.510415804386138,8.006962776184082,0.9111598848351697,1.5421454792422666,0.8119353132287017,10.38145911693573,8.167394161224365,0.8669940342929052,1.4021301809431388,0.8694199826653735,9.851137280464172,8.161560773849487
132,33,3,0.5926764514297247,718,1133,0.4343926608562469,0.004133322276175,6.559505174951628e-05,7,0.0195056485012173,7,5,0.0058991846479475,5886,9620,0.3436870481818914,0.9125403761863708,178,161,0.6290342947962694,0.8620579806969502,True,RobustL1,magpie,0.7936842988431454,sobol,20,756,12,0.7663761472633466,1.376419127495093,14136045,50.812561988830566,NVIDIA A100-SXM4-80GB,0.7558470025745976,1.2880891147739704,0.8021037169582813,6.38114381313324,10.208202838897705,0.7941435532629426,1.4263771629611033,0.715583855859135,9.22749026298523,10.052640199661255,0.791579246584419,1.4722435261563516,0.8863287733189795,11.588541281223296,10.276688575744629,0.7701505574470752,1.4065793931998918,0.8186418387051979,10.497086942195892,10.157773733139038,0.7201603764476984,1.2888064403841482,1.1023652900701855,9.957070112228394,10.104642629623413
133,120,1,0.0,100,1024,0.0,0.0,1e-07,5,0.0,1,2,0.0001,7020,2500,0.0,0.0,121,32,0.5,0.5,False,RobustL1,mat2vec,0.2846008927840739,simplex,2,242,13,1.1207403777680462,1.4443208907075409,1850190,10.479667663574219,NVIDIA A100-SXM4-80GB,1.0674322565189531,1.3359048592390739,0.8282319802580059,7.096547544002533,2.040163278579712,1.1698090776998498,1.524081781154115,0.7635442285423798,8.485443668365479,2.0623714923858643,1.1340321475027957,1.5296108416834202,1.0002781570251182,10.840896081924438,2.1111555099487305,1.1099738488186972,1.4367791398275753,0.8058592370082411,9.68434339761734,2.1266844272613525,1.1224545582999357,1.3952278316335192,1.2195735268256733,9.043079316616058,2.1258506774902344
134,109,1,0.0,100,1024,0.0,0.0,1e-07,5,0.0,10,2,0.0001,2500,2500,0.0,0.0,32,32,0.5,0.5,True,RobustL2,onehot,0.527173679433763,simplex,1,699,14,1.1412214816167043,1.4464668342018467,1850190,74.79917883872986,NVIDIA A100-SXM4-80GB,1.1060702379052725,1.3444775886973648,0.8728761851110688,7.00681346654892,14.843127727508545,1.1749498619163463,1.5226447143181707,0.7678528044536324,8.446833209991455,14.889513492584229,1.1504383719679327,1.5285860044042754,1.033924201675602,10.727809858322143,14.992909669876099,1.1482727393964216,1.439597276662701,0.8403372725819723,9.530904710292816,15.116681337356567,1.1263761968975483,1.3970285869267223,1.229241836477858,8.98991847038269,14.944798231124878
135,50,10,0.5180224217474461,120,3788,0.757634200155735,0.0614591408520937,4.082637810474262e-05,18,0.0494172549806535,4,3,0.0003349926819093,7085,4172,0.6062148418277502,0.329385606572032,173,488,0.5068807714339346,0.7949267228124663,True,RobustL1,magpie,0.4334687638189644,sobol,20,803,15,0.6190698066472464,1.1832382094596083,11364326,151.65995573997498,NVIDIA A100-SXM4-80GB,0.5757688053681977,1.0859845676663784,0.6956345036577671,6.395761733055115,30.269728899002075,0.6464346734268528,1.2292377272168058,0.6793999780156615,8.763929920196533,30.388941049575806,0.6563959418510641,1.2716356777390554,0.7951976176835385,10.446796369552612,30.317557096481323,0.5999018184266313,1.185497993105564,0.6870902643475241,9.40379103422165,30.366727352142334,0.6168477941634862,1.1438350815702378,1.0483023894002441,9.004070460796356,30.303162097930908
136,155,1,0.0,100,1283,0.0,0.0,1e-07,5,0.0,1,2,0.0001,9167,2500,0.0,0.0,33,42,0.5,0.5,False,RobustL2,mat2vec,0.124908831147477,simplex,4,985,16,1.1349465318283336,1.4463814335494072,1902249,17.31485366821289,NVIDIA A100-SXM4-80GB,1.0982295471656336,1.343161374741828,0.863261963637717,7.038598299026489,3.4462811946868896,1.1742221842733709,1.5232667808792966,0.7645571730211076,8.507972376346588,3.471766471862793,1.1429604088936516,1.526116566685884,1.024777452726892,10.796146166324615,3.467430830001831,1.1475938112986854,1.4377514221636776,0.8404621337065812,9.497915744781494,3.441896915435791,1.111726707510326,1.401611023276349,1.1842277697218286,9.078082382678986,3.474152088165283
137,97,8,0.7129939068108797,444,1434,0.9847154738381504,0.6523158401250839,1.533314720010385e-05,19,0.0675350953824818,7,3,0.0017113768501207,8265,8518,0.3321002339944243,0.084593117237091,207,229,0.8295524260014295,0.8715213280566037,True,RobustL2,magpie,0.5279010387789458,sobol,20,840,17,0.5954699402204932,1.0353699805381007,19131286,146.18559074401855,NVIDIA A100-SXM4-80GB,0.5260722151563688,0.9623060274113532,0.494253219642373,5.6146937227249145,29.137378692626953,0.4553553668709712,0.9058671908863646,0.41764928600508155,7.903964519500732,29.209401845932007,0.5771110812124031,1.0743492663275167,0.5024347171763387,9.902066552639008,29.036123752593994,0.49749154004419016,0.9934151311807028,0.4848225163389953,6.089034843444825,29.26266098022461,0.9213194978185322,1.2409122868845663,0.9631933360515103,9.234560489654541,29.525818586349487
138,163,2,0.0147854341194033,118,1172,0.0856924839317798,0.0981028685346245,7.036194247566163e-06,5,0.0033140471205115,1,2,0.000450591972284,2691,3567,0.0557430442422628,0.0734089696779847,36,56,0.5043047106689773,0.5539775324001909,False,RobustL2,onehot,0.4170470111258328,simplex,20,662,18,1.0615407283534872,1.422379512533927,2312992,64.26233458518982,NVIDIA A100-SXM4-80GB,1.0176957309880295,1.325686928397092,0.7898654658264666,7.110046803951263,12.85327434539795,1.1154496640672384,1.4942886202235521,0.7450830790731737,8.556921200752258,12.821769952774048,1.071419451091758,1.5162488876599451,0.931900376356367,10.94961233139038,12.886845350265503,1.0584831920146425,1.4172076814630419,0.7748966878086073,9.685060977935791,12.850688457489014,1.044655603605768,1.358465444926002,1.1155892030883379,9.112932980060577,12.836884498596191
139,8,7,0.6792903831228614,461,2537,0.5571671649813652,0.0316483359783887,8.910778103228659e-05,19,0.0362204381264746,2,8,0.0055173141623847,9884,6048,0.4589949194341898,0.7648136541247368,137,386,0.6332249133331701,0.8982528333989903,False,RobustL1,magpie,0.9656942200567572,sobol,20,387,19,0.437250105404582,0.9474263372422074,24722925,173.14705276489258,NVIDIA L40S,0.41307360984344565,0.9300396180375872,0.5066175507554429,8.34155559539795,34.55914807319641,0.4612667273776151,0.9706330731737175,0.41175255126534205,7.297280478477478,34.6421434879303,0.47097480103583855,1.0306662847355943,0.4844329959372884,9.401279015541077,34.632596492767334,0.43626320233174176,0.9565141665289058,0.5026173561342074,6.373937416076661,34.652775049209595,0.404672186434269,0.849278543735232,0.5642219298714893,5.332243239879608,34.64657783508301
140,82,3,0.3402019832283258,991,3045,0.8916847510263324,0.4539034813642502,1.5856337462272494e-05,8,0.023438927065581,7,5,0.0008381559970788,7867,3338,0.5329230697825551,0.1845091786235571,60,332,0.6699770990703255,0.7210465787098743,True,RobustL2,onehot,0.9543308651261032,sobol,20,301,0,0.4584217199558223,0.899468792803226,33578101,196.01320052146912,NVIDIA A100-SXM4-80GB,0.4239999657112146,0.8449924456742841,0.42766990518963094,5.451442186832428,39.102132081985474,0.4673760955703892,0.8906101406408746,0.397246344487398,6.396939480304718,39.29532599449158,0.4964005996259364,0.9862817265139426,0.5027427061058775,9.356242799758911,39.32972955703735,0.4540892675295715,0.9050276544562658,0.49542661047800296,6.181137835979461,39.27728796005249,0.4502426713419997,0.8704319967307625,0.5685207256021921,5.403922653198242,38.99737763404846
141,93,5,0.493890599347651,621,1602,0.668268377892673,0.4514593742787838,6.416517130117864e-05,7,0.0118096699006855,10,8,0.0045533942800946,8820,5212,0.4018240431323647,0.7212477177381516,250,422,0.532618312974833,0.5894039425150491,False,RobustL2,onehot,0.4375817119888961,sobol,20,814,1,0.687119298393162,1.1307469489295252,20429256,31.482129335403442,NVIDIA A100-SXM4-80GB,0.6397251373108772,1.0456857897462775,0.5548298494172935,5.374988317489624,6.289193391799927,0.7341706498645156,1.1981526933541085,0.6284438462977695,7.29120285987854,6.25679349899292,0.6920760232126026,1.2126817512181007,0.8777795284809147,10.449139308929443,6.263122320175171,0.6675959240652451,1.1146370637686496,0.6661268324950774,8.03094654083252,6.388140678405762,0.7020287575125693,1.0825774465604898,0.9493395960050621,6.706286430358887,6.27266263961792
142,15,8,0.8653081059455872,617,2231,0.4204352740198374,0.6087420042604208,2.48396166886203e-05,9,0.0534187767654657,9,6,0.0001833933037705,3488,7961,0.1658543655648827,0.8065466294065118,208,292,0.5350276039676741,0.6840728914738633,False,RobustL1,magpie,0.484753706427291,sobol,20,178,2,0.4554421267230996,0.9930601563027205,37267754,67.97852277755737,NVIDIA A100-SXM4-80GB,0.42084099394231866,0.8994189369995828,0.49459024046569794,5.732868990898132,13.587844848632812,0.4509375329877085,0.9473105139363021,0.40262347167847495,7.37148530960083,13.628352403640747,0.47119450657815554,1.0779018970924379,0.5254263453799525,9.706731581687928,13.526015520095825,0.4791878905125472,1.0434149682416884,0.49317613453344217,8.381645369529725,13.553573369979858,0.45504970959476804,0.997254465243591,0.5434672758010028,7.602129316329956,13.534733533859253
143,57,2,0.0220289342105388,405,2014,0.6658280631527305,0.08189825899899,1.4037412981502712e-05,20,0.003547197766602,1,8,0.0004207993142306,9443,2677,0.3067701030522585,0.8874602783471346,190,166,0.9794894813745284,0.9853313141920604,False,RobustL2,magpie,0.0945234681479632,sobol,20,277,3,1.0463109869674816,1.415011456656545,6858814,33.81829023361206,NVIDIA A100-SXM4-80GB,0.9924459840459233,1.3275459166410188,0.7863892586982548,7.108183920383453,6.8602800369262695,1.0967867941952165,1.476268586304655,0.7458308925683488,8.414574043750763,6.553889274597168,1.0902286734617235,1.5111729313732587,0.9579431005666961,11.043772709369659,6.884685277938843,1.035768166698928,1.405470281643537,0.7754489911345724,9.65567171573639,6.860541820526123,1.016325316435617,1.354599567320256,1.0160447140917888,9.435903310775757,6.646369218826294
144,131,1,0.0,100,1024,0.0,0.0,1e-07,8,0.0,1,2,0.0001,2500,2500,0.129170318134129,0.0,44,32,0.5,0.8088181303303689,False,RobustL2,mat2vec,0.5374895542953163,simplex,4,273,4,1.1348823096065337,1.44197039280697,1850190,176.94833302497864,NVIDIA A100-SXM4-80GB,1.0920882542332662,1.3401857514394706,0.8502651370677751,7.0360594391822815,35.47783160209656,1.1986082856792322,1.5130336195754144,0.7921850393426725,8.304483013153076,35.44086790084839,1.142517178255365,1.5295483891257882,1.0143565642510566,10.778688085079192,35.06118869781494,1.1395462046125167,1.4383470165131749,0.8351356486205278,9.528555631637573,35.4221568107605,1.1016516252522883,1.3887371873810015,1.1802547401404082,9.087091147899628,35.533355712890625
145,51,5,0.6400375962257385,956,2438,0.4581031315028667,0.7961261151358485,3.599318023305386e-05,19,0.0267302084714174,2,4,0.0045293356964364,7836,6577,0.1916511319577694,0.7892252942547202,73,183,0.6169528784570284,0.9401851213121788,True,RobustL2,mat2vec,0.6675303715281189,sobol,20,706,5,0.43229614256458504,0.908721238503688,45169820,326.48758816719055,NVIDIA A100-SXM4-80GB,0.4336916605903323,0.8996205152682174,0.42750182398072845,5.493075451850891,65.25939917564392,0.42406856305306684,0.8769460181386194,0.38214519197757724,6.385942423343659,66.0872094631195,0.46011618708554614,1.0246611087202322,0.4706094059479118,11.061777746677398,65.82409381866455,0.4280506980923954,0.8963090894595109,0.46239858023827457,5.837347984313965,65.07309007644653,0.41555360400158425,0.8460694609318605,0.4990082223306997,5.489581871032715,64.23127293586731
146,179,1,0.0646136226132512,165,1165,0.0228963335976004,0.061121866106987,1.0529751040972769e-06,9,0.0019048372283577,1,3,0.0003262750337831,2588,2544,0.0074663087725639,0.0161460097879171,37,34,0.5023529130171053,0.578586049283389,False,RobustL2,onehot,0.9556956925150007,simplex,20,993,6,0.7874371893161044,1.1909045382815173,2239747,228.0317063331604,NVIDIA A100-SXM4-80GB,0.7670590096770359,1.1316507745115874,0.6539850785435499,5.307352781295776,45.78639364242554,0.8105202286147657,1.214217498606508,0.6281019004486376,6.149304466247559,45.697749376297,0.8179129918040982,1.2855049203458813,0.964913558658247,9.389779186248779,45.708789587020874,0.7589093839617428,1.176817850891296,0.681610082310566,7.607571744918824,45.25159168243408,0.7827843325228795,1.1463316470523137,0.9787717580703132,6.8744165897369385,45.57484197616577
147,122,1,0.0,280,1024,0.0,0.0,1e-07,5,0.0,1,2,0.0001,3047,2500,0.1684892363846302,0.0,32,32,0.5,0.7818272364838048,True,RobustL1,magpie,0.0954265283606946,simplex,4,545,7,1.130829058635685,1.4482248186489373,2898870,12.8176109790802,NVIDIA A100-SXM4-80GB,1.1445657956354265,1.3551157065402162,0.9207379903000185,6.850865006446838,2.5879926681518555,1.1950826293922532,1.5137658273980406,0.7831267220558301,8.362619178295136,2.5892648696899414,1.1387165952401879,1.5265516686895577,1.008657518457092,10.815592122077941,2.4920921325683594,1.0826959617958525,1.4515515496623028,0.7781285283977584,9.759183466434479,2.532475709915161,1.0930843111147053,1.3941393409545684,1.1547085670013209,9.151029884815216,2.6024599075317383
148,117,1,0.0,100,1024,0.0,0.0,1e-07,5,0.0,1,2,0.0001,2500,2500,0.0,0.0,32,512,0.5,0.5,True,RobustL2,mat2vec,0.1618817056901753,simplex,1,886,8,1.135159817354409,1.4418956218601187,1850190,19.684396266937256,NVIDIA A100-SXM4-80GB,1.0693362446794292,1.33543154531221,0.830964233277346,7.0998536348342896,3.8979971408843994,1.1922283629304553,1.515183114105183,0.7819711753134172,8.3425253200531,3.9394938945770264,1.1468434147311861,1.524341357581665,1.0311656880101987,10.75303132534027,3.9528894424438477,1.1340151981059685,1.43800530803304,0.8261521325597523,9.525983035564423,3.91025447845459,1.1333758663250053,1.3965167842684965,1.2449081969373355,9.016271352767944,3.971857786178589
149,58,6,0.4501271191984415,337,3070,0.5190925244241953,0.6582253696396947,3.981431924849749e-05,12,0.0995332627557218,3,4,0.0050969473054632,2928,3147,0.1717490581795573,0.6744756028056145,237,50,0.6044754912806675,0.917617093745526,False,RobustL2,magpie,0.4163165741134434,sobol,20,440,9,0.5511129245709693,1.0269768941731927,17258538,56.40211081504822,NVIDIA A100-SXM4-80GB,0.5491302709716668,0.9739769213409789,0.5572221599093262,5.415593194961548,11.376931428909302,0.5751406043981496,1.0317956544804177,0.4507949506102116,6.80841588973999,11.156259775161743,0.5829070968063595,1.169346121563726,0.7272885802208494,10.62571964263916,11.3726646900177,0.5231870510342584,1.017863246630389,0.494827349597137,6.896459865570069,11.214335203170776,0.5251995996444122,0.9419025268504522,0.5461511615734056,6.288842678070068,11.26784610748291
150,165,2,0.026969869621098,170,1090,0.0230948096141219,0.0724394181743264,1.361085669025779e-05,5,0.0025015912950038,2,2,0.0015151606866158,2815,2814,0.0192380836233496,0.0174268027767539,34,32,0.5005631856923923,0.5083536977862939,True,RobustL2,onehot,0.3645100720226765,simplex,20,878,10,1.0280139959618007,1.4020105924572457,2738536,57.22115159034729,NVIDIA A100-SXM4-80GB,0.9858016976031366,1.2920929698446757,0.778065503461532,6.838434457778931,11.410750389099121,1.0959114700355177,1.4914003389218018,0.7365419180212246,8.36156566619873,11.426185131072998,1.0260093631612361,1.496202230257671,0.899640155524724,11.059163999557494,11.387967109680176,1.0412600976895303,1.392373895104101,0.7915815697158808,9.684514701366425,11.401169776916504,0.9910873513195826,1.3379835281579793,1.1106727533185587,8.847819566726685,11.582680940628052
151,60,8,0.1067193113267421,846,2527,0.7783342227339745,0.5524679189547896,1.5319709444418551e-06,17,0.0135930740274488,7,9,0.0040742952576838,6042,8877,0.3642067620530724,0.4169613178819418,185,449,0.9185744638900272,0.9517193479496986,False,RobustL2,onehot,0.8012117777112872,sobol,20,656,11,0.5769377089463279,1.0201765016420112,60664654,250.11784958839417,NVIDIA A100-SXM4-80GB,0.5277582735218003,0.9248449241052688,0.5393802120102331,5.005926034450531,50.18874931335449,0.6597126739822433,1.1042797745619473,0.4906228439324201,6.171666944026947,49.77402400970459,0.6010232398577285,1.137608860689836,0.6047902761717968,10.063058590888977,50.35032415390015,0.5492524022206939,0.9869707967903245,0.5283429987800716,6.536751794815064,50.18650817871094,0.5469419551491738,0.9471781520626791,0.6361460374665396,5.8953704833984375,49.60507130622864
152,144,1,0.0,100,1024,0.0,0.0,1e-07,5,0.0665714084170758,1,5,0.0001,2500,2500,0.0,0.0,32,32,0.5,0.5,False,RobustL1,mat2vec,0.0287402899563312,simplex,2,793,12,1.0588795380281049,1.4774765220186454,1850190,4.738251686096191,NVIDIA A100-SXM4-80GB,1.0644334818330572,1.3335085904174109,0.8262380969892589,7.092393636703491,0.9200220108032227,1.0674279784250207,1.637908650925161,0.7616521530392872,9.10699676156044,0.9104268550872803,1.0399248591864665,1.5956372208911098,0.8306815888388651,11.34362460374832,0.9139900207519531,1.0467514130631694,1.454536125882242,0.7650954606207815,9.839071094989777,0.9125328063964844,1.0758599576328112,1.3657920219773036,1.149583604330532,9.35888785123825,0.9163508415222168
153,56,2,0.827036707662046,106,2359,0.5635545086115599,0.343787501566112,5.0259707676153634e-05,7,0.0562805318273604,9,2,0.0010362865500152,5652,4620,0.4331942861899733,0.7801771070808172,170,224,0.7151503107325174,0.7281867460970767,True,RobustL2,magpie,0.1642883658409118,sobol,20,13,13,0.7839622484547162,1.2049697155713797,2767414,8.252633571624756,NVIDIA A100-SXM4-80GB,0.7663633690556021,1.1588468803067236,0.7637039761612949,5.94703483581543,1.7497692108154297,0.8184209099033368,1.20608119588824,0.6133138972451946,5.400044755935669,1.5733909606933594,0.8046777119323304,1.2948226425361578,1.136392238767887,8.884202671051025,1.5750267505645752,0.7746726030713184,1.2010437449735718,0.8392535735177908,8.38427438735962,1.633714199066162,0.755676648310993,1.1640541141522043,0.9882445999535941,9.194454610347748,1.7070057392120361
154,107,1,0.0,100,1024,0.0,0.0,1e-07,20,0.0,1,2,0.0001,2500,2500,0.0,0.0,32,32,0.5,0.5,False,RobustL2,onehot,0.1747656605672091,simplex,1,882,14,1.1446857497681493,1.4437731313864728,1850190,82.27091956138611,NVIDIA A100-SXM4-80GB,1.077266554677137,1.3370049171333902,0.839309555510529,7.054887413978577,16.38941216468811,1.193396604260456,1.5118860855677727,0.7806275833877576,8.333876745700836,16.430985689163208,1.1754072930421942,1.5291750529192294,1.0780468975390998,10.652257752418517,16.508262872695923,1.1346489833491116,1.4389193245406995,0.8258810187037245,9.585581839084625,16.512726306915283,1.1427093135118487,1.4018802767712721,1.264057258202121,8.955772638320923,16.41685199737549
155,68,4,0.2893023854121566,873,1947,0.6928981756791472,0.7239206489175558,3.4447547390032564e-05,18,0.0420795786194503,3,7,0.0058771487782709,3030,3577,0.0008260859176516,0.6062796702608466,131,400,0.7055579814400523,0.7300176296466961,False,RobustL1,onehot,0.0648725824058055,sobol,20,162,15,0.6578743648636467,1.1986892382009822,29127290,21.904703378677368,NVIDIA A100-SXM4-80GB,0.6473070475436448,1.134166318408204,0.6921080672833252,5.9821554470062255,4.361306428909302,0.692014944017516,1.200903944417473,0.5908027564843661,6.5814488697052,4.345571041107178,0.734088470627767,1.3434812146502662,1.0411646625286801,8.481195545196533,4.378201007843018,0.5995534557240016,1.1918300019116246,0.6640069343993266,10.083528125286103,4.415954351425171,0.6164079064053037,1.1230647116173431,0.7396744441722855,9.234617114067078,4.389474868774414
156,137,1,0.0,100,1024,0.0,0.1126577826216816,1e-07,5,0.0,1,3,0.0021208394789136,5589,2500,0.0,0.0,32,32,0.5,0.5,True,RobustL2,magpie,0.6081035783421248,simplex,4,343,16,1.1291593658596926,1.4453820385724216,1850190,91.50318193435669,NVIDIA A100-SXM4-80GB,1.087850249310658,1.3390078501292455,0.8488013321864416,7.054418444633484,18.166115760803223,1.1663374171350211,1.5264881881915147,0.7628204470100489,8.485012488365173,18.356618642807007,1.141827166541262,1.5282683517849178,1.0245060736178984,10.76904137134552,18.302117347717285,1.1484123070698222,1.4400585302831697,0.8366021526117212,9.522348463535309,18.400606393814087,1.1013696892416995,1.3930872724732593,1.1726700349765693,9.086023986339569,18.263662815093994
157,63,9,0.3805670123547315,576,3740,0.7019069250673056,0.3401224026456475,5.94845963921398e-05,11,0.0252237656153738,7,8,0.0049461907092481,9683,3404,0.0850357320159673,0.3835048340260982,130,179,0.5125654824482277,0.9619078354024329,True,RobustL1,mat2vec,0.1932624911889434,sobol,20,293,17,0.6413772961812365,1.199653126167822,53474562,60.92960214614868,NVIDIA A100-SXM4-80GB,0.6438251687934163,1.1122791936403131,0.5902442000233847,6.2646309185028075,12.135823726654053,0.6689931918627275,1.2755781545168083,0.5961382738971518,8.65208514213562,12.147759675979614,0.6804533483409986,1.3091649488902841,0.8204775169809355,10.51496250629425,12.171305894851685,0.623917852640152,1.2085814378332373,0.7372405954608116,8.932957553863526,12.20168924331665,0.5896969192688879,1.0926618959584677,0.8372744743759635,8.024712085723877,12.259492635726929
158,99,8,0.957233253866434,448,1041,0.3179878294467926,0.1305848676711321,6.847112491689623e-05,12,0.0873201799578964,4,4,0.0019500012342818,9757,5534,0.6422266298905015,0.0425122370943427,170,396,0.6938287348203361,0.9298738919366152,False,RobustL2,onehot,0.4772534415870905,sobol,20,840,18,0.6787956945898778,1.1141433900061128,16311118,86.05613780021667,NVIDIA A100-SXM4-80GB,0.7321695022448396,1.1249040924559217,0.5853603964317786,5.30467414855957,17.259273529052734,0.6646315102740298,1.0650174792532647,0.6317476556461012,6.794463157653809,17.0995512008667,0.6893770344741441,1.1809918299381836,0.794066386262067,8.92107172012329,17.211949348449707,0.5983631164346793,1.0826888809601545,0.5658858609974855,7.191592121124268,17.24805498123169,0.7094373095216959,1.1171146674230394,0.6895295289164775,6.983612298965454,17.22475266456604
159,149,1,0.0,100,1024,0.0,0.0,1e-07,8,0.0603209841996431,1,2,0.0001,2500,2500,0.0,0.1254375521093607,32,32,0.5,0.5,True,RobustL2,onehot,0.7771730098221451,simplex,4,680,19,1.1397354220914278,1.4461046470816252,1850190,105.52787232398987,NVIDIA L40S,1.1125582191403087,1.3449090517173232,0.8728826658073615,6.980842590332031,21.058054208755493,1.184712663196456,1.5176216985503515,0.7761131930736224,8.406591193675995,21.250813245773315,1.1305203359341907,1.5314536982636706,0.9927829459540465,10.812296044826507,21.059519290924072,1.1395985319922464,1.4382140115241433,0.8372084699204481,9.47916865348816,21.059303283691406,1.1312873601939368,1.3983247753526378,1.2376739345983132,8.997401714324951,21.088061809539795
160,140,1,0.0,100,1024,0.0,0.0,4.658326152656228e-05,6,0.0,1,2,0.0001,2500,2500,0.0037898663431406,0.4710525460541248,32,32,0.5,0.5,False,RobustL1,onehot,0.5595400901604444,simplex,4,167,0,1.1347576092825995,1.4451258925408097,1850190,101.95981335639954,NVIDIA A100-SXM4-80GB,1.0643330237790376,1.3336943845753282,0.828999433553257,7.092122733592987,20.220051050186157,1.1797197995020174,1.5198236862531456,0.769848773380465,8.43196876525879,20.60808038711548,1.1281324255660612,1.5315849917083861,0.9881835203636653,10.852227163314819,20.303059339523315,1.1698739165255354,1.4433140262223747,0.8637217208061689,9.434064865112305,20.37239956855774,1.1317288810403452,1.397212373944814,1.2390546113870906,9.048096358776093,20.444098711013794
161,66,8,0.3320005154237151,375,2215,0.8606353998184204,0.1280992208048701,4.696588464984671e-05,20,0.0251490570604801,9,8,0.0022017285261303,6426,9857,0.0762172117829322,0.0731242997571826,126,207,0.645617062895,0.7071380755293183,False,RobustL1,magpie,0.8431921523343772,sobol,20,706,1,0.43902984627409863,0.9558649113812377,20366266,344.93558406829834,NVIDIA A100-SXM4-80GB,0.41313942360826217,0.9097560014442552,0.5244409497260357,6.371706430912018,69.26216697692871,0.47262768714616915,1.0159569540358824,0.4185952395341231,7.299731183052063,68.94383096694946,0.45841079170747895,1.0295508558543922,0.5299353169582239,9.740110540390015,68.89489817619324,0.4295390955309396,0.9284545965876687,0.4666886531337412,6.450352954864503,68.98478317260742,0.4214322333776433,0.8956061489839902,0.5463671003896592,4.682469844818115,68.8374924659729
162,16,10,0.0454068360850214,888,2096,0.3187110377475619,0.8403888931497931,6.111554899718613e-05,18,0.006933909561485,3,4,0.0009949667674489,7387,9655,0.0394402034580707,0.9177379654720426,231,354,0.7701022107049823,0.9102216115755029,True,RobustL1,onehot,0.2922650383319706,sobol,20,276,2,0.6525957074438106,1.1858574977971994,72243278,101.40240740776062,NVIDIA A100-SXM4-80GB,0.625754864926447,1.1198412294545508,0.6711305545427354,6.583541631698608,20.852034330368042,0.7127133727280766,1.269045986526652,0.5983277726347003,7.756014184951782,20.179453372955322,0.677520176820724,1.2796651480163759,0.9827940480624477,10.946355497837066,20.142690896987915,0.6212713761218337,1.1775826059901922,0.6727834946402657,8.431540727615356,20.190032958984375,0.6257187466219715,1.0831525189982263,0.780482061250567,7.656777381896973,20.024041891098022
163,189,2,0.0063981600105762,102,1024,0.0097497925162315,0.0469134226441383,2.456931688822806e-06,7,0.0024774752557277,1,2,0.0012389816854149,3440,3119,0.0064117740839719,0.0646904818713665,41,33,0.5165963557053357,0.5299470393320546,True,RobustL2,mat2vec,0.974232628699392,simplex,20,680,3,1.061886991272257,1.4136044107793047,2112872,412.4380691051483,NVIDIA A100-SXM4-80GB,1.0093315846057977,1.2961481087081823,0.7832911493869329,6.8822914361953735,87.07301044464111,1.1063009255250813,1.4848477189058993,0.7445888085743083,8.45211686372757,85.33299112319946,1.0799308388862239,1.5090146291069626,0.9620926117452211,10.901468169689178,82.98089647293091,1.0610005840002261,1.4153715346376767,0.7756465948149425,9.752203643321991,87.29253625869751,1.0528710233439569,1.3626400625378021,1.1305933466061395,9.179330706596375,69.74508953094482
164,81,1,0.5040955180302262,691,2820,0.8689554426819086,0.2217746460810303,5.448710714895279e-05,19,0.0644536733627319,3,9,0.0002220772567205,3916,4926,0.6562506631016731,0.0456968117505312,42,390,0.8996570763437077,0.9947903536495752,False,RobustL2,mat2vec,0.7759160132706165,sobol,20,541,4,0.4782279446418875,0.9358526992222741,8762258,672.4230031967163,NVIDIA A100-SXM4-80GB,0.44500329245702974,0.8482421862091247,0.44551234386474964,5.272662422657013,126.21192002296448,0.47821075193397905,0.9483954698365086,0.3872372185207385,6.404624545574189,123.65716505050659,0.5148270517930663,1.0896019642402108,0.4795512857173633,10.158373069763183,121.98759031295776,0.47505680708232845,0.9096782768567125,0.4671499776602918,4.913109111785889,143.94389486312866,0.47804181994303413,0.8833455989688138,0.607333797444959,5.6367546081542965,156.61034750938416
165,17,4,0.4884032951667905,849,2960,0.4962082933634519,0.4192736148834228,8.523395619317889e-05,11,0.0898843498900532,2,8,0.0057219377978704,4513,9184,0.4351656185463071,0.6461500069126487,199,462,0.6452141765085049,0.9984782093259504,True,RobustL1,onehot,0.2119320482760668,sobol,20,767,5,0.618920753111986,1.1712982002805572,34914390,28.512255668640137,NVIDIA A100-SXM4-80GB,0.6054255780619726,1.0716129925201339,0.6801736299772148,6.072195053100586,5.684302568435669,0.649125910131473,1.19440155342343,0.615035264242477,8.996158974170685,5.826261758804321,0.6495504733185556,1.3321105638790711,0.7192424551602895,11.475270104408263,5.658220529556274,0.6008706397031729,1.1491696829501055,0.6894779498284688,9.001393365859986,5.667773008346558,0.5896311643447565,1.1091962086300464,0.8814319749519173,8.395025849342346,5.662115812301636
166,115,1,0.0,100,1024,0.0,0.0,1e-07,5,0.0,1,2,0.0001,2500,2500,0.0,1.0,32,32,0.5,0.5,False,RobustL2,magpie,0.3751497187651694,simplex,1,899,6,1.155771350413291,1.452079496965388,1850190,57.798229694366455,NVIDIA A100-SXM4-80GB,1.1320469501507786,1.3515040194450088,0.9009376277603571,6.920100688934326,11.52202296257019,1.1700006746857483,1.5270807813926994,0.7648343015707633,8.497236983776093,11.570058584213257,1.1491026930752068,1.5280390613649668,1.036027167255597,10.72641224861145,11.575151205062866,1.1559095995874025,1.4420076319787807,0.8445807715990084,9.505341827869415,11.543335199356079,1.1717968345673186,1.4117659906454845,1.3290090308585438,8.860098600387573,11.57507586479187
167,48,9,0.0471987836062908,388,1363,0.0140341147780418,0.0380709310993552,2.009160050889477e-05,12,0.0762983661144972,7,4,0.0052735345428809,6652,9225,0.759441296570003,0.8576737158000469,157,99,0.714626946481131,0.7455783275944181,False,RobustL2,mat2vec,0.352270526997745,sobol,20,79,7,1.0102245673697803,1.3708407857508098,17015025,77.70166397094727,NVIDIA A100-SXM4-80GB,0.9945943331860823,1.2755122467659694,0.8270652875538999,6.63831102848053,15.762271404266357,1.057887589418927,1.4314009061476982,0.7461194859472136,8.522417979240418,15.778197526931763,1.0087363288482807,1.4742804324865801,1.0054800906816406,10.708569741249084,15.784662008285522,1.0105777641046836,1.3658034581675742,0.7883112012660783,9.698534905910492,15.062401294708252,0.9793268212909284,1.3072068851862266,1.0952197651024556,9.461146712303162,15.300864458084106
168,42,2,0.7451364817097783,843,2768,0.1265036314725875,0.0261107729747891,1.7121510189026592e-05,6,0.0077457573264837,8,10,0.0007132648186758,3057,7745,0.7238089088350534,0.4922553058713674,144,53,0.5110730594982393,0.948299691654835,False,RobustL1,magpie,0.3194893144071102,sobol,20,653,8,0.8080027228100933,1.3798650238287435,18233662,17.36117696762085,NVIDIA A100-SXM4-80GB,0.7848120605945587,1.294705769072614,0.8192006145091326,6.399962549209595,3.4599521160125732,0.8328864406270908,1.4436436134136008,0.7426239550390736,9.173222677707672,3.4992289543151855,0.8281453874691042,1.46241869286467,0.9252826384717405,11.534880113601684,3.4608333110809326,0.8206074643769301,1.4330037711355819,0.880024928157961,10.325700879096985,3.462965965270996,0.7735622609827828,1.2655532726572516,1.122471156623143,9.797406435012817,3.4658327102661133
169,30,4,0.9278034456074238,931,2825,0.1084689479321241,0.857210828922689,2.364148749029264e-05,15,0.0326931359246373,7,4,0.0031788284356705,9950,4037,0.1211489746347069,0.8790985587984324,121,431,0.785352624703385,0.8489442801069469,False,RobustL2,onehot,0.1699645863939076,sobol,20,105,9,0.5355074346023947,1.084838889009919,38262090,47.08183765411377,NVIDIA A100-SXM4-80GB,0.5404979838843454,1.0451957430047125,0.5831971643926933,6.078061227798462,9.62044644355774,0.5813809519792613,1.136468785508987,0.5329600794098748,6.4886369705200195,9.216747045516968,0.5868366469713039,1.2713759641902609,0.6246392088529394,11.423913013935088,9.27705454826355,0.4568281069433521,0.9506297869584818,0.5177793466427787,6.6105961561203,9.472951173782349,0.511993483233711,1.0205241653871524,0.6081908149392309,8.60166597366333,9.482041358947754
170,83,3,0.9117138674482704,262,1821,0.6164557412266731,0.1139186350628733,9.265957103595138e-05,9,0.0472688263282179,10,4,0.0027256081724539,4555,7113,0.8702862057834864,0.8033045344054699,99,231,0.5926367760862223,0.9060267954761164,False,RobustL2,magpie,0.394904047511518,sobol,20,921,10,0.6546497705528973,1.097006115010815,5627749,43.460278034210205,NVIDIA A100-SXM4-80GB,0.6039832642282906,0.9854264396111883,0.6015369894377931,4.968123121261597,8.69144320487976,0.6634268870156959,1.116727191512562,0.5705282754644939,6.740181522369385,8.675466775894165,0.686873236970974,1.1940522497007402,0.7667380842492288,8.587852811813354,8.697673082351685,0.6492434224657853,1.1069342197948737,0.6107911427194046,7.716528081893921,8.715733766555786,0.6697220420837403,1.081890474434712,0.7523504699275241,7.454386472702026,8.667892217636108
171,141,1,0.9213041318580508,100,1024,0.0,0.0,1e-07,5,0.0,1,2,0.0001,2500,2500,0.0,0.0,50,32,0.5,0.5,True,RobustL2,mat2vec,0.3990878797601908,simplex,2,855,11,0.9169496586168053,1.3313624528298262,1850190,36.96575379371643,NVIDIA A100-SXM4-80GB,0.8842327104924684,1.2462537163040572,0.7384482062233437,6.023807530403137,7.484923839569092,0.9495459903943293,1.3709104373515784,0.6411329479098836,8.525332646369934,7.558515787124634,0.9451056920964348,1.448314524208951,0.9735844399358303,10.597836351394653,7.358304262161255,0.9343440552966732,1.358345912742586,0.8583093915945167,9.509164214134216,7.289496898651123,0.871519844804121,1.2329876735419592,1.0009254997370802,9.410530984401703,7.261068105697632
172,100,10,0.0,100,1024,0.0,0.0,1e-07,5,0.0,1,2,0.0001,2500,2500,0.0,0.0,32,32,0.5,0.5,False,RobustL1,magpie,0.1174723721202462,simplex,1,946,12,1.120772960278844,1.4407382356189584,4070706,56.784722566604614,NVIDIA A100-SXM4-80GB,1.0766866860689999,1.331678110518938,0.8449310550562804,7.027819812297821,11.331793069839478,1.1860449875190644,1.517055397185277,0.7769744363200336,8.388356940746307,11.360036134719849,1.144804686420515,1.5222262618817928,1.0274207924624787,10.793693137168884,11.362698316574097,1.0911865481957552,1.4399589857787447,0.7898231528787636,9.724923372268677,11.325143098831177,1.1051418931898862,1.3927724227300404,1.1866475388460744,9.089839100837708,11.3930184841156
173,195,1,0.0505648339167237,191,1640,0.0772506147623062,0.0218768464401364,3.245984951034189e-07,6,0.0018028551712632,1,3,0.0001417893464677,2760,2746,0.0190678555518388,0.0200602449476718,64,40,0.5040965183669701,0.5181008336115629,False,RobustL2,onehot,0.1434438513964414,simplex,20,356,13,1.0628952045846378,1.4262862689340765,2590958,11.82582974433899,NVIDIA A100-SXM4-80GB,0.9978455764954822,1.3281552159333438,0.7904993772620658,7.115632772445679,2.4260993003845215,1.0908867600712273,1.518395450261462,0.7170259736575239,8.78051658153534,2.422558069229126,1.121006218312747,1.5099648523669984,0.9985583649975617,10.865235877037048,2.2961320877075195,1.0429511684315214,1.4168044885383526,0.7814365347441581,9.627794742584229,2.305259943008423,1.0617862996122112,1.358111337570226,1.143635756539823,8.956783175468445,2.3626811504364014
174,115,1,0.0,100,1024,0.0,0.0,1e-07,5,0.0,1,2,0.0001,2500,2500,0.0,1.0,32,32,0.5,0.5,False,RobustL2,magpie,0.3751497187651694,simplex,1,611,14,1.154737369968904,1.4463590574684968,1850190,51.997562408447266,NVIDIA A100-SXM4-80GB,1.1123113160697695,1.3421846225553746,0.8784624533095753,6.9434579610824585,10.400227069854736,1.2101760382398592,1.5130746536459443,0.7937710419780335,8.285141425132752,10.410442590713501,1.1310808251709166,1.529075159547309,0.995855540171423,10.836299014091491,10.392733097076416,1.1723347769446275,1.4439014207812875,0.8646004760730575,9.439682006835938,10.375123977661133,1.147783893419349,1.4035594308125685,1.2779085192470916,8.953022480010986,10.40674352645874
175,143,1,0.0,100,1024,0.0,0.0,1e-07,14,0.0,1,2,0.0001,2500,2500,0.2139361882582307,0.0182145908474922,67,32,0.5,0.5,False,RobustL2,magpie,0.217041967920959,simplex,4,568,15,1.1373608896604022,1.444157163926519,1850190,40.26940703392029,NVIDIA A100-SXM4-80GB,1.0877237171277678,1.3409262673719111,0.8459331493450871,7.075787246227264,8.017583847045898,1.169134826714519,1.5210511850322126,0.7641892285682649,8.472590045928955,7.9692254066467285,1.1790031463289623,1.5276904347501548,1.1020648219816083,10.59079201221466,8.04059648513794,1.1306791846811708,1.436531998372798,0.8261145335882573,9.541600167751312,8.179490566253662,1.1202635734495912,1.3945859341055182,1.2225826812087197,9.044930279254913,8.047900676727295
176,54,2,0.6935853995382786,271,1756,0.2581355720758438,0.20455729868263,6.490714008901269e-05,17,0.0977315129712224,6,8,0.0047705692604184,4774,6364,0.0591329121962189,0.0177857084199786,180,76,0.5157101499811746,0.9222553476832808,False,RobustL1,onehot,0.9244371230434626,sobol,20,69,16,0.4034840005495002,0.9425053772200034,4473848,105.03755259513855,NVIDIA A100-SXM4-80GB,0.3813008648746048,0.8255883106042731,0.426870680008061,6.406263058185577,21.015464782714844,0.4110279303251985,0.9563388106806103,0.33656563760341135,7.992250382900238,20.887735843658447,0.457017529243755,1.1393680394502868,0.459018320878014,11.642153930664062,20.936805725097656,0.39363004719136724,0.930057468265711,0.42642087100826614,7.9060546398162845,21.057324647903442,0.37444363111257556,0.861174257099136,0.486684152160611,7.152419364452362,21.12646460533142
177,23,10,0.1843538973480463,594,1043,0.8640526421368122,0.2800066443160176,9.98112220332958e-05,6,0.0341042249463498,3,8,0.0036003935278393,8045,7232,0.2337563140317797,0.2858189428225159,66,411,0.843026416750718,0.8735962745378725,False,RobustL1,onehot,0.6760305739473551,sobol,20,503,17,0.5649055212773835,1.1281603882199958,29141364,217.75756430625916,NVIDIA A100-SXM4-80GB,0.5484945500427685,1.0440589896835277,0.6600144405271052,6.347946469783783,43.40065240859985,0.5972152624249328,1.1416320735662595,0.5560509809592669,7.761974172592163,43.55051350593567,0.5879081846163664,1.2556103758073855,0.6528974714624939,11.25949330329895,43.654826402664185,0.5590102523830633,1.1536124832679424,0.7055136139342595,9.100116634368897,43.671059370040894,0.5318993569197862,1.0458880187748643,0.9016173163133896,6.79134464263916,43.459407329559326
178,160,1,0.0679127983748912,136,1118,0.0350340344011783,0.0210937969386577,2.78985470701009e-06,7,0.018983172532171,1,2,0.0002077554698102,3206,2562,0.1676233857870102,0.0578477047383785,36,36,0.5041506122653373,0.5275066339538432,False,RobustL1,magpie,0.8252818883862346,simplex,20,522,18,0.8260364712816584,1.3978004992870852,2064852,140.4591715335846,NVIDIA A100-SXM4-80GB,0.8060713620191029,1.3054633132478233,0.7565794375343158,6.06120753288269,28.012651205062866,0.8841918525478349,1.4711601800458889,0.7146330579976712,9.148659961223602,28.07716393470764,0.8562584089456241,1.504571232069262,0.8769748981274524,11.661259961128234,28.088634729385376,0.8122951049110919,1.4135374372266203,0.8436966982888552,10.348930358886719,27.98955202102661,0.7713656279846379,1.294270333845831,0.9146950342493507,9.965343952178955,28.278955698013306
179,198,1,0.0370196299627423,108,1054,0.0438932348042726,0.0424199802801013,6.04491056278348e-06,5,0.0068740791641175,4,3,0.0003267675220035,2835,2786,0.0361349359154701,0.0443655997514724,33,79,0.5093039852424525,0.5112943538192659,True,RobustL1,magpie,0.0143414082564413,simplex,20,626,19,1.0478515129022565,1.4784361517298212,1897804,2.039649486541748,NVIDIA L40S,0.9963728754554069,1.3741746210844392,0.7781224834344224,7.36778336763382,0.4118766784667969,1.0839586888022326,1.6210207334104854,0.7506962075849865,8.943182991743088,0.40436410903930664,1.14968481312875,1.5113857588997954,1.0595957846974806,10.775685620307922,0.4027984142303467,1.0324462442703537,1.4641088762738694,0.7510424763341479,9.933294475078583,0.4032132625579834,0.9767949428545392,1.4214907689805167,0.9336269174101448,9.629572659730911,0.40496087074279785
180,112,1,0.0,100,1024,0.0,0.0,1e-07,5,0.0,1,2,0.0001,10000,2500,0.0,0.0,32,32,0.5,0.5,False,RobustL1,onehot,0.8994474279042334,simplex,1,258,0,1.1533779103132775,1.4458700811558363,1850190,152.19677138328552,NVIDIA A100-SXM4-80GB,1.0946542814992022,1.3388776434459841,0.8545950766604115,7.009155213832855,30.416096925735474,1.1973608974473355,1.5130758967732403,0.7811428130501886,8.360283331871033,30.58121943473816,1.1489060382216554,1.527854996785782,1.0414072302455353,10.70406539440155,30.458986520767212,1.1807691639642377,1.4459068698032493,0.8771308054343201,9.379096508026123,30.469096660614014,1.1451991704339568,1.403634998970926,1.2692870310400415,8.96712577342987,30.259281873703003
181,36,7,0.5363140162080526,278,1490,0.0079197799786925,0.5960560403764248,5.308881180891767e-05,6,0.0102414288558065,3,4,0.002179518932756,9285,3808,0.2668306874111295,0.3752649910748005,198,447,0.6908969706735574,0.8255011804129928,True,RobustL1,mat2vec,0.0869437980186194,sobol,20,76,1,0.703024878012054,1.244889508870652,10072356,10.562315702438354,NVIDIA A100-SXM4-80GB,0.6663989540355343,1.1799742057154972,0.7240776219749128,7.840972900390625,2.1328577995300293,0.7229842777568019,1.2943063951723721,0.6408263118035895,7.191693532466888,2.137793779373169,0.7501059732400892,1.3281956338051808,1.0433302410359635,10.991092360019683,2.1111581325531006,0.6837460136918369,1.2602935463687244,0.6949653850228309,8.318280982971192,2.091534376144409,0.6918891713360081,1.1616777632914854,0.769653434531066,6.793210506439209,2.076524019241333
182,68,4,0.2893023854121566,873,1947,0.6928981756791472,0.7239206489175558,3.4447547390032564e-05,18,0.0420795786194503,3,7,0.0058771487782709,3030,3577,0.0008260859176516,0.6062796702608466,131,400,0.7055579814400523,0.7300176296466961,False,RobustL1,onehot,0.0648725824058055,sobol,20,24,2,0.6650349365855402,1.2174122694253189,29127290,21.127430200576782,NVIDIA A100-SXM4-80GB,0.6222788272670244,1.077426504488824,0.6320479098954327,4.8713736152648925,4.191936254501343,0.7275149502712791,1.2940780793133309,0.6118684159565173,8.798963980674744,4.223816871643066,0.7269522231072997,1.4181229301321725,0.970867102281208,11.683416736125945,4.34632134437561,0.6067309330250101,1.161868023435285,0.6667398196634929,8.497543859481812,4.152464389801025,0.6416977492570877,1.1355658097569816,0.6188408586117292,6.980910062789917,4.199903249740601
183,190,1,0.1064701871946454,232,1223,0.0505575127899646,0.0764905652031302,2.790081908553838e-06,6,0.0033908474259078,1,2,0.0003817097074352,2767,2762,0.0574867175891995,0.0402624011039733,46,41,0.500349513187632,0.520505698913522,True,RobustL1,magpie,0.2682246661465615,simplex,20,769,3,0.8987970562347977,1.4729777989120652,2686413,30.23102593421936,NVIDIA A100-SXM4-80GB,0.8538029189179697,1.3405223225826346,0.7531510832457062,6.64415431022644,6.063884019851685,0.9616935802179102,1.5672248177893033,0.7594856727699643,9.144285933971405,6.025117635726929,0.9396446646437712,1.5884008735537654,0.8566354580574675,11.306905817985534,6.029079437255859,0.8813186665880823,1.4433795599371577,0.7654546059365056,10.129355072975159,6.042431592941284,0.857525450806255,1.425361420697464,0.8977610574252458,9.668353497982025,6.057619571685791
184,110,1,0.0,100,1024,0.0,0.0,1e-07,5,0.0,1,10,0.0001,2500,2500,0.0,0.0,32,32,0.5,0.5,True,RobustL1,mat2vec,0.2503760901559144,simplex,1,711,4,0.9971822179628862,1.4960754773778384,1850190,89.52962708473206,NVIDIA A100-SXM4-80GB,0.9579371175548542,1.3877797214851446,0.7907834061621863,7.349884986877441,18.245189905166626,1.0646407594095741,1.580130378378722,0.7365619331881086,9.031264083385468,16.880000829696655,1.0290285054376667,1.5826602485942007,0.8379971100549786,11.434384715557098,18.21580982208252,0.9769425113387528,1.4858790473777792,0.7494912981351164,10.252231121063232,17.89236831665039,0.9573621960735839,1.4439279910533447,0.9111846537939277,9.7367103099823,18.28352189064026
185,105,1,0.0,100,1024,0.0,1.0,1e-07,5,0.0,1,2,0.0001,2500,2500,0.0,0.0,32,32,0.5,0.5,True,RobustL2,magpie,0.4878120381757617,simplex,1,123,5,1.149481733241256,1.4450892692306003,1850190,65.90519046783447,NVIDIA A100-SXM4-80GB,1.1023916230269026,1.3405264466439248,0.8676214001896906,6.991031646728516,13.193429708480835,1.2014211052326116,1.515525273993945,0.7824118846637934,8.333088891506195,13.114360332489014,1.1324165995786295,1.5269158806966365,1.0026431674136225,10.77578295469284,13.157915592193604,1.1533551897909433,1.4387078902896209,0.8484897209240766,9.501583755016327,13.345095872879028,1.1578241485771927,1.403770854528875,1.2937817088507746,8.923595428466797,13.081615447998047
186,14,1,0.4348248550668359,147,3827,0.2825404871255159,0.5811568610370159,1.5613679793849587e-05,9,0.0344820041209459,6,4,0.0058495441288687,8096,9441,0.317693367600441,0.4215874476358294,82,336,0.737643003319297,0.8867790631142445,False,RobustL2,mat2vec,0.4519122755620628,sobol,20,906,6,0.6306347021281551,1.0750923270676593,2892665,47.41655516624451,NVIDIA A100-SXM4-80GB,0.5990801983884052,1.0123680694939423,0.5465908101623019,5.608944101333618,9.491005897521973,0.676209590072611,1.1149075880472938,0.5043540333962379,5.782012128829956,9.431010723114014,0.6721999256307994,1.1910100597106943,0.6666385848874828,9.516375398635864,9.455785989761353,0.5956905347231805,1.0521486819262271,0.5659061485812933,7.495205926895142,9.435014009475708,0.6099932618257793,1.0050272361601398,0.6101100782469234,6.403687477111816,9.591208934783936
187,90,4,0.1107463929802179,788,2205,0.4736874746158719,0.1242294088006019,5.109999648993835e-05,19,0.0453594489023089,7,2,0.0009121135313995,9581,6928,0.0277628591284155,0.4827807964757085,212,334,0.7315397786578164,0.7522592906776815,True,RobustL1,mat2vec,0.6481083782855421,sobol,20,681,7,0.6828857452288309,1.2318253247785376,26843082,121.87250685691833,NVIDIA A100-SXM4-80GB,0.6405927145649376,1.1460325727786207,0.6354852462735253,6.308767502307892,24.477569580078125,0.7074927070785423,1.2373511967778907,0.6557859499995736,8.52895589351654,24.339698791503906,0.7144419952350123,1.3551980929995018,0.8202379462499103,11.207796764373779,24.383713960647583,0.7006059685825136,1.2803511677229118,0.8564124857547438,9.736955308914185,24.61867904663086,0.6512953406831492,1.1401935936137635,0.9492302159433912,9.115285158157349,24.03947901725769
188,180,1,0.0074558891355991,140,1032,0.0165271246805787,0.0619109096005559,9.440078037884088e-06,7,0.0025573723018169,1,2,0.0002488853519782,3030,2706,0.0170827750116586,0.0076926369220018,35,141,0.5043530864592641,0.592473323487211,False,RobustL1,magpie,0.4089235527906567,simplex,20,197,8,0.9580723087260316,1.530201772704125,2063078,66.80374193191528,NVIDIA A100-SXM4-80GB,0.9164192418697474,1.4327143810563134,0.8052898537166894,7.436468124389648,13.529683828353882,1.030104968587946,1.607464955338219,0.7510628433178991,9.246022181510925,13.301877975463867,0.9964202513976931,1.6448902292438015,0.8364071945623054,11.61489815711975,13.37132716178894,0.936331310093597,1.5236584989088684,0.7833182647059922,10.388408541679382,13.297786951065063,0.911085771681174,1.442280798973423,0.8719851432331679,9.923186600208282,13.289856433868408
189,135,1,0.7317948080599308,100,1024,0.0,0.0,1e-07,5,0.0,1,2,0.0001,2500,2500,0.0,0.0,92,32,0.5,0.5,False,RobustL2,onehot,0.2632824618462473,simplex,2,402,9,0.9562861605614984,1.3465550385688005,1850190,13.757567167282104,NVIDIA A100-SXM4-80GB,0.9309711445633414,1.2572493123124813,0.8080598448172688,5.498971586227417,2.8157992362976074,0.9651392977569054,1.3806207342638581,0.6650835286719525,8.858017550706863,2.736403703689575,0.9615464168288678,1.455599619366102,1.1262701851417514,10.649919486045837,2.725727081298828,0.9708671489859506,1.3612905895587653,0.8138388824277517,9.88284033536911,2.74043607711792,0.952906794672427,1.2780149373427956,1.3271768538622493,8.818815469741821,2.726681709289551
190,25,6,0.0879980903118848,1005,3302,0.0183676546439528,0.1025753105059266,9.229257932305336e-05,5,0.0275293252430856,9,10,0.0059187249098904,2616,8480,0.5088390577584505,0.3710667304694652,189,483,0.8517216083131731,0.9196806971242651,False,RobustL2,magpie,0.7021944609005004,sobol,20,962,10,0.962160636960401,1.33207607059187,67325378,59.10157632827759,NVIDIA A100-SXM4-80GB,0.9310513583275446,1.251241688340067,0.7804933741761515,6.293205618858337,11.799407005310059,1.0025086939723173,1.3972470571685953,0.7065570458234323,8.306022601127625,11.928290128707886,0.9940500743342535,1.4055470298677,0.9631190016430551,10.715481948852538,11.7527596950531,0.9474616565352284,1.3282478850201316,0.7947230820595339,9.442260146141052,11.844994306564331,0.9357314016326613,1.2780966925628556,1.0740892311718577,9.085883975028992,11.764359474182129
191,164,1,0.0219723619520664,117,1345,0.0534940203651785,0.0055885352194309,1.3346777414530516e-05,6,0.0041141921654343,1,2,0.000470376077108,2738,2804,0.0243795998394489,0.1255427561700344,33,100,0.5092771708445624,0.513844338577427,False,RobustL1,mat2vec,0.695179326031357,simplex,20,492,11,0.9164841482739018,1.5101352671223753,2007703,132.61523938179016,NVIDIA A100-SXM4-80GB,0.8725859204177359,1.3841637751602758,0.7755720642333752,7.162015736103058,26.241480827331543,0.9909059244931456,1.6317201119894493,0.7846634696348532,9.173575537204743,26.41873836517334,0.9539537217588561,1.6077103719786963,0.8079038887014266,11.61345179080963,26.558862447738647,0.9026441604060795,1.5105208435396371,0.7972894441682055,10.270103096961975,26.880906343460083,0.8623310142936913,1.41656123294382,0.86910777589711,9.729634642601013,26.502049922943115
192,176,2,0.061803076416254,123,1068,0.0358398221433162,0.0040152436122298,3.4781063324771822e-06,6,0.0006158937700092,1,2,0.0008984121407382,2601,2574,0.0248310826718807,0.0996715072542429,38,77,0.5115837314305827,0.5769159077949821,False,RobustL1,magpie,0.3158793287910521,simplex,20,7,12,0.8922773935516641,1.4470812277211291,2314546,58.11606979370117,NVIDIA A100-SXM4-80GB,0.8533711143813614,1.3561746561438812,0.7983702577935436,6.928691267967224,11.625219106674194,0.947655030844913,1.5343217390938237,0.7298491073846171,9.094995396137238,11.599536657333374,0.9296746869713683,1.5322345791398087,0.896645631392433,11.155428302288055,11.60174012184143,0.88251008115814,1.410872423028295,0.8229073848604819,10.087564587593079,11.676839113235474,0.8481760544025378,1.4018027411998377,0.9454300524817953,9.845980048179626,11.600762605667114
193,13,4,0.0282419687137007,569,1772,0.0467417687177658,0.6920365449041128,2.5732611887715755e-05,19,0.0516668634489178,2,7,0.003369099683687,8403,3535,0.1547738779336214,0.6796066360548139,143,252,0.8015164145179092,0.9776669780516998,False,RobustL2,magpie,0.8445341904181987,sobol,20,671,13,0.6860269668359361,1.1152215243482508,15897486,173.78628969192505,NVIDIA A100-SXM4-80GB,0.6454192536752206,1.032750363114272,0.535981594892352,6.109813928604126,34.75169014930725,0.7293083696204858,1.168485155662106,0.5800171827908058,6.5369220542907716,34.661643743515015,0.7249452363331594,1.2108083258543831,0.740635098417061,9.359833669662475,34.70625829696655,0.6477196705651982,1.0962503735954419,0.6306689774264189,7.2170715808868415,34.81809997558594,0.6827423039856165,1.067813403515052,0.8003012727172022,7.165337085723877,34.83426117897034
194,1,2,0.6298969192430377,315,1325,0.8310975311324,0.4299458032473922,2.2689087740145623e-05,20,0.0786090645939111,3,3,0.0015752735203132,6826,7611,0.3438598476350307,0.5185623541474342,233,216,0.6640307648247108,0.9637449822404422,True,RobustL2,magpie,0.4124309095460922,sobol,20,963,14,0.5308844602184764,0.9996276362376296,4571236,43.942630767822266,NVIDIA A100-SXM4-80GB,0.4918258780674618,0.8953858141202743,0.5302406047933,4.412660360336304,8.868022203445435,0.5465959257230437,0.9997905710896027,0.449049993570958,6.421895349025727,8.694136619567871,0.5767123610926761,1.1362393986850303,0.5853533581952557,10.619373059272766,8.870600461959839,0.5101756950827815,1.0181365989032225,0.5228011252654023,6.867916107177734,8.715818405151367,0.5291124411264191,0.9485857983900186,0.5904052148711194,5.15868616104126,8.781794548034668
195,108,1,0.0,100,1024,0.0,0.0,1e-07,5,0.1,1,2,0.0001,2500,2500,0.0,0.0,32,32,0.5,0.5,False,RobustL1,mat2vec,0.4401867940835655,simplex,1,371,15,1.127261877876176,1.443652029548241,1850190,65.68827605247498,NVIDIA A100-SXM4-80GB,1.0660066735136133,1.33579303178607,0.8286197947896369,7.074960649013519,13.106943368911743,1.1816633382759965,1.5124343899495933,0.7741550909016826,8.382726686000824,13.091808557510376,1.131573712287327,1.532141047910527,0.9917843135862778,10.826762807369231,13.164767026901245,1.140539820854361,1.438981297206413,0.831380045815699,9.568086862564087,13.167304754257202,1.1165258444495822,1.3989103808886012,1.2036815107811425,9.083559572696686,13.143937826156616
196,78,8,0.0007749358192086,974,1426,0.7107577743008733,0.1388354683294892,7.530063817752526e-05,17,0.0822616253979504,1,6,0.0001595182904973,4379,5717,0.4910975806415081,0.7375610452145338,59,52,0.6144823298686184,0.7868111417213455,True,RobustL1,onehot,0.7460587089974433,sobol,20,845,16,1.0161969909217903,1.4643238853363751,56231044,572.0058743953705,NVIDIA A100-SXM4-80GB,0.9657046204345882,1.3522762292457053,0.7694652560983999,7.235917687416077,115.49642038345337,1.0690200632221667,1.5668503076316858,0.736555277444206,8.82094545841217,115.02245378494263,1.0481202045636377,1.5537209618932946,0.866031321307977,11.173122239112853,114.72919774055481,1.0017430227535427,1.461675176105657,0.7461533395159521,9.994589567184448,114.58986735343933,0.9963970436350159,1.387096751805534,1.0040222493795348,9.465189337730408,112.15366578102112
197,106,1,0.0,100,1024,0.0,0.0,0.0001,5,0.0,1,2,0.0001,2500,2500,0.0,0.0,32,32,0.5,0.5,True,RobustL1,mat2vec,0.7529457574058324,simplex,1,46,17,1.1332918077152105,1.4429118028169845,1850190,127.36082363128662,NVIDIA A100-SXM4-80GB,1.0990519629291033,1.3404262007157746,0.8658178745528632,7.008576512336731,25.33218026161194,1.1798544965763693,1.5164485651106032,0.7726755830204926,8.417165415287018,25.338123321533203,1.1590517088308137,1.524865726491279,1.0573594589781683,10.718277764320373,25.581183433532715,1.1060623893442683,1.4423478018085356,0.7963066970246341,9.727107405662537,25.51200556755066,1.1224384808954986,1.3904707199587307,1.228541751167638,9.080429196357727,25.58440327644348
198,188,1,0.0866048475727438,176,1531,0.0408860510215163,0.0236965734511613,1.0551391011103986e-06,5,0.0022002114914357,1,2,0.0002740398027002,2634,3064,0.0908042276278138,0.07683986146003,37,45,0.5100944263905287,0.5563922984745353,False,RobustL1,onehot,0.0866322206333279,simplex,20,69,18,0.9472554062680396,1.5549195754300502,2440321,9.535181283950806,NVIDIA A100-SXM4-80GB,0.9097883085552179,1.4355745347481597,0.8002072572268082,7.452678620815277,1.901092767715454,1.0148852173565008,1.6457725243354744,0.7802783903145901,9.276827530860901,1.9108390808105469,0.979052775719008,1.6493065856610398,0.8366022956568809,11.65427644252777,1.9037117958068848,0.9344505578311855,1.5816954853326752,0.8237200524162419,10.494473099708557,1.9025485515594482,0.898100171878286,1.4622487470729015,0.8743178972743055,9.900554716587067,1.9037225246429443
199,110,1,0.0,100,1024,0.0,0.0,1e-07,5,0.0,1,10,0.0001,2500,2500,0.0,0.0,32,32,0.5,0.5,True,RobustL1,mat2vec,0.2503760901559144,simplex,1,964,19,0.9856792334678957,1.5052612481866854,1850190,19.873693466186523,NVIDIA L40S,0.9396888681938801,1.3909597425979146,0.7964243573493324,7.34832239151001,3.9759740829467773,1.050614060642406,1.5993102366919862,0.7435768909626869,9.113811032772064,3.965210199356079,1.0257160373438194,1.5881794761669528,0.826161144217047,11.465010237693786,3.9698405265808105,0.985845725527286,1.4994304953178492,0.7513035200948784,10.258934497833252,3.9734609127044678,0.926531475632087,1.4484262901587242,0.8993215641308375,9.931874930858612,3.978977680206299
200,69,9,0.0605065152049064,160,2718,0.8418520810082555,0.0682425079867243,3.023372651236132e-05,5,0.0232237572781741,4,4,0.0049555658765137,3400,5232,0.7961472263559699,0.77479790430516,209,75,0.6074030103770085,0.8423370807110332,True,RobustL1,mat2vec,0.0183374336548149,sobol,20,331,0,1.0127290299942917,1.4760296318256745,10525268,5.992924690246582,NVIDIA A100-SXM4-80GB,0.9453312949883175,1.421165916351597,0.7821351134430752,7.413784742355347,1.2244970798492432,1.0982742982643305,1.5553999157707268,0.7287310751947654,8.938625590801239,1.2032380104064941,1.042672370347345,1.5790268339870865,0.8558025725198413,11.22466282248497,1.1963062286376953,1.000616408525668,1.4587348331042411,0.7876573662256203,9.624997437000275,1.177809715270996,0.9767507778457973,1.3658206599147211,0.9895840887327507,9.34137773513794,1.1775264739990234
201,118,1,0.0,100,1024,0.0,0.0,1e-07,5,0.0,1,2,0.0001,2500,2500,0.0,0.0,32,32,0.5,0.9999,True,RobustL1,onehot,0.6165130375232547,simplex,1,522,1,1.1247800665218404,1.4425811159506747,1850190,93.83741521835327,NVIDIA A100-SXM4-80GB,1.0592830274754834,1.3357588639108224,0.8180736041591882,7.108134925365448,18.74661350250244,1.1704467969738053,1.5189005957311246,0.7611430407174572,8.462337093353272,18.77408719062805,1.1387659878580627,1.5243740331706017,1.0171411410382707,10.804304075241088,18.765246152877808,1.1262641190239975,1.438329266163146,0.8225532108413306,9.60797667503357,18.720752000808716,1.1291404012778532,1.3955428207776783,1.2395482977347567,9.013555407524109,18.81836223602295
202,109,1,0.0,100,1024,0.0,0.0,1e-07,5,0.0,10,2,0.0001,2500,2500,0.0,0.0,32,32,0.5,0.5,True,RobustL2,onehot,0.527173679433763,simplex,1,258,2,1.1436468089066327,1.4438847157646186,1850190,77.3357481956482,NVIDIA A100-SXM4-80GB,1.0809542217860393,1.3393237452220683,0.8461261705458683,7.0674790143966675,15.385882377624512,1.2246363506720976,1.5143806340829453,0.8092355661419873,8.228402452468872,15.494315385818481,1.1555198146362387,1.5242311212227493,1.0594448158525491,10.706560206413268,15.514807224273682,1.1161696627318665,1.4401301629113925,0.8087721091376032,9.667911171913147,15.427736282348633,1.140953994706921,1.4013579153839377,1.2611574460038488,8.990976214408875,15.500775337219238
203,137,1,0.0,100,1024,0.0,0.1126577826216816,1e-07,5,0.0,1,3,0.0021208394789136,5589,2500,0.0,0.0,32,32,0.5,0.5,True,RobustL2,magpie,0.6081035783421248,simplex,4,742,3,1.1344632501087868,1.4450391108531533,1850190,86.55405306816101,NVIDIA A100-SXM4-80GB,1.067668943557884,1.3385764489769294,0.8327092857380255,7.121827483177185,17.554584741592407,1.1740126702037361,1.5220577659804284,0.7659110343943342,8.472852783203125,17.23284411430359,1.1615863777993167,1.5243251819063663,1.060034932718761,10.710378301143646,17.179243564605713,1.1319810228860339,1.4399848615874982,0.8240683712375954,9.580665826797485,17.30602240562439,1.1370672360969627,1.400251295814544,1.256596258287017,8.976845264434814,17.268664598464966
204,139,1,0.0,100,1024,0.5702673317864537,0.0,1e-07,5,0.0,1,2,0.0001,4832,3391,0.0,0.0,32,32,0.5,0.5,False,RobustL2,mat2vec,0.7978814956173301,simplex,3,379,4,1.1427044127954946,1.443203645452277,1850190,270.7352797985077,NVIDIA A100-SXM4-80GB,1.1208708623643806,1.346177606796712,0.8870916045682788,6.941375494003296,60.20275259017944,1.1938347726561995,1.5132278514242707,0.7775551862670225,8.375541226863861,61.369059801101685,1.1604770678158822,1.5280100829775909,1.0491025262547151,10.690119218826293,50.20762753486633,1.1273393349901215,1.4365483576039593,0.8240304478478165,9.56619644165039,48.90423798561096,1.1110000261508899,1.3920543284588525,1.2043157714881496,9.059938430786133,50.038865089416504
205,153,1,0.0,100,1024,0.4444837067276239,0.0,1e-07,5,0.0,1,6,0.0001,2500,2500,0.0,0.0,32,32,0.5,0.5,True,RobustL2,mat2vec,0.3063788245990872,simplex,2,531,5,1.11395774564672,1.4399095226803156,1850190,39.076831579208374,NVIDIA A100-SXM4-80GB,1.0645729457205981,1.3323005431685724,0.8249756285541514,7.075002193450928,7.912254810333252,1.1532412376155292,1.5237749306080608,0.7558775717391742,8.526317076683045,7.786553144454956,1.1402823738347694,1.5213040887938536,1.029484223878512,10.747326207160949,7.805822372436523,1.1092269138275088,1.4375186332361003,0.803704123203237,9.626265585422516,7.77777886390686,1.1024652572351954,1.3846494175949913,1.1901800188882707,9.099874556064606,7.7824413776397705
206,119,1,0.0,100,1024,0.0,0.0,1e-07,5,0.0,1,2,0.0001,2500,2500,0.0,0.0,32,32,0.5,0.9999,False,RobustL2,mat2vec,0.4675869803223759,simplex,1,927,6,1.1420979175464732,1.4498233595280126,1850190,72.43603754043579,NVIDIA A100-SXM4-80GB,1.064111914815913,1.338985312971987,0.8289764554624425,7.1193453669548035,14.643553972244263,1.1793946665454247,1.5207361862886422,0.7707415729357944,8.461630659103394,14.571431159973145,1.1482672241792875,1.5277896658689667,1.0326966431078253,10.736319077014922,14.538630962371826,1.1238440749285405,1.4417446669755045,0.8150431360671928,9.601511120796204,14.460224628448486,1.1948717072632,1.419860965534961,1.381658469814906,8.825688362121582,14.210148811340332
207,17,4,0.4884032951667905,849,2960,0.4962082933634519,0.4192736148834228,8.523395619317889e-05,11,0.0898843498900532,2,8,0.0057219377978704,4513,9184,0.4351656185463071,0.6461500069126487,199,462,0.6452141765085049,0.9984782093259504,True,RobustL1,onehot,0.2119320482760668,sobol,20,819,7,0.6250549254010215,1.1967824158280125,34914390,29.580583333969116,NVIDIA A100-SXM4-80GB,0.5974468432666166,1.0832525561035744,0.59372432825117,5.684698104858398,5.94117283821106,0.6757339969261204,1.2600327198715926,0.5884392218816911,7.9036058950424195,5.90828275680542,0.6520698892099461,1.329905343767377,0.6746856256176993,11.53720976114273,5.947431564331055,0.6193367017066181,1.2486071426970151,0.6283611456907198,9.946278715133667,5.935867786407471,0.5806871958958065,1.0621143167005032,0.8255266345427514,7.602081775665283,5.8348119258880615
208,102,1,0.0,1024,1024,0.0,0.0,1e-07,5,0.0,1,2,0.0001,2500,2500,0.0,0.0,32,32,0.5,0.5,True,RobustL1,onehot,0.2995463554561138,simplex,1,974,8,1.1179341345221283,1.4432390045479697,8934662,37.56572961807251,NVIDIA A100-SXM4-80GB,1.0752442595391785,1.3307652716610592,0.8368955628486553,7.045723557472229,7.467897891998291,1.1523169664451276,1.5214298058003293,0.7563020235239797,8.538674490451813,7.483383417129517,1.1491144266397764,1.5240554440199303,1.0291717644445404,10.780785691738128,7.494682550430298,1.088989824073452,1.4408340867782805,0.7947743688851655,9.717570304870605,7.518603563308716,1.1240051959131077,1.3991104144802489,1.2285203004507275,9.06950855255127,7.588900089263916
209,196,1,0.0454113008454442,155,1198,0.0238564675673842,0.0071186702698469,9.58836881974712e-06,7,0.0026285965926945,1,3,0.0005696348228491,3264,2609,0.0597304962575435,0.0003026695922017,51,32,0.5225505911081098,0.5401037052013912,False,RobustL1,onehot,0.3195327917579562,simplex,20,564,9,0.9225588791210158,1.511068879394516,2203132,38.4243278503418,NVIDIA A100-SXM4-80GB,0.8822230010855858,1.3937347322505558,0.7747423649633214,7.133325099945068,7.8339221477508545,0.9939728247381575,1.6294962699409108,0.7815422692963712,9.212929265499115,7.529021739959717,0.9564476733590829,1.6102270243980552,0.8423170839350349,11.559042465686797,7.752663850784302,0.9065084338084624,1.5258625789280735,0.8023073934873488,10.408285558223724,7.613598108291626,0.87364246261379,1.3960237914549845,0.8659010376313739,9.782706677913666,7.682717323303223
210,33,3,0.5926764514297247,718,1133,0.4343926608562469,0.004133322276175,6.559505174951628e-05,7,0.0195056485012173,7,5,0.0058991846479475,5886,9620,0.3436870481818914,0.9125403761863708,178,161,0.6290342947962694,0.8620579806969502,True,RobustL1,magpie,0.7936842988431454,sobol,20,32,10,0.7699677461700372,1.3709045801680344,14136045,46.227126121520996,NVIDIA A100-SXM4-80GB,0.7614859152047305,1.2907095595455245,0.8217727407363803,6.376654391288757,9.327486753463745,0.8016611892522094,1.4096643289012947,0.7421886289665115,9.252331511974335,9.248969554901123,0.8050524765350143,1.4734265896393868,0.9027910783075033,11.712374579906463,9.116169691085815,0.7726559561678694,1.4120063427397167,0.8801566758423786,10.394891500473022,9.263363361358643,0.7089831936903622,1.268716080014249,1.0727543112243498,9.874910414218903,9.259533405303955
211,12,9,0.4438921371474862,646,3404,0.1461152182891965,0.052237712778151,3.1692319743335245e-06,11,0.0451641692779958,1,3,0.0021484887296333,3762,4003,0.2612381903454661,0.8842814853414893,63,144,0.6765163087551482,0.9252957461066544,False,RobustL2,magpie,0.6713856171630322,sobol,20,122,11,0.581129746315956,1.0150812078155105,57519470,372.1193242073059,NVIDIA A100-SXM4-80GB,0.5657813967555665,0.953810938581128,0.586307448055506,5.2697812366485595,74.17953252792358,0.5828542989641267,1.0039485570605158,0.563071546563895,6.038383984565735,74.34208750724792,0.6145712278318975,1.1444400968915664,0.7722596271375726,9.541576099395751,74.59191870689392,0.5944622980409285,1.0418325922482499,0.5920822401002408,7.179650831222535,74.69574022293091,0.547979509987261,0.9313738542960925,0.6763057699719247,4.462371158599853,74.29616808891296
212,166,1,0.0456536868587136,147,1166,0.1484401794150471,0.0318016866222023,6.566655533388258e-07,6,0.0018051064573228,2,2,0.0006625277456827,2696,2567,0.1601886171847582,0.0892277508974075,39,38,0.502119693167787,0.5250685075317509,True,RobustL1,magpie,0.8771022491995245,simplex,20,284,12,0.8819322492084731,1.4710839795727162,2146668,134.79905104637146,NVIDIA A100-SXM4-80GB,0.8567572811773364,1.3790082872470273,0.7940142841063786,6.840235471725464,26.936434745788574,0.9582075862025076,1.5722318625616567,0.7555702026322053,9.020491139888763,26.9499454498291,0.9054510914813424,1.5633833360563516,0.8675848869493287,11.552512955665588,26.951916217803955,0.863994273005557,1.4734142279115257,0.7853729655978487,10.346086084842682,26.981717824935913,0.8252510141756224,1.3673821840870197,0.9196340484757018,9.794269382953644,26.967220544815063
213,22,8,0.278741966933012,128,3596,0.6194054987281561,0.3838119124993682,6.016326666241512e-05,15,0.0544140719808638,6,5,0.0053374987225979,8454,5730,0.3012149715796113,0.5595242297276855,116,86,0.6492695214245469,0.7770332169428468,False,RobustL1,onehot,0.0474658545013517,sobol,20,641,13,0.8381716692448011,1.3941426911195227,9457348,24.586505889892578,NVIDIA A100-SXM4-80GB,0.7722881079393153,1.2755239371086704,0.9560816539890343,6.4405947160720824,4.952710866928101,0.9128848681258327,1.5093027937907617,0.7691603768463525,9.346140103340149,4.879622936248779,0.8465743972346527,1.5120841453490215,1.1756756412545666,11.429390382766723,4.946406126022339,0.8609668837799959,1.3853507955524562,1.3164618086736057,8.365045595169068,4.89415431022644,0.7981440891442092,1.288451783796703,1.6409111553930036,9.954671859741211,4.899957895278931
214,120,1,0.0,100,1024,0.0,0.0,1e-07,5,0.0,1,2,0.0001,7020,2500,0.0,0.0,121,32,0.5,0.5,False,RobustL1,mat2vec,0.2846008927840739,simplex,2,920,14,1.1261425893518666,1.4459564610762963,1850190,10.232872486114502,NVIDIA A100-SXM4-80GB,1.092601942529378,1.3370664174006095,0.8611095772703059,6.986756920814514,2.0409913063049316,1.1628755042555536,1.5190663918990561,0.7613707305832078,8.519567506313324,2.0508923530578613,1.1220832969906793,1.533803239889189,0.9775659412796341,10.844745171070098,2.059084892272949,1.112972191151527,1.4398157613895675,0.8032172112395453,9.684771180152893,2.0319838523864746,1.1401800118321959,1.4000304948030589,1.262224068181823,8.989354848861694,2.0380778312683105
215,64,5,0.8990712072700262,845,3883,0.9986523166298866,0.1869379514828324,3.7849698195792735e-05,13,0.0566025279462337,7,2,0.0038299048028886,3225,7586,0.408749365247786,0.7155260154977441,167,253,0.5679852309285663,0.9730710545017384,False,RobustL2,onehot,0.8760940080042928,sobol,20,172,15,0.4741336165021922,0.9058588646271277,50653213,175.16648817062378,NVIDIA A100-SXM4-80GB,0.4625678843240396,0.8761705184304773,0.499464239797424,5.603180770874023,34.977144956588745,0.4853246165007903,0.8981653741694089,0.39348803851807945,6.406545782089234,35.15697383880615,0.4997218553794711,1.001477266971463,0.5275780767880451,7.872483587265014,34.95173978805542,0.4774605736980997,0.9074224665942029,0.48519065832840996,5.382696628570557,35.116455078125,0.4455931526085604,0.8460586969700862,0.5750643979154614,5.138407802581787,34.948983669281006
216,46,2,0.5825315387919545,554,2245,0.8073832085356116,0.6438126536086202,7.728942893417553e-05,8,0.0737303527072072,6,4,0.0029480026718229,5021,8780,0.2458020057529211,0.6536572342738509,127,255,0.5897065604191274,0.8544093844847753,True,RobustL1,magpie,0.043617144068703,sobol,20,111,16,0.9009702407359462,1.4619337541548938,10029032,6.711857557296753,NVIDIA A100-SXM4-80GB,0.8583823086941023,1.4336151511155972,0.7904784203040405,7.637977778911591,1.3757004737854004,0.944728367722125,1.4597753517179688,0.6744196653639755,8.840547876358032,1.335047721862793,0.9620749133547017,1.5007391327256128,0.9367902201451388,11.482555639743804,1.3304345607757568,0.8913411191141437,1.503399762748126,0.7977130173235744,10.287348592281342,1.3259742259979248,0.8483244947946589,1.4121393724671647,1.0971646011604907,9.668312072753906,1.3253097534179688
217,55,4,0.4288598988205194,893,2623,0.9133359910920262,0.1917832121253013,2.735765353105962e-05,10,0.083238149061799,7,5,0.0028955045913346,7027,8409,0.2197783440351486,0.1451270692050457,244,303,0.5436230461562053,0.8944929720206186,False,RobustL2,onehot,0.6918713482655585,sobol,20,823,17,0.6669822060058157,1.086701414203381,35083138,71.77489805221558,NVIDIA A100-SXM4-80GB,0.6400944987285668,1.0253004852774064,0.5349596146330123,5.306882982254028,14.273976564407349,0.6734658668962803,1.1021066780796134,0.534659009313385,6.8154183197021485,14.417000532150269,0.6957269159642157,1.1850055746231385,0.7843548561091729,9.257037258148193,14.315476894378662,0.669100969839562,1.0958694896676857,0.6833161842418461,7.189243602752686,14.440773963928223,0.6565227786004544,1.0252248433690614,0.7657575664497177,5.757009029388428,14.313242673873901
218,83,3,0.9117138674482704,262,1821,0.6164557412266731,0.1139186350628733,9.265957103595138e-05,9,0.0472688263282179,10,4,0.0027256081724539,4555,7113,0.8702862057834864,0.8033045344054699,99,231,0.5926367760862223,0.9060267954761164,False,RobustL2,magpie,0.394904047511518,sobol,20,592,18,0.642845140433208,1.082016130932733,5627749,44.31043601036072,NVIDIA A100-SXM4-80GB,0.6006162038092764,0.9914751248081617,0.6575002036361329,4.844235467910766,8.807732105255127,0.637938385272518,1.0804146333883213,0.5724890039988293,6.893715219497681,8.82488203048706,0.6763624627724792,1.1882015622513296,0.8211389418592897,9.582723593711853,8.852417469024658,0.6418902019827943,1.088914776903669,0.5840097311802311,6.7057235717773445,8.958717823028564,0.6574184483289719,1.0610745573121831,0.9586625246426405,8.322173357009888,8.854772567749023
219,194,1,0.0006189327687025,107,1186,0.010168713517487,0.0895658917725086,1.3742389243096114e-06,6,0.0101140715181827,1,2,0.0005168973942287,2868,2582,0.0420665293931961,0.0585749773308634,45,82,0.5035602560154162,0.5824252597702667,True,RobustL1,mat2vec,0.7835444143600762,simplex,20,681,19,1.1241804991477484,1.4388587454665893,1926448,58.66669273376465,NVIDIA L40S,1.0742407832834284,1.3317947639057408,0.8405612038920255,7.013802886009216,11.722644090652466,1.1779958016424563,1.5091253666954163,0.7691415458051868,8.43033929347992,11.720371723175049,1.1510683707668001,1.5246002364632922,1.0364726708837897,10.763597798347472,11.71802020072937,1.1118378622731222,1.4369253574363456,0.8114621495101892,9.660490036010742,11.738398790359497,1.1057596777729366,1.3918480028321516,1.1890011459894476,9.11571180820465,11.756058931350708
220,191,1,0.0615928024053573,105,1035,0.0972944106906652,0.0156046533957123,6.429052177630365e-06,6,0.0016022149473428,2,2,0.0003429348594509,3168,3244,0.1520960321649909,0.0307974042370915,57,41,0.5027706798929721,0.5170580214681104,False,RobustL2,magpie,0.6607047483045608,simplex,20,322,0,0.9794922222357861,1.3655905106446125,1872977,67.50633025169373,NVIDIA A100-SXM4-80GB,0.9412491999076322,1.2641498498347723,0.7233284994992075,6.4271769523620605,13.654905557632446,1.0424150006985948,1.4291555291253724,0.7164090795144683,8.194924550056458,13.445545196533203,1.0059787042275572,1.472742315847962,0.9008506266672569,11.055231583118438,13.410266160964966,0.9739834524223523,1.3701052821174993,0.745674322473919,9.782626509666443,13.501479148864746,0.9338347539227942,1.2917995762974563,0.9965786507725884,9.372222781181335,13.482637643814087
221,171,2,0.0443128310143947,127,1528,0.013804318383336,0.0683688605204224,4.954941558651627e-07,5,0.0064773407764732,1,3,0.0003046639508567,2830,2509,0.0653129555284977,0.015292590484023,42,65,0.5146286323635839,0.52038971052235,False,RobustL2,mat2vec,0.5068759958259761,simplex,20,939,1,0.9769805430955157,1.3682641870097152,2585206,72.1180350780487,NVIDIA A100-SXM4-80GB,0.9410785752036542,1.2661522740740623,0.7757219375514126,6.613207101821899,14.610118389129639,1.0213857516921434,1.4274237922203639,0.7148871717963267,8.55528338432312,14.556719779968262,1.0283309423535187,1.475547385277246,1.097324276590517,10.622958016395568,14.519001722335815,0.9411756900816866,1.3742031940712074,0.7688671856566487,9.928660035133362,14.309901475906372,0.9529317561465761,1.2979942894056962,1.1039276468547112,9.110916137695312,14.10927963256836
222,20,2,0.7977448934689164,995,3797,0.394124967046082,0.1903940821066498,5.74480535835959e-05,17,0.0292930395342409,2,9,0.0027330239478498,9391,4995,0.5611788341775537,0.2401942536234855,36,61,0.624047207400389,0.7425475980904885,False,RobustL1,magpie,0.1335400317329913,sobol,20,622,2,0.5946007684564909,1.148293806378377,26707468,66.5485110282898,NVIDIA A100-SXM4-80GB,0.5051252376994404,0.9949224161593573,0.6464105472784863,6.268926029205322,13.360209465026855,0.6358694426179838,1.161760273518535,0.5886553121889065,6.420235722064972,13.316372394561768,0.626056135089079,1.2831816224245174,0.7584033721892623,11.109832561016082,13.35994267463684,0.6007312076384289,1.1457190852479104,0.6238932979573065,6.391941547393799,13.196347713470459,0.6052218192375224,1.1558856345415647,0.6828169006445244,7.601018404960632,13.301675796508789
223,9,9,0.0764860603958368,771,2801,0.965697850100696,0.3789193453267216,1.3085016208607704e-05,13,0.0100518900901079,4,9,0.0044073902325704,2884,9794,0.1372989537194371,0.13019466586411,50,172,0.6176730230038054,0.728817438240815,True,RobustL1,onehot,0.3835170909855515,sobol,20,629,3,0.5812543972812158,1.1432012224552444,63580655,268.6921112537384,NVIDIA A100-SXM4-80GB,0.5407338514027714,1.0450933254934431,0.6198896497451749,6.4119052934646605,53.666383504867554,0.6242305840783217,1.2144230972836076,0.5746822549660313,8.481261270046234,53.82773756980896,0.6205369292990781,1.2575851909643985,0.8137372750251419,10.735169506072998,53.63178014755249,0.5547419539479038,1.1191478069344998,0.6824398147550523,8.91620900630951,53.72607207298279,0.5660286676780037,1.0797566916002734,0.6986154860987199,8.491317391395569,53.82748484611511
224,142,1,0.0,100,1024,0.0,0.0,2.6721088582091038e-05,5,0.0,1,2,0.0032276215956546,4026,2500,0.0,0.0,32,32,0.5,0.5,True,RobustL1,magpie,0.8726155368797481,simplex,3,834,4,1.1349693409759793,1.44303800796308,1850190,276.7050178050995,NVIDIA A100-SXM4-80GB,1.0916370828609903,1.3387353291368855,0.8481713479067082,7.035220086574554,54.758323192596436,1.1639295589885028,1.5174038349294823,0.7598099157088317,8.517620878219605,54.34352493286133,1.1355229144583048,1.5251631121322435,1.0158237016909895,10.792143356800079,54.96825385093689,1.159711613230545,1.4398140336416534,0.8527960030477305,9.432219862937927,56.53092360496521,1.124045535341553,1.3940737299751365,1.2282520120504472,9.02552843093872,56.09073519706726
225,39,3,0.356209478341043,372,2816,0.320907024666667,0.3672900404781103,8.592482203198598e-05,13,0.0178786294534802,2,3,0.0045920493743382,6094,6858,0.217766398563981,0.283137533813715,187,374,0.5005104084207677,0.8086569273566827,False,RobustL1,mat2vec,0.0830656717997044,sobol,20,225,5,0.7395274481869878,1.2716098667247167,10179606,11.770777702331543,NVIDIA A100-SXM4-80GB,0.6960716651187528,1.179790763224764,0.6319574860119475,5.885416269302368,2.36618709564209,0.7843341037207137,1.3323596933049646,0.758392961179029,7.697277264595032,2.318702220916748,0.7812626321955172,1.3695242078274543,1.0788070087411301,10.387122106552123,2.3872454166412354,0.7351531929198357,1.3049893033103785,0.9071297199440048,9.507848858833313,2.3768136501312256,0.7008156469801199,1.1713853659560216,0.7703134663986781,6.457150936126709,2.3099241256713867
226,124,1,0.0,100,1024,0.0,0.255299961194396,1e-07,5,0.0,1,3,0.0001,2500,2500,0.0,0.0,32,343,0.5,0.5,False,RobustL1,magpie,0.7262745421845466,simplex,3,693,6,1.1245282257212046,1.444771064353111,1850190,118.20990920066833,NVIDIA A100-SXM4-80GB,1.0580889746161677,1.3331850932735019,0.8228709957299546,7.096216797828674,23.56481432914734,1.1522928163127713,1.5287416254659365,0.7559736448717904,8.5218243765831,23.621015071868896,1.1339164724748634,1.5269167818216147,1.0095463714014112,10.797168564796447,23.610997676849365,1.1291141633982247,1.4359111062344825,0.8245947779914171,9.558834433555603,23.613078117370605,1.1492287018039955,1.3991007149700194,1.2881875875995261,8.935850501060486,23.786529064178467
227,197,1,0.0331214014440774,149,1156,0.1456265700981021,0.0438539441674947,5.574031340889633e-07,8,0.013057361729443,1,2,0.0002592575622722,2875,3009,0.0305202407762408,0.0271645598113536,36,41,0.5082431165036745,0.5151379327321425,True,RobustL2,mat2vec,0.7314244567509741,simplex,20,557,7,0.9724879080669144,1.3599267628401637,2143698,143.43660163879395,NVIDIA A100-SXM4-80GB,0.9431515583567458,1.2648407431927235,0.7685626149597427,6.427538275718689,28.45839524269104,1.022671040511416,1.4137989624689913,0.69737474810792,8.535412149429321,28.739722967147827,0.9943072439081376,1.4589671586723858,0.937680565498194,11.138674092292785,28.895397663116455,0.9668847368102639,1.3694808110698138,0.7439363724044624,9.815837144851685,28.73453998565674,0.935424960748009,1.2925461387969048,1.0058011359271075,9.461236834526062,28.595930814743042
228,35,4,0.0644236421212554,112,2168,0.8090830296278,0.2108270656317472,4.429221688983962e-05,9,0.0397870755754411,2,4,0.0045670673505403,4262,3422,0.7218224927783012,0.1126675894483923,115,288,0.5661120481842198,0.714893798508402,False,RobustL2,magpie,0.2723264487832785,sobol,20,502,8,1.0388600921045472,1.3879412079468325,3786390,30.852166652679443,NVIDIA A100-SXM4-80GB,0.9963232241559624,1.2924956505198912,0.7910044323244785,6.896143913269043,6.148052453994751,1.086488232160883,1.460388799502937,0.7334478361266819,8.444175856113434,6.171097993850708,1.0759233511283783,1.476558717467648,1.1373163746510055,10.149574947357177,6.143360137939453,1.027628628403822,1.3866686025791686,0.8393696314574937,9.345015048980713,6.16652774810791,1.00793702467369,1.323594269664517,1.1695846839239876,9.024862885475159,6.145798206329346
229,6,4,0.6995810111984611,1002,2006,0.8889444908127189,0.568418244831264,7.660237472224981e-05,18,0.0466331915929913,8,9,0.0018188472110778,5550,7385,0.3992373431101441,0.2901564352214336,119,102,0.7029615795368329,0.9143130720100364,False,RobustL1,mat2vec,0.1893834060803055,sobol,20,771,9,0.5241776138357807,1.0841653000095959,35719590,54.28454518318176,NVIDIA A100-SXM4-80GB,0.5012535202658526,1.0215878235743048,0.5511558942532443,6.6633226108551025,10.77275037765503,0.5854098002607737,1.1595597365650845,0.4932829150334219,6.386684799194336,10.905224323272705,0.518977168571936,1.1227303559073363,0.5652777007733586,11.076197481155395,10.896657466888428,0.5292936237834305,1.0979363419596433,0.5359821625270124,8.599678325653077,10.988491773605347,0.4859539562969104,1.0190122420416103,0.6042230120692171,7.378113543987274,10.705055475234985
230,183,1,0.017842604778707,176,1206,0.0880932044237852,0.0502811232581734,6.193052295967936e-06,5,0.000723469723016,1,3,0.0009310938344337,3002,2503,0.004977005533874,0.0060204323381185,41,77,0.5052279039207845,0.5355762769695371,False,RobustL2,onehot,0.8635059056431055,simplex,20,275,10,1.0290482956122171,1.4022052598825192,2325596,97.34403991699219,NVIDIA A100-SXM4-80GB,0.9868809479805078,1.3019760731526997,0.7665129882729801,6.915040731430054,19.45702362060547,1.083126833699037,1.4796886261624291,0.7104691888918933,8.546147661209107,19.47407579421997,1.0485048689399559,1.4967839706479342,0.951267072501643,10.82704586982727,19.419320344924927,1.0155998753867113,1.3903719636871403,0.773027046506049,9.60199922323227,19.49553871154785,1.0111289520548736,1.3422056657623933,1.0624463689903598,9.096673011779785,19.482617139816284
231,106,1,0.0,100,1024,0.0,0.0,0.0001,5,0.0,1,2,0.0001,2500,2500,0.0,0.0,32,32,0.5,0.5,True,RobustL1,mat2vec,0.7529457574058324,simplex,1,711,11,1.1439595215458007,1.4424701348616262,1850190,121.86020541191101,NVIDIA A100-SXM4-80GB,1.089423509638162,1.335561219569522,0.8520419593069845,7.008570313453674,25.368406534194946,1.2215273512251084,1.514722268746822,0.8038830178452828,8.243770318031311,25.049139261245728,1.1358898061442713,1.529801321314358,1.0067181455651983,10.775084805488586,23.82243514060974,1.133702563732118,1.4357021349191248,0.8319805137710818,9.518946290016174,23.837549686431885,1.139254376989344,1.3965637297583038,1.2546306568177128,9.014313340187073,23.76929998397827
232,192,1,0.0383564420044422,115,1507,0.0686272047460079,0.0270719407126307,4.478321866318584e-06,5,0.0040354659780859,1,2,0.0002490242331288,2672,2590,0.0688448715955019,0.0683612804859876,59,46,0.5087101893750019,0.5934273164003157,False,RobustL1,mat2vec,0.6019519338104874,simplex,20,804,12,0.9263140453203235,1.5397232318165,2045449,49.40138912200928,NVIDIA A100-SXM4-80GB,0.8829860910362324,1.4086643668388537,0.7997031515456798,7.256474614143372,9.989619493484497,0.9928707474968462,1.6258210637163355,0.779690083388358,9.132339434623718,9.847662210464478,0.967945749799799,1.6624174047242404,0.8694828689212184,11.536867868900298,9.872862815856934,0.9155388879206489,1.5588354280665855,0.8279779249532842,10.285731732845306,9.8543701171875,0.8722287503480911,1.4428778957364854,0.9042264830281141,9.77979862689972,9.824248790740967
233,194,1,0.0006189327687025,107,1186,0.010168713517487,0.0895658917725086,1.3742389243096114e-06,6,0.0101140715181827,1,2,0.0005168973942287,2868,2582,0.0420665293931961,0.0585749773308634,45,82,0.5035602560154162,0.5824252597702667,True,RobustL1,mat2vec,0.7835444143600762,simplex,20,342,13,1.1140857984683232,1.4403303685564317,1926448,97.48241996765137,NVIDIA A100-SXM4-80GB,1.0471740687527693,1.3392328506574485,0.8124264398862086,7.160769581794739,19.24765706062317,1.1675127074902274,1.5169632947437919,0.7664486657939779,8.505789654254913,19.532535076141357,1.136357999650456,1.5255449888078836,0.9964440474674746,10.86103583574295,19.498913526535034,1.111412623270327,1.4339782679128816,0.8075106001243171,9.621658563613892,19.49718427658081,1.1079715931778369,1.385932440660153,1.198372668930685,9.105352997779846,19.692012310028076
234,114,1,0.0,100,1024,0.0,0.0,1e-07,5,0.0,1,2,0.0001,2500,2500,1.0,0.0,32,32,0.5,0.5,True,RobustL1,magpie,0.7096366852521896,simplex,1,239,14,1.140446861366754,1.4450544845387818,1850190,106.03774380683899,NVIDIA A100-SXM4-80GB,1.1166210655669049,1.345598228476601,0.888320457000367,6.989116668701172,21.141586303710938,1.1921344218062526,1.5123149825245308,0.7802519457562928,8.416668968200684,21.229679346084595,1.1163729599373864,1.5287616985634742,0.965003339116505,10.941303503513335,21.14508819580078,1.1395091056901392,1.4390753142303216,0.8348590763140259,9.516840875148773,21.227516174316406,1.1375967538330867,1.3995221988989819,1.2573957210348592,9.022445619106293,21.282389640808105
235,80,6,0.3581914883106947,730,3514,0.7427556812763214,0.0711967730894684,9.593323387941348e-05,8,0.0662181785330176,6,10,0.0033044314218685,8846,8475,0.6481041563674808,0.4070079978555441,198,154,0.6390262882780284,0.6713279162069783,False,RobustL1,mat2vec,0.4238165310025215,sobol,20,655,15,0.779118075710299,1.3726615808913802,46812198,52.44673562049866,NVIDIA A100-SXM4-80GB,0.7586675924949356,1.2968916097870549,0.7835307611514956,6.26568115234375,10.630478858947754,0.8076944817523355,1.4032492929598952,0.684723243248168,9.023084299564362,10.340926885604858,0.8194081821684988,1.4971257338933988,0.9494333363366987,11.475253474712371,10.500273942947388,0.7911666798565727,1.4135119093798052,0.8850589876143149,10.32047289609909,10.520101308822632,0.7186534422791523,1.2525293584367465,0.9705379810288388,9.86662870645523,10.441149473190308
236,52,8,0.6854947097599506,755,1249,0.1841802662238478,0.6787736807018518,5.241395167689771e-05,18,0.081997259799391,1,7,0.0025715345888398,8873,5203,0.1116875652223825,0.5507960608229041,188,299,0.5856607503389009,0.8903439222020098,False,RobustL1,magpie,0.2157797703146934,sobol,20,248,16,0.5031895306271494,1.0322126085156316,36540290,65.16263484954834,NVIDIA A100-SXM4-80GB,0.4898249172335986,0.9710979175617411,0.6164889451585296,5.705496988296509,12.959692239761353,0.5327035136305678,1.074619765329715,0.44212734299123296,6.404417359828949,13.14120078086853,0.47446836348206417,0.9974699174254223,0.5132172978669103,9.892955386638642,12.9340341091156,0.4816948548888021,1.037676802536522,0.5267715520372628,8.354941368103027,13.012268781661987,0.5372560039007146,1.0801986397247578,0.6439172573994683,6.47185263633728,13.101337671279907
237,80,6,0.3581914883106947,730,3514,0.7427556812763214,0.0711967730894684,9.593323387941348e-05,8,0.0662181785330176,6,10,0.0033044314218685,8846,8475,0.6481041563674808,0.4070079978555441,198,154,0.6390262882780284,0.6713279162069783,False,RobustL1,mat2vec,0.4238165310025215,sobol,20,935,17,0.7859378494332314,1.3859976752467138,46812198,51.97430682182312,NVIDIA A100-SXM4-80GB,0.7501176202543137,1.2761964946373254,0.7401561727021596,6.313589398860931,10.339409589767456,0.8348071494501137,1.4409234347072026,0.7349839888060768,8.958731727600098,10.387396335601807,0.8284451695568011,1.5112458470557493,0.7485879350719953,11.663151156902313,10.460579633712769,0.7929910697830875,1.429714285296363,0.8517223149605546,10.37807023525238,10.33457064628601,0.7233282381218413,1.2719083145369285,1.0870082251244584,9.916637063026428,10.438631772994995
238,41,9,0.2725038295611739,855,3263,0.2464243257418275,0.779777112416923,9.841807222208007e-05,15,0.0023866304196417,8,4,0.0023919216655194,9495,4709,0.1407977426424622,0.7576723843812943,182,121,0.5694785519595258,0.753442361280229,False,RobustL1,mat2vec,0.7975634282082319,sobol,20,84,18,0.4077859576220143,0.9482183167796986,80057213,238.8575119972229,NVIDIA A100-SXM4-80GB,0.41360726669738146,0.9198560022379614,0.43401438653944696,6.382625584602356,47.76523160934448,0.42586082624172417,0.9396047649453143,0.42004949173360995,8.077987670898438,47.844104528427124,0.4227169100262314,1.0623796438019029,0.4386656890090121,11.73267329931259,47.72814178466797,0.40097176152124725,0.9441135581686906,0.43815991399304094,9.341348791122437,47.68288993835449,0.3757730236234872,0.8751376147446233,0.5318824405335584,7.236246025562286,47.825061321258545
239,94,2,0.7504722513258457,369,3642,0.8223701938986778,0.1036390205845236,3.814042062060908e-05,12,0.0356344439089298,6,7,0.0034375276327133,3633,8988,0.1893810089677572,0.352494427934289,163,104,0.7046635277104564,0.7872274341428652,True,RobustL2,mat2vec,0.9735055413469672,sobol,20,684,19,0.49145747908722504,0.9364137188003973,8755542,48.76468276977539,NVIDIA L40S,0.4628586703118232,0.864478227076932,0.4900741830039648,5.225455633401871,9.830198287963867,0.5123247172001519,0.9388431559153083,0.39107772481138664,6.397133314609528,9.679635524749756,0.5310077625998457,1.0457898152777827,0.5758323227093448,8.726968240737914,9.703193426132202,0.4853052075354466,0.9476222392877377,0.5242581852438744,6.205191040039063,9.831454277038574,0.4657910377888576,0.8853351564442251,0.55494322298658,5.475395679473877,9.707241773605347
240,198,1,0.0370196299627423,108,1054,0.0438932348042726,0.0424199802801013,6.04491056278348e-06,5,0.0068740791641175,4,3,0.0003267675220035,2835,2786,0.0361349359154701,0.0443655997514724,33,79,0.5093039852424525,0.5112943538192659,True,RobustL1,magpie,0.0143414082564413,simplex,20,449,0,1.0478531099506228,1.4713074137631903,1897804,3.5588111877441406,NVIDIA A100-SXM4-80GB,1.0293624238936832,1.3327985834557625,0.8099723880488916,7.12059223651886,0.7290754318237305,1.1371208810780387,1.5233017621835006,0.7462659573498247,8.678573505878449,0.7158787250518799,1.0514201561234544,1.582094491011571,0.8494289691269936,11.23125312924385,0.7081356048583984,0.9941444816988014,1.5257741411022971,0.7545820427420553,10.1226204931736,0.696627140045166,1.0272176069591357,1.39256809106282,1.0347237967851115,9.276773512363434,0.6970832347869873
241,59,1,0.3300643544644117,713,1708,0.1887407880276441,0.4256033711135387,3.381041546063498e-05,10,0.0766141962260008,5,3,0.0005338829518295,3560,7310,0.5071920240297914,0.1990104103460908,123,353,0.5271157606224529,0.8197600625577383,False,RobustL1,onehot,0.6851677889376879,sobol,20,367,1,0.6039133528508847,1.1820668335515023,7470694,50.2430055141449,NVIDIA A100-SXM4-80GB,0.5585468407769674,1.041555069719829,0.5967720392541823,5.844290256500244,10.011591911315918,0.6354239600372625,1.2211488285790728,0.5421496777045949,8.78715594291687,10.003962993621826,0.6339764019927813,1.2895432378995055,0.679270816022672,11.42148197889328,10.020076513290405,0.5900391322238437,1.189331318720036,0.6463264522191788,9.204768323898316,10.03669023513794,0.6015804292235685,1.1687557128390678,0.7616407280831168,9.735062301158905,10.157491207122803
242,127,5,0.0,100,1024,0.0,0.0,1e-07,5,0.0,1,2,0.0001,2500,2500,0.0,0.5446923766285181,32,32,0.5,0.5,False,RobustL2,onehot,0.020217364616692,simplex,3,556,2,1.1545003480292508,1.4502932545336051,2837086,7.128002166748047,NVIDIA A100-SXM4-80GB,1.1212445226839132,1.3442485375027484,0.8883413071022698,6.89967155456543,1.4425714015960693,1.2402304385254619,1.518179234397894,0.8189228795074208,8.17723711013794,1.4201855659484863,1.1490503926230562,1.5259390005750932,1.037276847457993,10.734761548042297,1.4178316593170166,1.2097170281694973,1.4570226418865488,0.9075869079547983,9.326117515563965,1.4247243404388428,1.0522593581443247,1.406076858305742,1.0643601335647601,9.27507472038269,1.4100279808044434
243,94,2,0.7504722513258457,369,3642,0.8223701938986778,0.1036390205845236,3.814042062060908e-05,12,0.0356344439089298,6,7,0.0034375276327133,3633,8988,0.1893810089677572,0.352494427934289,163,104,0.7046635277104564,0.7872274341428652,True,RobustL2,mat2vec,0.9735055413469672,sobol,20,910,3,0.4831803408440317,0.92717860882558,8755542,80.2684051990509,NVIDIA A100-SXM4-80GB,0.44881076784009655,0.8180939857340582,0.4821364254192636,5.448860726356506,15.974808692932129,0.5008426264080499,0.9419532349323344,0.3899272109869898,6.364007914066315,16.53407120704651,0.5125590836302854,1.0476708430537731,0.568044491585346,9.55806896686554,15.843145370483398,0.47916351131196905,0.9236917968126387,0.48235169979853454,5.589498901367188,15.88116717338562,0.4745257150297579,0.9044831835950957,0.5843637994468439,5.179908275604248,16.01217246055603
244,104,1,0.0,100,1024,1.0,0.0,1e-07,5,0.0,1,2,0.0001,2500,2500,0.0,0.0,32,32,0.5,0.5,False,RobustL1,magpie,0.5708717943541706,simplex,1,145,4,1.1369198446685325,1.4406808816709131,1850190,168.14570689201355,NVIDIA A100-SXM4-80GB,1.0966323992250797,1.3386641768705392,0.864098980208979,6.986389636993408,33.65611433982849,1.1954154945403563,1.5126256398292564,0.7835011576412422,8.367832021713257,33.814937591552734,1.1635514638530056,1.5244450100211486,1.065433116014519,10.67910213470459,33.291584968566895,1.1165901417659758,1.4357871271079905,0.8093734258088341,9.690421044826508,33.61767292022705,1.1124097239582436,1.391882454525632,1.1981219316271883,9.090206623077393,33.75380182266235
245,187,1,0.0030549922958016,114,1318,0.0637776358053088,0.0156858665868639,9.264201806671918e-06,5,0.0064824660308659,1,3,0.0001331150248646,3951,2736,0.0128081133589148,0.0258105853572487,53,34,0.5181578256716952,0.5218975731090643,False,RobustL2,mat2vec,0.3443718526978045,simplex,20,827,5,1.1278233800391066,1.4407901495393003,1989784,28.012362718582153,NVIDIA A100-SXM4-80GB,1.0678110239353034,1.3311303420406373,0.826947776292217,7.0414223074913025,5.4886815547943115,1.1782759384249502,1.519780566428488,0.7711746930035733,8.44353087425232,5.59709095954895,1.1601036740540163,1.5233526637118364,1.0508981869641436,10.746503782272338,5.671240568161011,1.1170223874610878,1.4377816003643438,0.8117045214822223,9.60892802476883,5.644960880279541,1.1159038763201756,1.3919055751511962,1.209506572506551,9.01864379644394,5.598819971084595
246,55,4,0.4288598988205194,893,2623,0.9133359910920262,0.1917832121253013,2.735765353105962e-05,10,0.083238149061799,7,5,0.0028955045913346,7027,8409,0.2197783440351486,0.1451270692050457,244,303,0.5436230461562053,0.8944929720206186,False,RobustL2,onehot,0.6918713482655585,sobol,20,417,6,0.6750569296915961,1.0888215248882982,35083138,70.84594821929932,NVIDIA A100-SXM4-80GB,0.6421663581069466,1.0114693297495867,0.5998517492210282,5.188215732574463,14.262469053268433,0.7039293386571183,1.1130034720311874,0.5592357792620302,6.089072780609131,14.08716893196106,0.7167633196831266,1.1917886890954756,0.805705142551113,9.122948122024535,14.163904666900635,0.6431899638763596,1.0747779968171762,0.6440400023542885,7.4640548706054695,14.091832160949707,0.6692356681344301,1.0530681367480652,0.8893854774370863,7.2660980224609375,14.226457357406616
247,74,4,0.5161129655316472,911,3286,0.1795593705028295,0.2637407006695866,2.74766171711497e-05,11,0.0979528012685477,9,8,0.0016629257306456,4337,5492,0.0367019092664122,0.45349907502532,184,41,0.6346699656545185,0.6848139917088673,True,RobustL1,magpie,0.0888824323937296,sobol,20,855,7,0.7489058861210692,1.3081017898888052,40642740,16.04402446746826,NVIDIA A100-SXM4-80GB,0.7277483088755322,1.2526985089391751,0.8443766797641208,6.160500829219818,3.1708834171295166,0.7865346633365436,1.2858794536331426,0.7014376171690918,8.330686705112457,3.1687703132629395,0.7725768046360968,1.4256673542243241,1.219922106877521,10.621983087062835,3.352324962615967,0.7321922915597951,1.3686139936753612,0.8149527349074461,9.887165987491608,3.1668035984039307,0.7254773621973785,1.2076496389720228,0.9613544238542422,9.409533262252808,3.172173500061035
248,78,8,0.0007749358192086,974,1426,0.7107577743008733,0.1388354683294892,7.530063817752526e-05,17,0.0822616253979504,1,6,0.0001595182904973,4379,5717,0.4910975806415081,0.7375610452145338,59,52,0.6144823298686184,0.7868111417213455,True,RobustL1,onehot,0.7460587089974433,sobol,20,757,8,1.0216386488433287,1.4573478238028046,56231044,524.7560977935791,NVIDIA A100-SXM4-80GB,0.9865789364849447,1.3394372380846555,0.775390316316002,7.218867480754852,104.89075684547424,1.0701761832855943,1.5513001605046082,0.7231432256822139,8.868654744625092,104.91800427436829,1.0272362758139963,1.566699243652043,0.8629551051639424,11.275995564460754,105.03853487968445,1.024923235645253,1.4385370671765156,0.746028522915723,9.972961783409119,105.09726047515869,0.9992786129868549,1.3907654095962005,1.0061783529374682,9.42800498008728,104.79909539222717
249,76,5,0.0491922246292233,715,1870,0.935859179124236,0.2714891284704208,1.151526474012062e-05,16,0.0277628608047962,2,9,0.0040086484043858,3893,7971,0.3134622666984796,0.9838046859949828,146,430,0.583187788245175,0.852334796490986,False,RobustL2,mat2vec,0.1391355571057647,sobol,20,106,9,1.031766008286929,1.3837202675383864,26672740,32.94378209114075,NVIDIA A100-SXM4-80GB,0.9834048012698253,1.269996867387358,0.8090483072788803,6.750293135643005,6.654484033584595,1.089847790115431,1.448729267586726,0.7367725738857086,8.468445913791657,6.52079439163208,1.0355265920506498,1.4996668947219536,0.9297005383361857,10.771579217910766,6.54883337020874,1.0517563641213699,1.3853700538955862,0.7665453219072803,9.611205518245697,6.483606338500977,0.9982944938773693,1.3148382541003092,1.1671144876075006,8.978049159049988,6.723368167877197
250,8,7,0.6792903831228614,461,2537,0.5571671649813652,0.0316483359783887,8.910778103228659e-05,19,0.0362204381264746,2,8,0.0055173141623847,9884,6048,0.4589949194341898,0.7648136541247368,137,386,0.6332249133331701,0.8982528333989903,False,RobustL1,magpie,0.9656942200567572,sobol,20,220,10,0.43480746648417473,0.9430391153797654,24722925,284.6759877204895,NVIDIA A100-SXM4-80GB,0.4107565955696355,0.8934543486216582,0.5176515196715625,6.282100677490234,57.009599924087524,0.43736925922309927,0.9022729498594833,0.43603619080993017,6.396821284294129,56.87504506111145,0.48321823823853244,1.0923824023680666,0.46822688049449424,10.244726037979126,56.834312200546265,0.41881442065218244,0.950460754579581,0.47318751958483096,9.7115793466568,56.94278144836426,0.42387881873742395,0.8766251214700378,0.5808985816620537,5.603599762916565,57.00182056427002
251,134,1,0.0,100,1024,0.0,0.0,5.761162909027189e-06,7,0.0,4,2,0.0001,2500,2500,0.4679363677278161,0.0,32,32,0.5,0.5,True,RobustL1,mat2vec,0.6750418295618147,simplex,4,290,11,1.1396201204738143,1.4446901166911856,1850190,136.82242703437805,NVIDIA A100-SXM4-80GB,1.0828271103138256,1.33691041163485,0.8399576842440891,7.050794422626495,27.22938823699951,1.1748020252472156,1.521533185095418,0.7670051565841222,8.463461475372315,27.438006162643433,1.1628261870281704,1.5255317587423134,1.0625407503572588,10.676914286613464,27.32128119468689,1.134152427472975,1.438714629717354,0.8266602134095904,9.566973268985748,27.439701080322266,1.1434928523068844,1.4007605982659925,1.2657441131322609,8.985500931739807,27.38166379928589
252,37,5,0.2867409167811274,595,3682,0.3963301796466112,0.6311882976442575,1.4938724575843662e-05,15,0.057654258981347,7,9,0.0047208388024009,6282,7072,0.0373048922047019,0.5272904634475708,80,485,0.600910357973259,0.8266543964575976,True,RobustL2,magpie,0.3371097705326975,sobol,20,85,12,0.5053552615056974,1.0093985213347731,31561744,121.40097522735596,NVIDIA A100-SXM4-80GB,0.47589595312404326,0.906394359081557,0.5318299904810456,5.56404869556427,24.23047184944153,0.5342126876640009,1.005609462679516,0.4696035681359938,6.376961791515351,24.258376121520996,0.5521922052566702,1.1605677202301579,0.5676681261436086,11.10849688053131,24.237478733062744,0.479911119228595,1.024487042820634,0.5440328050621223,9.156365656852723,24.32797622680664,0.4845643422551777,0.9499340218620017,0.5678503129056099,5.85539302110672,24.334079265594482
253,54,2,0.6935853995382786,271,1756,0.2581355720758438,0.20455729868263,6.490714008901269e-05,17,0.0977315129712224,6,8,0.0047705692604184,4774,6364,0.0591329121962189,0.0177857084199786,180,76,0.5157101499811746,0.9222553476832808,False,RobustL1,onehot,0.9244371230434626,sobol,20,790,13,0.39520619337057544,0.9268144905394582,4473848,99.57198238372803,NVIDIA A100-SXM4-80GB,0.3735289364127719,0.8194585676338733,0.4126021194409102,6.333580856323242,19.983139991760254,0.40664979434556986,0.9167499409676917,0.35878395373776767,7.376058912277221,20.03316044807434,0.4124410830763341,1.0471752045672782,0.3923482775385523,11.654954743385314,20.018345594406128,0.40263692761735986,0.999475208593257,0.4285537999956702,10.063787043094635,19.772955179214478,0.38077422540084177,0.8512135309351917,0.4993956987653909,5.988007283210754,19.750828504562378
254,163,2,0.0147854341194033,118,1172,0.0856924839317798,0.0981028685346245,7.036194247566163e-06,5,0.0033140471205115,1,2,0.000450591972284,2691,3567,0.0557430442422628,0.0734089696779847,36,56,0.5043047106689773,0.5539775324001909,False,RobustL2,onehot,0.4170470111258328,simplex,20,520,14,1.066853418271228,1.4161140890147423,2312992,67.45768904685974,NVIDIA A100-SXM4-80GB,1.0257525643903709,1.3143982462145296,0.7985842465442438,7.017692744731903,13.532082796096802,1.1418200857735095,1.4963318960276188,0.7607080302875063,8.462522106170654,13.482424974441528,1.0731737061652247,1.5128730492892875,0.9652494992893635,10.854349386692046,13.44336199760437,1.0698484131619415,1.4107321843562355,0.7816350540051383,9.676904380321503,13.513689517974854,1.023672321865092,1.346235069186041,1.0881342077264382,9.14386135339737,13.473909616470337
255,102,1,0.0,1024,1024,0.0,0.0,1e-07,5,0.0,1,2,0.0001,2500,2500,0.0,0.0,32,32,0.5,0.5,True,RobustL1,onehot,0.2995463554561138,simplex,1,274,15,1.118031397549784,1.446138997521579,8934662,41.593974351882935,NVIDIA A100-SXM4-80GB,1.0789038126217556,1.3354344779116647,0.8448492759342345,7.045627415180206,8.426114082336426,1.162880964739962,1.5228745167124902,0.7601207880550407,8.517956929206848,8.137664318084717,1.095151418363362,1.5389296541116415,0.9304974692914407,10.988049101829528,8.323283195495605,1.1357823373647518,1.4386132791097024,0.8285072619912442,9.60441243648529,8.398916006088257,1.1174384546590885,1.3948430597623958,1.2099947335252166,9.030470848083496,8.294330358505249
256,157,4,0.0,100,1024,0.0,0.0,1e-07,5,0.0,1,2,0.0001,2500,2500,0.0,0.0,160,56,0.5,0.5,True,RobustL2,mat2vec,0.7006294763460755,simplex,3,742,16,1.141825101783327,1.4460304645834399,2590362,35.47845244407654,NVIDIA A100-SXM4-80GB,1.1114183628106091,1.3449927858515405,0.8797382023932271,6.97655725479126,7.074623346328735,1.1763482075974943,1.519456547763755,0.7696765583687765,8.46936698436737,7.103174448013306,1.1524764635172005,1.5268510179315957,1.0383904782779536,10.757533979415893,7.095475673675537,1.1311597549539956,1.4399175686742025,0.8221425796292577,9.56756180524826,7.080291986465454,1.137722720037336,1.398934402696105,1.2577667030020088,8.982604026794434,7.112058401107788
257,69,9,0.0605065152049064,160,2718,0.8418520810082555,0.0682425079867243,3.023372651236132e-05,5,0.0232237572781741,4,4,0.0049555658765137,3400,5232,0.7961472263559699,0.77479790430516,209,75,0.6074030103770085,0.8423370807110332,True,RobustL1,mat2vec,0.0183374336548149,sobol,20,73,17,1.0111406461143977,1.5292504572138255,10525268,5.905950307846069,NVIDIA A100-SXM4-80GB,1.0482302898951643,1.3118538562205322,0.8608025019217971,6.88911247253418,1.2025370597839355,1.0409818949994514,1.7088690622915303,0.8393439703980015,9.35655839920044,1.165714979171753,1.0233914182861774,1.6417919248416633,0.824418075842944,11.427111220359802,1.1641781330108643,1.0174844848708402,1.467275570957726,0.7622125006453447,9.859383404254913,1.1871955394744873,0.925615142520355,1.5164618717576748,0.886465334606981,9.699743837118149,1.1733851432800293
258,118,1,0.0,100,1024,0.0,0.0,1e-07,5,0.0,1,2,0.0001,2500,2500,0.0,0.0,32,32,0.5,0.9999,True,RobustL1,onehot,0.6165130375232547,simplex,1,38,18,1.129468454674879,1.442990451468104,1850190,85.28016757965088,NVIDIA A100-SXM4-80GB,1.0927466994957609,1.338724087737115,0.857051449452327,6.995396733283997,17.047204732894897,1.1726204076211952,1.518223564887838,0.7651926210423968,8.477443532943726,17.065359830856323,1.1442350594254451,1.5261286017087874,1.0204517495488632,10.786188197135925,17.0330650806427,1.1317569036022979,1.4383600004320725,0.8256754573366915,9.565445244312286,17.09189248085022,1.1059832032296968,1.3935160025747064,1.1851740508369757,9.120463907718658,17.030372858047485
259,159,1,0.0,100,1024,0.0,0.0,1e-07,13,0.0,1,2,0.0001,2500,2500,0.0,0.0,32,32,0.5,0.7412002219680697,False,RobustL2,mat2vec,0.8898352407198399,simplex,2,683,19,1.1486615498028088,1.4459900179184342,1850190,178.55597352981567,NVIDIA L40S,1.0976710946163837,1.3404400534668175,0.8563576999061238,7.020782709121704,35.722596645355225,1.212294048307773,1.5118172276169592,0.795106579620236,8.303077774047852,35.699631690979004,1.1269678056356573,1.5315998264303794,0.9837090706655054,10.85858793258667,35.7029709815979,1.148551113408759,1.4407766167576563,0.8397326460741555,9.537065625190735,35.72723865509033,1.1578236870454708,1.405316365320359,1.295713401365929,8.97031283378601,35.69263052940369
260,124,1,0.0,100,1024,0.0,0.255299961194396,1e-07,5,0.0,1,3,0.0001,2500,2500,0.0,0.0,32,343,0.5,0.5,False,RobustL1,magpie,0.7262745421845466,simplex,3,752,0,1.1126569033918403,1.4419068389374528,1850190,113.67911338806152,NVIDIA A100-SXM4-80GB,1.053097991829457,1.3345799354568697,0.8188213641349652,7.104247212409973,23.066235303878784,1.1661439815043886,1.519646560209621,0.7635727110459264,8.512802557945252,22.808476209640503,1.1495651675150784,1.5245663075671494,1.0493907444445143,10.741362583637237,22.509493827819824,1.106180296770007,1.4382701205042048,0.8020862178419464,9.683552026748657,22.55334782600403,1.0882970793402713,1.3924712709494187,1.1445498230243867,9.181223809719086,22.73021674156189
261,154,1,0.5354494703933597,100,1024,0.0,0.1158412266522646,1e-07,10,0.0,1,2,0.0001,2500,2500,0.0,0.0,32,32,0.5,0.5,True,RobustL1,onehot,0.9659222385007888,simplex,3,799,1,0.4438435564767668,0.9704626213422449,1850190,265.60996770858765,NVIDIA A100-SXM4-80GB,0.4217644583544695,0.905913159505612,0.4829340358016905,5.70641740322113,52.9778687953949,0.45929695269701665,0.9686744093821126,0.4181503812197722,7.294754433631897,52.99517226219177,0.4795757014251817,1.1138955179992567,0.4680220001192944,11.549537193775176,53.37341117858887,0.43967374082496974,0.9935650599266378,0.49498109965741194,9.063377165794373,53.28420901298523,0.4189069290821966,0.8702649598976058,0.5695697224993036,5.7111711502075195,52.967177867889404
262,9,9,0.0764860603958368,771,2801,0.965697850100696,0.3789193453267216,1.3085016208607704e-05,13,0.0100518900901079,4,9,0.0044073902325704,2884,9794,0.1372989537194371,0.13019466586411,50,172,0.6176730230038054,0.728817438240815,True,RobustL1,onehot,0.3835170909855515,sobol,20,588,2,0.5717233181358012,1.1162829617515648,63580655,277.6299879550934,NVIDIA A100-SXM4-80GB,0.5384874482263571,1.0437200600718333,0.5846235426452785,6.163158957958221,55.822144508361816,0.6186526939094908,1.1573949868851565,0.5876929183982791,6.895627574920654,55.25249743461609,0.6105785885268781,1.2498060647961813,0.6233780856439545,10.371921491622924,55.29057574272156,0.5530782713641562,1.0609800223654935,0.6896185959102584,6.905999088287354,55.506497383117676,0.5378195886521236,1.0695136746391596,0.7785275322363111,7.927126169204712,55.745203495025635
263,113,1,0.0,100,1024,0.0,0.0,1e-07,5,0.0,1,2,0.0001,2500,10000,0.0,0.0,32,32,0.5,0.5,True,RobustL2,mat2vec,0.0698390881065279,simplex,1,641,3,1.1399057604989704,1.4411605490736414,1850190,9.604081869125366,NVIDIA A100-SXM4-80GB,1.0714610612793674,1.3394216997141928,0.8313764964889108,7.092830538749695,1.904104232788086,1.2045272896085317,1.5051219042319468,0.7942238096957855,8.252358393669128,1.9166152477264404,1.1747407771347658,1.5247474014292557,1.0886792768726072,10.671247911453246,1.925851583480835,1.144326779746595,1.4415636472518814,0.8357153521797782,9.52398830652237,1.9228177070617676,1.1044728947255922,1.394948092740932,1.175289734753993,9.13700807094574,1.9218406677246094
264,153,1,0.0,100,1024,0.4444837067276239,0.0,1e-07,5,0.0,1,6,0.0001,2500,2500,0.0,0.0,32,32,0.5,0.5,True,RobustL2,mat2vec,0.3063788245990872,simplex,2,188,4,1.1176320293836308,1.438477586522908,1850190,88.12902402877808,NVIDIA A100-SXM4-80GB,1.0759126397634045,1.3295259041687086,0.843280201540313,6.987175345420837,17.307495594024658,1.1488620286422753,1.5197806844677184,0.7576064008154321,8.524769203662872,17.779113292694092,1.1473756641725503,1.5237817377754654,1.0372048931411013,10.740999352931976,17.519166231155396,1.1220979620967706,1.4337175800843889,0.8167582596399625,9.612541258335114,17.74974799156189,1.093911852243154,1.3855820261182588,1.1655664088099051,9.174131989479065,17.76120352745056
265,1,2,0.6298969192430377,315,1325,0.8310975311324,0.4299458032473922,2.2689087740145623e-05,20,0.0786090645939111,3,3,0.0015752735203132,6826,7611,0.3438598476350307,0.5185623541474342,233,216,0.6640307648247108,0.9637449822404422,True,RobustL2,magpie,0.4124309095460922,sobol,20,344,5,0.534657218705466,1.0159169440909888,4571236,42.89100980758667,NVIDIA A100-SXM4-80GB,0.4940755908652315,0.9306217725500167,0.49996860745759913,5.625464758872986,8.508788824081421,0.5624927192777557,1.018301927308313,0.43844021518980864,6.424656772613526,8.571408033370972,0.5747095102971334,1.1346483457681311,0.5116567285011838,9.345092499256134,8.576621770858765,0.5140118311994368,1.0038011074616737,0.5755783161300775,7.374589967727662,8.576200008392334,0.5279964418877726,0.9922115673668086,0.5665075383128199,7.541505813598633,8.491167306900024
266,138,1,0.0,100,1024,0.0,0.0,2.099492116831243e-06,5,0.0,1,2,0.0001,2500,2500,0.0,0.0,32,502,0.5,0.5,True,RobustL1,onehot,0.1385016470961272,simplex,2,138,6,1.1211428682200268,1.4434295248560818,1850190,20.07643985748291,NVIDIA A100-SXM4-80GB,1.0632237710445374,1.333507408894353,0.8216563495832286,7.091272294521332,4.004897117614746,1.1800332184826772,1.5216454708435005,0.7729092822122005,8.418140666484833,4.003462314605713,1.1405055577358905,1.5277022405845921,1.0098087345927023,10.806364727020263,4.049357652664185,1.111273509979766,1.441821681395406,0.8066822108048364,9.64020025730133,4.011137247085571,1.1106782838572626,1.3924708225625577,1.1993978913411631,9.061945974826813,3.9951884746551514
267,62,3,0.4985133539885282,194,3491,0.8691930929198861,0.8068162389099598,7.197848966866732e-05,12,0.0419102655723691,3,7,0.0027702381233684,5349,8168,0.0251501249149441,0.9204138293862344,134,436,0.5736634495949373,0.9751457616809756,True,RobustL1,mat2vec,0.9618160200770944,sobol,20,559,7,0.4144039961060316,0.9264923236610118,6290031,116.52330708503723,NVIDIA A100-SXM4-80GB,0.4023639306817588,0.8827587933642453,0.44821847837265677,5.994740073680878,23.491315603256226,0.40576137372388643,0.8842367382773136,0.3688051846001197,6.704631881713867,23.51274561882019,0.45497526789591697,1.0648239966799453,0.4347589942022005,10.165920174121856,23.28767490386963,0.4073425097548353,0.9008519704115352,0.4392204168946807,5.323620796203613,23.175477266311646,0.4015768984737604,0.8997901195720195,0.4904385327833962,6.738803434371948,23.042933225631714
268,38,6,0.3421267597004771,169,3931,0.0323291616514325,0.2189378282055258,2.481415771972388e-06,13,0.0719736217521131,3,8,0.0025405943246558,3115,4483,0.102417703717947,0.060331393033266,71,228,0.532183922522422,0.8605104544968345,True,RobustL2,onehot,0.5585037405882031,sobol,20,678,8,0.516009960664923,0.9641629036564234,10391328,193.9183189868927,NVIDIA A100-SXM4-80GB,0.5030680399142958,0.9269206167039771,0.518578986915851,5.414872932434082,38.805421352386475,0.5102667793841884,0.9483530265031532,0.4345080281703473,6.212390923500061,38.78077697753906,0.5464849687619266,1.059642610549736,0.6206309833376461,8.795326900482177,38.81712079048157,0.5259284145125349,0.9971902313368215,0.5524722844038988,7.37874870300293,38.80807018280029,0.4943016007516695,0.8887080331884293,0.6004816970284793,4.834318971633911,38.694286823272705
269,92,2,0.4539119713008404,279,3204,0.2299844687804579,0.2270891088992357,8.941269601741806e-05,11,0.0656684972345829,1,9,0.0021191618330776,6479,5095,0.4445867510512471,0.7402354059740901,152,254,0.7915114875528031,0.8507751608631573,True,RobustL1,mat2vec,0.0120651451218873,sobol,20,21,9,0.9800498251340487,1.4595559510217868,6235414,4.595324993133545,NVIDIA A100-SXM4-80GB,0.960179740893336,1.348771445986236,0.8855562859802765,6.994850039482117,0.9268438816070557,1.0611537766430716,1.5491956382519674,0.8098560985714751,7.940273838043213,0.9256405830383301,1.1083079779316367,1.6476008129172894,1.6598938888808992,11.168124413490295,0.9101614952087402,0.9132562864797512,1.4178803154033828,0.7201024819696732,10.461089611053467,0.915203332901001,0.8573513437224471,1.3343315425500575,0.9637608160338024,10.212365746498108,0.9051134586334229
270,150,7,0.0,100,1024,0.0,0.0,1e-07,5,0.0278914508409798,1,2,0.0001,2500,2500,0.0,0.0,32,32,0.5,0.5,True,RobustL1,magpie,0.4970691632479429,simplex,2,172,10,1.124964667360456,1.4433813265446227,3330534,172.55040216445923,NVIDIA A100-SXM4-80GB,1.0831730343930495,1.3351687195036792,0.8450740812591345,7.031545042991638,34.539674043655396,1.1530777308788154,1.5261542986593952,0.7549939208108689,8.5450998711586,34.55332922935486,1.1470603673621187,1.5273087670111525,1.025995442559086,10.768163394927978,34.52405881881714,1.1433549183484142,1.435264851271091,0.8391078521595984,9.540303468704224,34.49588108062744,1.098157285819883,1.3930099962777964,1.1710611767216217,9.113526105880737,34.424503326416016
271,189,2,0.0063981600105762,102,1024,0.0097497925162315,0.0469134226441383,2.456931688822806e-06,7,0.0024774752557277,1,2,0.0012389816854149,3440,3119,0.0064117740839719,0.0646904818713665,41,33,0.5165963557053357,0.5299470393320546,True,RobustL2,mat2vec,0.974232628699392,simplex,20,562,11,1.0506481933723346,1.4044909655731934,2112872,207.88130807876587,NVIDIA A100-SXM4-80GB,1.0008914790272583,1.295022798632574,0.7739949182267534,6.886901140213013,41.47260570526123,1.1027301091492887,1.476959139105195,0.7482827466511475,8.46444197177887,41.334800720214844,1.0647238249266189,1.4965026876990624,0.9514673604130857,10.791948568820953,41.47882080078125,1.0529133141985676,1.4085592496588113,0.772475941393097,9.738287687301636,41.41968536376953,1.0319822395599405,1.3454109527703255,1.1099620816595948,9.21020358800888,42.16257429122925
272,173,1,0.0018336297944188,158,1153,0.1280555706471204,0.0188367357477545,1.329344941303134e-06,6,0.0268622873350977,2,2,0.00015589274792,2613,3074,0.0182005325332283,0.0307965483516454,38,35,0.507495874028001,0.5333064799728804,True,RobustL2,magpie,0.1931600255239755,simplex,20,575,12,1.144840307822069,1.4461396677365994,2200687,26.09170651435852,NVIDIA A100-SXM4-80GB,1.080525017281697,1.336686838478713,0.8424454671833953,7.050907254219055,5.213144779205322,1.1598691085029502,1.5227196186307481,0.7600786326110601,8.509084777832031,5.222894191741943,1.1552994955272033,1.5250836557631675,1.0435330316843932,10.729447734355926,5.21679425239563,1.1750985332524222,1.4442614874911097,0.8691428511818796,9.405558586120605,5.20949912071228,1.153409384546073,1.401946738319259,1.2922860062488353,8.903694868087769,5.217355966567993
273,91,2,0.6334313442930579,463,2661,0.0032795425504446,0.4642295194789767,2.814842766672373e-05,13,0.019183652382344,9,5,0.0027467204041779,2519,3167,0.3193017020821571,0.5977958654984832,174,195,0.5291176655125804,0.6248609902734868,False,RobustL1,onehot,0.2061149115022272,sobol,20,856,13,0.5816263958237186,1.1315569165767445,9015748,19.800355672836304,NVIDIA A100-SXM4-80GB,0.5259301836353429,0.986766520559066,0.5768970614288846,4.644742598533631,4.04993748664856,0.5985625661441998,1.1187723836587589,0.5192409051707616,6.796994524002075,3.9029643535614014,0.6096812148319393,1.2462232879107646,0.6219500038865646,11.156439733505248,3.959742546081543,0.579997791554071,1.1655086672710375,0.6323560231620239,9.284583258628846,3.880220651626587,0.5939602229530396,1.1405137234840965,0.6867324077787216,8.986957311630249,3.9934139251708984
274,178,2,0.0087531860917806,121,1034,0.0080064423382282,0.0664930958300829,1.169327026475221e-05,5,0.0033929457888007,3,2,0.0002025924263522,3101,2849,0.0977354813367128,0.0182025358080863,61,61,0.5039378085107542,0.50933264748035,True,RobustL1,mat2vec,0.1262196499947458,simplex,20,734,14,1.091588047065267,1.4396244973928394,2264194,12.830684661865234,NVIDIA A100-SXM4-80GB,1.0526738144494554,1.331289366806243,0.8148344876858887,7.088518142700195,2.5639026165008545,1.1704096374164834,1.5154439835531046,0.7673543250162795,8.450014071464539,2.5752432346343994,1.1079683759365226,1.5242604383851779,0.9657317375222082,10.942639422416686,2.5593292713165283,1.079680079810653,1.4347153767574998,0.7880532201196343,9.664149522781372,2.561690092086792,1.04720832771322,1.3924133214621708,1.0689711544763978,9.297105312347412,2.558398485183716
275,40,4,0.3848619787022471,306,1517,0.5455287517979741,0.015294762328267,7.827731827255338e-05,14,0.0238096559420228,9,5,0.00400503719775,8245,9805,0.5553547767922282,0.3737625489011407,64,295,0.5546068771896884,0.9836294493551366,False,RobustL2,magpie,0.0569040382374078,sobol,20,78,15,0.9801456079451686,1.4258647844470282,7392744,22.948734521865845,NVIDIA A100-SXM4-80GB,0.9465987072317141,1.3168046122738541,0.8121031887292833,6.013680934906006,4.66264533996582,1.055906220093353,1.5533504015140405,0.9471423447216403,8.030425148010254,4.554019451141357,0.99920201237634,1.5586698599951037,0.8094477642096662,11.254072946310043,4.562358140945435,0.9272129741812632,1.3790750144471435,0.8501397075341641,9.705407738685608,4.686729907989502,0.9718081258431724,1.3214240340049992,1.197015631099561,9.412196516990662,4.469568729400635
276,129,1,0.0,100,1024,0.0,0.0,1e-07,5,0.0,1,5,0.0001,7383,2500,0.0,0.0,32,32,0.5,0.5,True,RobustL2,magpie,0.8509268343634904,simplex,2,95,16,1.1241399561582288,1.4400635361030916,1850190,130.09035801887512,NVIDIA A100-SXM4-80GB,1.0930829660563723,1.336293507582369,0.8586751836509036,6.983419179916382,25.96587109565735,1.1724333237669757,1.5169256355730838,0.7692780245401921,8.43782653093338,26.024469137191772,1.135368746041475,1.5242934188467159,1.0107237093751589,10.767372560501098,25.97542953491211,1.1261933848446277,1.4351952358065878,0.8203979066747076,9.579613864421844,26.067238330841064,1.0936213600816935,1.3876098827067014,1.165863201084009,9.153453588485718,25.931848526000977
277,5,1,0.8573884153738618,529,2633,0.6257636370137334,0.7047752747312188,6.347130839303136e-05,12,0.0669490952044725,1,4,0.0015335989602841,3391,5576,0.0663978857919573,0.5480979550629854,64,486,0.7581668277322315,0.950387189853564,False,RobustL1,magpie,0.5510904728621244,sobol,20,383,17,0.4763831182515954,1.0273662340001994,6469007,87.89355707168579,NVIDIA A100-SXM4-80GB,0.44069369210094117,0.9277728694923464,0.4531980611039612,5.708837113380432,17.605539083480835,0.4693211875728106,0.9968084800786665,0.40213795679148,7.333347039222717,17.64762854576111,0.5329374159637932,1.2123481727281566,0.5880149988500072,11.6679736495018,17.547775983810425,0.4584252893821166,1.004219705276336,0.5106462003963287,7.417314434051514,17.577181339263916,0.4805380062383154,0.9956819424254921,0.5369630308687224,6.14214563369751,17.50230121612549
278,149,1,0.0,100,1024,0.0,0.0,1e-07,8,0.0603209841996431,1,2,0.0001,2500,2500,0.0,0.1254375521093607,32,32,0.5,0.5,True,RobustL2,onehot,0.7771730098221451,simplex,4,73,18,1.146767515945065,1.4437054801336384,1850190,165.21749186515808,NVIDIA A100-SXM4-80GB,1.1056365843808096,1.3417452955793698,0.8674573320605526,6.97845721244812,33.102962493896484,1.198730597452025,1.5162824253262177,0.7877660827084251,8.341747896671295,33.00881743431091,1.1660210195918297,1.5270047626490462,1.066198903282514,10.673824620246886,33.02337408065796,1.1397877364981837,1.4388487737861964,0.8317581485757203,9.548794865608215,32.9622163772583,1.123661641802477,1.3946461433273618,1.2283422360311196,8.99541175365448,33.107364654541016
279,43,6,0.5996988201513886,236,1058,0.5813124962151051,0.7611399032175541,9.553718444425611e-06,8,0.0161067797802388,6,9,0.0049080127892084,4188,2535,0.0758573561906814,0.8764080917462707,243,348,0.6206573414150626,0.788885756718088,False,RobustL2,mat2vec,0.5958860601205379,sobol,20,164,19,0.5328377827074475,1.00778957562604,6208824,26.55115795135498,NVIDIA L40S,0.5094322038602881,0.9273043748915132,0.5029867455482013,4.667775619029999,5.3744447231292725,0.5545421297348283,1.0343346519077634,0.4706103014422964,6.412843012809754,5.252100944519043,0.5819594931602479,1.1239006961117592,0.5350812460678863,11.147286427021026,5.328981637954712,0.5122182872784643,1.0094752145024322,0.5214424935915326,6.311017799377442,5.231988191604614,0.5060367995034093,0.943932940716732,0.5581581843988396,6.23074746131897,5.351101875305176
280,133,1,0.0,574,1024,0.0,0.0,1e-07,9,0.0,1,2,0.0001,2500,2500,0.0,0.0,77,32,0.5,0.5,True,RobustL2,onehot,0.0735045796073973,simplex,3,261,0,1.1414013200334616,1.4427222375769548,5169138,8.07191252708435,NVIDIA A100-SXM4-80GB,1.0828771321496538,1.3380442021397414,0.8446507654387247,7.061295688152313,1.6068265438079834,1.2006592318677747,1.5131829099424816,0.7848051755307449,8.362986521720886,1.6130614280700684,1.1441703906923888,1.5258718439552277,1.0229853028716145,10.793665599822997,1.6031372547149658,1.1595939489373945,1.4422615309792244,0.847972181879736,9.496931314468384,1.6198177337646484,1.1197058965200966,1.3942507008680982,1.2156173864197668,9.084337770938873,1.607130765914917
281,18,3,0.763527974486351,177,1928,0.0256801368668675,0.0090220747515559,1.2383012749161573e-05,6,0.0637091516517102,5,9,0.0038340124649927,7823,5482,0.2256120014935732,0.2810777323320508,217,68,0.5979295620506629,0.628103642211482,False,RobustL1,mat2vec,0.6422914757020771,sobol,20,380,1,0.7920500605217743,1.387589041215558,4265070,26.293360233306885,NVIDIA A100-SXM4-80GB,0.7563040253018454,1.2856718227705284,0.8002503236541701,6.381046419143677,5.2127766609191895,0.8327896009270713,1.4086588760631604,0.6828125579200124,9.04652227640152,5.197622060775757,0.8303039771363737,1.5194531229159862,0.792806400447875,11.540951919555663,5.377424001693726,0.8046360933068779,1.468294545664168,0.890342035470943,10.467048466205597,5.198675870895386,0.7362166059367035,1.2558668386639475,1.1244134952811382,9.502727508544922,5.294189691543579
282,191,1,0.0615928024053573,105,1035,0.0972944106906652,0.0156046533957123,6.429052177630365e-06,6,0.0016022149473428,2,2,0.0003429348594509,3168,3244,0.1520960321649909,0.0307974042370915,57,41,0.5027706798929721,0.5170580214681104,False,RobustL2,magpie,0.6607047483045608,simplex,20,742,2,0.9717298157415509,1.3637431684774621,1872977,64.0552225112915,NVIDIA A100-SXM4-80GB,0.9241891572089717,1.257920673357716,0.7263017122146259,6.196338653564453,12.856200933456421,1.026022280582776,1.436431202071779,0.7027533095509448,8.464995341300964,12.810721158981323,0.9904974396881142,1.4583216061301294,0.9259387538447063,10.91091067790985,12.850516557693481,0.9606447519593337,1.3708020954295683,0.761336017855798,9.679833471775055,12.754485130310059,0.9572954492685589,1.2952402653981177,1.0667568717590319,8.864150285720825,12.769606351852417
283,29,6,0.6354128625243902,567,3548,0.9251274690032004,0.2301171459257602,4.1309931745752696e-05,8,0.0708442470990121,5,6,0.0014646109369583,7263,4666,0.7652654135599732,0.7236819760873914,185,333,0.6437221139082685,0.9810866650740616,False,RobustL1,onehot,0.3012997480109334,sobol,20,13,3,0.6630249015218377,1.2100761740538937,34345914,32.62375330924988,NVIDIA A100-SXM4-80GB,0.6340601041935684,1.122416699820018,0.627007288674337,5.693941836357117,6.516067266464233,0.6781479559361482,1.239760759876469,0.6695697574246887,8.462889926433563,6.507221698760986,0.7041450994488472,1.302461745675867,0.9683747273256997,10.773454916477203,6.618955612182617,0.6688551021049388,1.251465367625357,0.7993375716459661,9.38425042629242,6.483292818069458,0.6299162459256857,1.1342762972717575,0.9342247222432127,8.796619415283203,6.485838174819946
284,20,2,0.7977448934689164,995,3797,0.394124967046082,0.1903940821066498,5.74480535835959e-05,17,0.0292930395342409,2,9,0.0027330239478498,9391,4995,0.5611788341775537,0.2401942536234855,36,61,0.624047207400389,0.7425475980904885,False,RobustL1,magpie,0.1335400317329913,sobol,20,516,4,0.5861504144295685,1.1773487434533507,26707468,153.5546042919159,NVIDIA A100-SXM4-80GB,0.5651972086266509,1.0971526555177733,0.750241147074231,5.5879542350769045,30.396809339523315,0.6252822976146017,1.26788750952599,0.6009376471113421,9.331666903495789,30.845967292785645,0.6124140790904126,1.2899585687612574,0.582001119494873,11.688355457782745,30.976675033569336,0.5416356344046991,1.1097724059800818,0.6732965450343772,9.96999900341034,30.37178134918213,0.5862228524114775,1.121972577481651,0.7474793469550776,9.990018606185913,30.951205015182495
285,135,1,0.7317948080599308,100,1024,0.0,0.0,1e-07,5,0.0,1,2,0.0001,2500,2500,0.0,0.0,92,32,0.5,0.5,False,RobustL2,onehot,0.2632824618462473,simplex,2,827,5,0.9446619906853408,1.3400406211137146,1850190,12.606821298599243,NVIDIA A100-SXM4-80GB,0.9067391337918665,1.241966056800223,0.7073761573430768,6.273244261741638,2.4976654052734375,0.9798725613799597,1.3908256639995475,0.7065676522056541,8.627947704792023,2.5281460285186768,0.9720129378779057,1.4442681868358094,1.0705949383674898,10.839817357063293,2.5046536922454834,0.9307377031934118,1.3576228946787492,0.8628765714584309,9.85293710231781,2.471668004989624,0.9339476171835609,1.2655203032542433,0.9958972280419405,8.959523439407349,2.4911365509033203
286,25,6,0.0879980903118848,1005,3302,0.0183676546439528,0.1025753105059266,9.229257932305336e-05,5,0.0275293252430856,9,10,0.0059187249098904,2616,8480,0.5088390577584505,0.3710667304694652,189,483,0.8517216083131731,0.9196806971242651,False,RobustL2,magpie,0.7021944609005004,sobol,20,774,6,0.9351235554715934,1.313269129127359,67325378,64.11649513244629,NVIDIA A100-SXM4-80GB,0.9060513189768299,1.2152149553573393,0.7656113733839621,5.886458396911621,12.89048147201538,0.9717574998985543,1.368284346066484,0.6938428014021236,8.381836848258972,12.671963930130005,0.9668369449569918,1.4156046191813134,0.8914093523445156,10.986191821098327,12.81416654586792,0.9133179543098591,1.3289250152494672,0.800195703782273,9.72913384437561,12.699036598205566,0.9176540592157322,1.2383167097821908,1.0110374541936389,9.075409471988678,13.005157947540283
287,104,1,0.0,100,1024,1.0,0.0,1e-07,5,0.0,1,2,0.0001,2500,2500,0.0,0.0,32,32,0.5,0.5,False,RobustL1,magpie,0.5708717943541706,simplex,1,496,7,1.1432286682871913,1.4422030333624019,1850190,84.54192113876343,NVIDIA A100-SXM4-80GB,1.0804022400619928,1.334514788307428,0.8420635845439519,7.024746894836426,16.755967140197754,1.1950182975361066,1.5131084783806923,0.7853252024381591,8.330838935375214,17.016908645629883,1.1572877633869325,1.5247000005286928,1.0563862516356763,10.715154421329498,16.848678588867188,1.1421599552168005,1.4369181102698267,0.8342132287094679,9.527729451656342,16.822189807891846,1.1412750852341238,1.4017737893253697,1.253734236998789,9.041947484016418,16.929773330688477
288,158,1,0.0429561221972107,100,1024,0.0,0.0,1e-07,5,0.0,1,2,0.0001,2500,2500,0.0,0.6212851805612445,32,144,0.5,0.5516757229371928,True,RobustL1,onehot,0.044894718946889,simplex,4,325,8,1.0134686943209654,1.4929810939020818,1850190,6.964686632156372,NVIDIA A100-SXM4-80GB,0.9608220798547312,1.3570310153243628,0.7799139671863289,7.238638281822205,1.3938400745391846,1.0579875134450993,1.6477551403311541,0.7651742597685063,9.134388284683228,1.3907277584075928,1.053197778240736,1.5675829689443788,0.8506383058213727,11.41779829263687,1.3885045051574707,0.9798903283078818,1.5067575609779593,0.7618302598719832,10.448588907718658,1.3891322612762451,1.0154457717563794,1.3857787839325537,1.0204283961750074,9.415332436561584,1.3896112442016602
289,158,1,0.0429561221972107,100,1024,0.0,0.0,1e-07,5,0.0,1,2,0.0001,2500,2500,0.0,0.6212851805612445,32,144,0.5,0.5516757229371928,True,RobustL1,onehot,0.044894718946889,simplex,4,435,9,1.0272072650047437,1.4829116577958508,1850190,7.657112121582031,NVIDIA A100-SXM4-80GB,0.9697801253384021,1.3751649368716194,0.7759618688747111,7.355113387107849,1.5305750370025635,1.0707138514699948,1.5488517843918903,0.7302997243194014,8.966067271232605,1.5423643589019775,1.0230434606453236,1.614886990952591,0.8288951810297419,11.431099367141723,1.5161547660827637,1.1323173105807312,1.4250373761772668,0.8354533222133333,9.55146735906601,1.5264925956726074,0.9401815769892672,1.4506172005858866,0.8885975891940218,9.778900563716888,1.529693603515625
290,165,2,0.026969869621098,170,1090,0.0230948096141219,0.0724394181743264,1.361085669025779e-05,5,0.0025015912950038,2,2,0.0015151606866158,2815,2814,0.0192380836233496,0.0174268027767539,34,32,0.5005631856923923,0.5083536977862939,True,RobustL2,onehot,0.3645100720226765,simplex,20,564,10,1.0341631424964968,1.3954398061259252,2738536,57.14041543006897,NVIDIA A100-SXM4-80GB,1.0094908699875416,1.2970254549861118,0.785000576530835,6.903584361076355,11.424994230270386,1.087774984472867,1.4698240513702505,0.7225977357273919,8.489565389156342,11.393815994262695,1.0345228714883392,1.4942490281826428,0.9439488353264253,10.975128602981567,11.411479234695435,1.0375533394135301,1.3860000683529012,0.7833626718252648,9.59457242488861,11.486193180084229,1.0014736471202064,1.3301004277377197,1.1279987210558684,9.118202447891235,11.41170072555542
291,61,7,0.3470772001892328,972,2153,0.414812077768147,0.0429478185251355,5.457252050833777e-05,9,0.0318934471346437,5,6,0.0043836685627698,4715,5877,0.673108353279531,0.4608161384239793,251,250,0.5583034748393111,0.7600941527940333,True,RobustL2,magpie,0.2020246171019971,sobol,20,601,11,0.9415435353197408,1.3332973159730466,59392877,32.041666984558105,NVIDIA A100-SXM4-80GB,0.9578267736414227,1.2608806701480402,0.8650979157653721,5.820904676914215,6.408277988433838,0.9837511762500974,1.37464867570638,0.6956022545743252,8.139785842895508,6.372446060180664,0.9381380341702772,1.424099662679215,0.8984248501850232,10.845221412181854,6.37235164642334,0.9156839696954567,1.365646491216228,0.79681985632628,9.784215450286865,6.358740568161011,0.9123177228414494,1.241211080115369,0.9846088098025918,8.995602488517761,6.515389442443848
292,111,1,0.0,100,1024,0.0,0.0,1e-07,5,0.0,1,2,0.006,2500,2500,0.0,0.0,32,32,0.5,0.5,False,RobustL2,onehot,0.8324842750560493,simplex,1,952,12,1.1305942187447444,1.4416829311432358,1850190,135.0614836215973,NVIDIA A100-SXM4-80GB,1.064108209949104,1.335443074144763,0.8248849393484967,7.097674369812012,27.013012886047363,1.1983227183790341,1.5117917888923718,0.7879862691541312,8.34994377374649,26.934720516204834,1.138404153193247,1.5296378103819666,1.0101708728219343,10.794102799892425,27.047388553619385,1.1317281526644247,1.4366300156955962,0.8271463281466157,9.55852210521698,26.92459797859192,1.1204078595379123,1.3949119666014822,1.2146091093590208,9.069428741931915,27.1296169757843
293,31,9,0.1127169458195567,430,1700,0.5830135298892856,0.3279144978150725,6.752903762338684e-05,9,0.0938942560926079,2,9,0.0025629672840237,4947,8362,0.5832344274967909,0.3588501950725913,202,194,0.5974117967219092,0.6415897251624614,True,RobustL1,magpie,0.864231189545244,sobol,20,850,13,0.6261671907369952,1.1843238135914158,22210166,113.23754525184631,NVIDIA A100-SXM4-80GB,0.6035123133219285,1.092969778914899,0.6683958489642334,6.346333448886871,22.600982666015625,0.6354614838779813,1.1788224845361428,0.6229938364542302,7.974728541374207,22.67106008529663,0.6609067129584011,1.2821792406964316,0.8267572715920048,10.602264833450317,22.624983549118042,0.6265709669077435,1.2441190033618015,0.707508798477342,9.858079314231873,22.610081672668457,0.6043844766189223,1.1235285604478034,0.8379190330922786,9.35842776298523,22.7170090675354
294,151,1,0.0,100,1024,0.0,0.0,5.373524979073555e-05,5,0.0,1,2,0.0022218822773545,2500,2500,0.0,0.0,32,32,0.5,0.5517244274185971,False,RobustL2,magpie,0.5957030514068902,simplex,3,730,14,1.1370373840879862,1.4456251318906108,1850190,85.02404260635376,NVIDIA A100-SXM4-80GB,1.1103151608911321,1.3418769390996426,0.8731336709352184,6.956332683563232,16.980759620666504,1.1847403887532304,1.519637168988546,0.7726988041234191,8.413085596561432,17.04534149169922,1.1384561892001042,1.531252237785968,0.9976063540338207,10.821414065361022,16.951321601867676,1.1552891928546465,1.4394755307497786,0.8469007009248751,9.494993209838867,16.96632409095764,1.0963859887408174,1.3958837828291182,1.1635301290272027,9.132277369499207,17.068482637405396
295,65,8,0.9162074346095324,642,2671,0.6475812522694468,0.2883585095405578,7.396425330433994e-05,13,0.0021047224290668,7,7,0.0003501295679248,5989,6102,0.2700852444395423,0.9380935290828348,38,353,0.5994146830297076,0.915542359563336,True,RobustL1,mat2vec,0.2604715762007981,sobol,20,291,15,0.5668990772450229,1.1683288763986117,43343614,231.8783233165741,NVIDIA A100-SXM4-80GB,0.5363036235963095,1.1133318022348415,0.602410821914353,6.545842750072479,47.729915380477905,0.6040258923842775,1.1711689381101658,0.5894344832684155,6.80639107465744,47.87204670906067,0.5825372499156335,1.2857924283527808,0.6258676763170574,11.159491372108459,46.52858567237854,0.5784315659608954,1.1821776440128995,0.609549029306463,6.5995900392532345,44.8119158744812,0.5331970543679984,1.0891735692823723,0.7022529160032617,6.6352388739585875,44.75147294998169
296,93,5,0.493890599347651,621,1602,0.668268377892673,0.4514593742787838,6.416517130117864e-05,7,0.0118096699006855,10,8,0.0045533942800946,8820,5212,0.4018240431323647,0.7212477177381516,250,422,0.532618312974833,0.5894039425150491,False,RobustL2,onehot,0.4375817119888961,sobol,20,605,16,0.6922657420651321,1.131121133873865,20429256,30.125561952590942,NVIDIA A100-SXM4-80GB,0.6634040088814063,1.0653308783304556,0.6006158568084691,5.44090723991394,5.993774652481079,0.7321977546238356,1.184106147585937,0.630612537643482,7.369578080177307,5.959454298019409,0.6968945710369094,1.2211315454864595,0.928648370829382,10.344673013687133,6.124022006988525,0.6770809156861031,1.0911744950877593,0.6731733446003155,6.313555049896241,5.953862190246582,0.6917514600974062,1.0938626028787126,0.8986584237004023,7.738036632537842,6.040944576263428
297,11,6,0.8118212260305882,378,1556,0.3630784805864095,0.3916884753853082,7.602126230141149e-05,7,0.0213321464136242,5,6,0.0003083010050468,8887,7734,0.0791964121162891,0.0038894759491086,101,418,0.5666355269653722,0.7012856324135326,True,RobustL2,onehot,0.244711726643145,sobol,20,267,17,0.6081451566325301,1.0771401303607262,12745668,40.476258754730225,NVIDIA A100-SXM4-80GB,0.5624377642987735,0.9866834520583169,0.5709696878160352,4.836135511398315,8.140409469604492,0.6498092641271286,1.1150999954862988,0.5294002421867656,6.443249607086182,8.111748218536377,0.6571007804179425,1.2004825903787149,0.682623259431922,9.963486051559448,8.079190492630005,0.5993276437563695,1.0590104236812836,0.5839856074012935,5.835125541687011,8.068002939224243,0.572050330562436,1.024424190199017,0.7243538739569784,9.434343576431274,8.06414270401001
298,21,1,0.2968554422259331,445,3152,0.7693036170676351,0.0167775284498929,2.6682031408604236e-05,16,0.0120248783379793,6,8,0.0017662590158171,7321,7930,0.377379341982305,0.7820840841159225,254,399,0.680211236877367,0.834532312920224,True,RobustL2,magpie,0.5920298851002008,sobol,20,465,18,0.8819719246646356,1.2762297347748757,5971790,33.876863956451416,NVIDIA A100-SXM4-80GB,0.866246264027462,1.2178744813412417,0.7583004741524082,5.8129460859298705,6.817718982696533,0.8869870401490136,1.3062786817783418,0.6723585185251925,7.899459319114685,6.7698163986206055,0.9177798945158234,1.363597114952547,1.090006753273031,10.590167617797851,6.664109468460083,0.8939663486967387,1.2888449944863267,0.803102624876396,8.966792345046997,6.800890684127808,0.8448800759341405,1.2045534013159207,0.957901422991876,8.740726232528687,6.811137437820435
299,0,5,0.1218492370098829,914,3941,0.6771196275949478,0.0274990089237689,9.871065291734411e-05,13,0.0547848396934568,4,6,0.000512770346459,5391,3895,0.0571520430967211,0.3998739290982485,152,310,0.5868590743509121,0.663324823831208,False,RobustL2,mat2vec,0.9986561095993964,sobol,20,49,19,0.9030520769798264,1.2923091979539807,56067199,124.00670266151428,NVIDIA L40S,0.8672574413392237,1.203674598707566,0.7129724405950222,5.968450546264648,24.667688846588135,0.9521604078470949,1.3326327820599295,0.6448693881016273,8.276125745773316,24.74890899658203,0.9158977114481206,1.3958420373582157,0.8291794483919394,10.697187137603759,24.781955242156982,0.915888209991424,1.3229109483776618,0.8080936047840849,9.484225749969482,24.858070135116577,0.8640566142732682,1.2064856232665304,0.9483177220407509,9.007622599601746,24.93913459777832
300,100,10,0.0,100,1024,0.0,0.0,1e-07,5,0.0,1,2,0.0001,2500,2500,0.0,0.0,32,32,0.5,0.5,False,RobustL1,magpie,0.1174723721202462,simplex,1,268,0,1.1241208871401038,1.4402151094255742,4070706,57.42139029502869,NVIDIA A100-SXM4-80GB,1.0527558145331508,1.329650528061192,0.8190204353661811,7.062307119369507,11.413851022720337,1.1949610734141223,1.5119678116958521,0.7809436577312654,8.378522412776947,11.480775117874146,1.1166831219338698,1.5342218396335774,0.9705390022770726,10.893487346172332,11.478640079498291,1.1409583617784045,1.4353140985431636,0.8355186779698776,9.567413628101349,11.561035394668579,1.115246064040972,1.3899212691940854,1.211708402670832,8.994757890701294,11.475178956985474
301,169,1,0.0122718783095479,121,1111,0.0601329328492283,0.0133135458454489,5.492827722802758e-07,6,0.0041232184506952,1,2,0.000220226997137,2572,3763,0.074640710838139,0.0103857712820172,66,60,0.5178660066209734,0.5898537199949846,True,RobustL2,mat2vec,0.8198317380715161,simplex,20,266,1,1.0702906853490148,1.41859354144156,1974877,68.86398124694824,NVIDIA A100-SXM4-80GB,1.0265714040977816,1.3130887520155887,0.7987507386050189,7.015204906463623,13.828594446182251,1.1270386627157918,1.4947333680019352,0.7441784190945545,8.50244690656662,13.789793491363525,1.0768710516485407,1.5053137258954883,0.9509171202869171,10.862406980991363,13.71621036529541,1.0635210898360006,1.4115938671061994,0.778744716617462,9.656024038791656,13.730972528457642,1.0574512184469596,1.368237994188589,1.103085513783835,9.086190819740295,13.78649091720581
302,49,7,0.7389491647481918,530,2105,0.0955412043258547,0.3216425534337759,4.8450665439106526e-05,16,0.0436355753801763,6,5,0.0023509297029115,3502,4977,0.1353278001770377,0.2637907220050692,78,410,0.547248753605131,0.9973595719593578,True,RobustL2,mat2vec,0.4557685243431478,sobol,20,647,2,0.4960452383412898,0.9774936249352212,25980149,213.62822341918945,NVIDIA A100-SXM4-80GB,0.45065799997890943,0.8975329553082743,0.5113777836708817,5.5368280029296875,43.20486330986023,0.505904387846573,0.976062057647919,0.4121963673778693,6.225950317382813,43.356974840164185,0.53936585597702,1.1076820740711781,0.5947126216442227,8.678293657302856,42.69148230552673,0.4904998997471879,0.9838324317004636,0.6130035782515707,6.2389901041984555,42.07145357131958,0.493798048156759,0.9223586059482709,0.6496935302271651,5.296885385513305,42.29098391532898
303,193,1,0.0002664858475327,164,1063,0.1125365793704986,0.0684827081859111,6.334811079967767e-06,6,0.0012099351733922,1,3,0.000238972056657,3242,3111,0.0203307066112756,0.0302709909155964,40,40,0.51317635675231,0.5521809989346191,True,RobustL2,onehot,0.4569717705156654,simplex,20,66,3,1.1448803847824927,1.443778774490589,2206189,58.842159271240234,NVIDIA A100-SXM4-80GB,1.093748654998216,1.3386711898592307,0.8595131035308189,7.001212298870087,11.83270812034607,1.2049051801052983,1.5096560802616403,0.7924188266924956,8.319966750144959,11.735138654708862,1.153426588671474,1.5242258767652068,1.0401019705997951,10.769687843322753,11.764719247817993,1.1117745214461245,1.4401313536399156,0.8036145984052977,9.675609350204468,11.77172589302063,1.16054697869135,1.406209371926952,1.3051696913558155,8.908168315887451,11.725311040878296
304,89,8,0.0104315821081399,232,1956,0.0798459816724062,0.5247306199744344,6.358110619066283e-05,18,0.0374117781408131,3,5,0.0031110595827922,5478,4625,0.0808055810630321,0.9457230204716324,219,139,0.6665018832685425,0.8104177382432856,True,RobustL1,mat2vec,0.4905383589677513,sobol,20,283,4,0.9148080186003925,1.4149473506253611,10915726,252.46189498901367,NVIDIA A100-SXM4-80GB,0.8827521663612963,1.3131727617410924,0.7620974839417783,7.015269994735718,52.06408190727234,0.9549483813525023,1.493132959601348,0.7401609057067385,8.837925480604172,46.489994049072266,0.9383988437486912,1.541104028191134,0.88983298379063,11.27000172138214,51.09500432014465,0.919454192773527,1.3998662808525102,0.7332333715642079,9.766366600990295,51.81982159614563,0.8784865087659463,1.3274607227407207,0.9968937321020817,9.728137969970703,50.98070931434631
305,128,2,0.0,100,1024,0.0,0.0,1e-07,9,0.0170779576525092,1,2,0.0001,2500,2500,0.0,0.0,32,32,0.5,0.7322793895402924,False,RobustL1,onehot,0.2109283562749624,simplex,4,41,5,1.168397578001807,1.450275931399709,2096914,58.126726388931274,NVIDIA A100-SXM4-80GB,1.157389748570197,1.3637457577976648,0.9297023592845849,6.856736898422241,11.601982355117798,1.2443928570390137,1.5165187869943941,0.8256269094835887,8.190162258148193,11.60271167755127,1.1477188120991089,1.5241085802986067,1.032565778624269,10.750781428813934,11.63230848312378,1.1258568812762748,1.4392364900238963,0.8199589980921866,9.583070695400238,11.623013019561768,1.1666295910244404,1.4077700418839822,1.3178549229302197,8.922179460525513,11.65537166595459
306,47,7,0.696843528188765,640,3979,0.4766048146411776,0.3775294683873653,9.625947659537196e-05,5,0.0524659381248056,9,5,0.0041923845565877,6153,5441,0.5812382958829403,0.2228719498962164,230,433,0.5421210958194919,0.8810068667223677,True,RobustL2,onehot,0.8113317735306919,sobol,20,193,6,0.661375168525577,1.0896909440528177,50006739,65.38959169387817,NVIDIA A100-SXM4-80GB,0.6706385078699401,1.0464050670791671,0.6301109666387357,5.777109622955322,12.97232699394226,0.7167507464127225,1.1442985796241711,0.6314290189992999,6.8266557025909425,13.21740174293518,0.6526187906216073,1.1825567668818902,0.7608544012922374,9.887351703643798,12.992289304733276,0.6272103175446473,1.065318298062982,0.6109491395976122,7.132480907440186,13.207494497299194,0.6396574801789678,1.0098760086158778,0.8226769561849221,6.080897092819214,12.9872887134552
307,184,1,0.0598554825410246,115,1135,0.1090669929981231,0.0230310587212443,1.7208922121860086e-05,5,0.0045789617113769,1,2,0.0002592006910592,3312,2556,0.0149613562971353,0.0449401820078492,39,97,0.521626597544644,0.5254422945118509,False,RobustL1,magpie,0.9299836242571472,simplex,20,552,7,0.861414952575735,1.4444926825249906,1958773,121.38968062400818,NVIDIA A100-SXM4-80GB,0.8109049360255076,1.310841361304332,0.7767183995336713,6.019383430480957,24.542742252349854,0.930161337878365,1.537039717202782,0.7287388003816693,9.14414121389389,24.02859663963318,0.9047779329449553,1.5581397248731688,0.8537147831118298,11.54120225906372,24.35281252861023,0.8378990144838341,1.4401040590144534,0.8274668052931039,10.27722442150116,24.007169008255005,0.8233315415460131,1.3763385502302166,0.9042349725705312,9.801801025867462,24.437328100204468
308,47,7,0.696843528188765,640,3979,0.4766048146411776,0.3775294683873653,9.625947659537196e-05,5,0.0524659381248056,9,5,0.0041923845565877,6153,5441,0.5812382958829403,0.2228719498962164,230,433,0.5421210958194919,0.8810068667223677,True,RobustL2,onehot,0.8113317735306919,sobol,20,262,8,0.6374435183846204,1.0728180392333175,50006739,60.68804097175598,NVIDIA A100-SXM4-80GB,0.6552358784893049,1.0383475473983588,0.6334155926465196,5.120624942779541,12.22666621208191,0.6632668839772025,1.0936218696054922,0.517404680404766,6.165662364959717,12.061274766921997,0.667350870719044,1.1920938453678178,0.7924108427362705,10.39587721824646,12.229316234588623,0.5689644201648352,1.0266900547666318,0.6021628973329152,7.484626436233521,12.012269496917725,0.6323995385727157,1.013336879028287,0.8611376493094784,5.487434387207031,12.145737886428833
309,175,1,0.0147265708073973,108,1218,0.033812609501183,0.1242117900401353,1.0324957752600313e-07,6,0.0003066734410822,1,2,0.0001019450998865,2781,3049,0.2287183534353971,0.0568776605650782,75,35,0.5022962277663872,0.514391999434121,False,RobustL2,mat2vec,0.4983799820952117,simplex,20,183,9,1.0856253549081702,1.4242707552720577,1933392,36.51854419708252,NVIDIA A100-SXM4-80GB,1.039944085435422,1.3130917779703093,0.8144433764126842,6.991057395935059,7.192141771316528,1.1420462118841537,1.5069808723779,0.7488633785363711,8.503808217048645,7.287319660186768,1.09693470252065,1.5147154173250477,0.9777519704901134,10.849604678153991,7.241278886795044,1.0903961755709073,1.4261030737854348,0.7935390707661103,9.664224863052368,7.402733564376831,1.0588055991297183,1.360462634901596,1.1382049271417394,9.070924878120422,7.382463216781616
310,84,3,0.8156862063333392,442,4075,0.2668643547222018,0.2530082678422332,9.943203698480502e-05,10,0.0407059444114565,3,6,0.0007096752395853,9783,9559,0.403795319609344,0.8532720291987062,222,188,0.6030425116071477,0.82482354270434,False,RobustL1,mat2vec,0.4944238760136067,sobol,20,746,10,0.5068216953333871,1.0241644989925693,15473431,33.53611159324646,NVIDIA A100-SXM4-80GB,0.4761900301619022,0.9316827029467525,0.5514431596404228,5.595908782482147,6.816775560379028,0.5764856034769686,1.090993197387452,0.5002592852542251,7.890868978500366,6.687170743942261,0.5078844110106283,1.1327370551864537,0.5575928485598959,10.637183940410614,6.715378046035767,0.48661371085594585,1.0043306267951122,0.5449785868085574,6.729101085662842,6.636645078659058,0.4869347211614899,0.9610789126470755,0.5999552185877856,6.206181526184082,6.667926788330078
311,34,9,0.8794185519218445,787,3917,0.2564211981371045,0.7401254381984472,8.815862183487044e-05,15,0.0774255259893834,6,9,0.0011740560030564,6774,9153,0.1973283654078841,0.6485410425812006,252,51,0.7540428347917274,0.7894919664948248,True,RobustL1,magpie,0.7154642683919519,sobol,20,74,11,0.44382646200558007,0.9763049310417571,80903571,200.048193693161,NVIDIA A100-SXM4-80GB,0.4136366115861555,0.9014822293484203,0.45173228714403385,5.536753523349762,40.02278208732605,0.43367494368268406,0.9443220199867544,0.38039754132263737,6.401633703708649,39.929375648498535,0.5070331235985543,1.1446331026477314,0.4866641932992892,11.110783433914184,40.02333116531372,0.4214152825176392,0.9311088567485528,0.43774618274738425,5.174042701721191,39.94695711135864,0.4433723486428675,0.959978446477327,0.5139016154033944,5.599481320381164,40.11208415031433
312,152,4,0.0,100,1024,0.0,0.0,1e-07,5,0.0134473460726439,1,2,0.0001,2500,2500,0.0,0.4169645318761468,32,32,0.5,0.5478187356614508,False,RobustL1,onehot,0.6525125578604639,simplex,4,131,12,1.1327335894212007,1.4432132678476794,2590362,191.96067142486572,NVIDIA A100-SXM4-80GB,1.1011523460694685,1.339808342145518,0.8681386244044663,6.979608178138733,38.381033182144165,1.189360596683204,1.5158625685374365,0.7775312198958081,8.435870485305786,38.37600755691528,1.1220718701007442,1.5315625109851128,0.9776649634963686,10.876195323467254,38.46966290473938,1.1209514494154535,1.4362774671634488,0.8145987214877289,9.605258405208588,38.38290858268738,1.1301316848371339,1.3925554504068804,1.2455555597889179,9.001863896846771,38.33781313896179
313,24,2,0.905647792853415,360,1259,0.5399093050509691,0.5732802907004952,4.8743436306342486e-05,19,0.0896832614205777,5,5,0.0005422195518389,7604,3919,0.0314637245610356,0.891345732845366,53,248,0.5466036670251749,0.5875732964051887,True,RobustL1,mat2vec,0.2856114546768367,sobol,20,916,13,0.4643517193672796,1.0394034606417082,5046964,101.32378506660461,NVIDIA A100-SXM4-80GB,0.42402103734844804,0.9211186149989261,0.48588757779693753,6.381284956932068,20.385746955871582,0.5014425113107949,1.1500179332842306,0.4380826239983551,9.316066460609436,20.15111541748047,0.48474548952457835,1.1308465939355217,0.5023653324844748,10.817773830890655,20.31579875946045,0.4344558714966044,0.9506381341872916,0.5329384383055756,6.4894122838973995,20.199742317199707,0.47709368715597233,1.044396026802571,0.5439301913460503,8.421602725982666,20.257543802261353
314,103,1,0.0,100,4096,0.0,0.0,1e-07,5,0.0,1,2,0.0001,2500,2500,0.0,0.0,32,32,0.5,0.5,False,RobustL2,mat2vec,0.630106207523495,simplex,1,968,14,1.1405418599940567,1.4424376402161383,2467662,91.36999988555908,NVIDIA A100-SXM4-80GB,1.0887669650584166,1.3360815847289653,0.8480906605141058,7.019230008125305,18.34674334526062,1.1975024520069457,1.5109382909814677,0.791934673004785,8.324433403015137,18.229434490203857,1.1575072845107959,1.525616565890134,1.0493510310820144,10.736382019519805,18.229225873947144,1.114533588676577,1.4397886803244453,0.8097361463124374,9.63142842054367,18.243891954421997,1.1443990097175476,1.399763079155679,1.2685658583461115,8.960587739944458,18.307862043380737
315,139,1,0.0,100,1024,0.5702673317864537,0.0,1e-07,5,0.0,1,2,0.0001,4832,3391,0.0,0.0,32,32,0.5,0.5,False,RobustL2,mat2vec,0.7978814956173301,simplex,3,148,15,1.1474543128925732,1.4431160227546076,1850190,123.12571835517883,NVIDIA A100-SXM4-80GB,1.0846656258849185,1.338626012481737,0.8483607185122155,7.0664544105529785,24.74385356903076,1.1955989262490785,1.5131871352054937,0.7829483474179377,8.356574194431305,24.664397478103638,1.1723314693204485,1.5265414375510082,1.0907913945864136,10.613221955299377,24.580394983291626,1.1567101638324877,1.4395586543699772,0.8473810228429538,9.473062515258789,24.563539505004883,1.1279653791759325,1.3976668741648215,1.2296149612225427,9.041358292102814,24.559876918792725
316,113,1,0.0,100,1024,0.0,0.0,1e-07,5,0.0,1,2,0.0001,2500,10000,0.0,0.0,32,32,0.5,0.5,True,RobustL2,mat2vec,0.0698390881065279,simplex,1,813,16,1.1437433823089203,1.4480190724718958,1850190,9.596120595932007,NVIDIA A100-SXM4-80GB,1.0673412342620336,1.336612958160923,0.8267294672894667,7.113667547702789,1.9381818771362305,1.18984576214926,1.516424944188457,0.7757314549327934,8.401994423866272,1.9074983596801758,1.1590434744381362,1.5259946289184891,1.039630633322744,10.768803966045379,1.9093596935272217,1.1068013498216187,1.4439253370332827,0.8006756294405608,9.656483173370361,1.906449556350708,1.1956850908735523,1.4171374940583261,1.39086546676004,8.846142411231995,1.9216318130493164
317,74,4,0.5161129655316472,911,3286,0.1795593705028295,0.2637407006695866,2.74766171711497e-05,11,0.0979528012685477,9,8,0.0016629257306456,4337,5492,0.0367019092664122,0.45349907502532,184,41,0.6346699656545185,0.6848139917088673,True,RobustL1,magpie,0.0888824323937296,sobol,20,94,17,0.7587194791355658,1.2875008927018956,40642740,16.302760124206543,NVIDIA A100-SXM4-80GB,0.7319295133467477,1.2192843599171224,0.8140170993098919,5.675040130615234,3.250347137451172,0.7695174268350798,1.2747567236540127,0.66962911160823,8.82675190448761,3.185405731201172,0.8029026858736715,1.4031088615350102,1.0714088591140523,11.236310732364654,3.238892078399658,0.7477700260692518,1.3179044241322357,0.8809594110143076,9.428502011299134,3.2406299114227295,0.7414777435530786,1.2224500942710967,1.2217542571692017,9.95000010728836,3.2103796005249023
318,71,6,0.2140427343547344,457,1618,0.0547283869236707,0.29914406593889,3.698297529183328e-05,6,0.0165115284733474,6,2,0.0043685550626367,7189,3925,0.4463576730340719,0.8185493554919958,113,115,0.5872962861463428,0.8885131606312469,True,RobustL2,mat2vec,0.1217229117453098,sobol,20,460,18,0.958717962095584,1.3411021393893414,16282602,16.884414672851562,NVIDIA A100-SXM4-80GB,0.959431991126716,1.2597608128195905,0.8064946188911167,6.340989112854004,3.3981409072875977,0.9505778152792512,1.4198189899899656,0.686171972277722,8.87934474825859,3.384838819503784,1.032238203961479,1.4105012562680603,1.1763802925989473,9.98944993019104,3.369081497192383,0.9507806682780822,1.347706856181649,0.8265420388549847,8.992592573165894,3.370518922805786,0.9005611318323923,1.2677227816874417,1.1477264040757276,9.34183657169342,3.348701000213623
319,90,4,0.1107463929802179,788,2205,0.4736874746158719,0.1242294088006019,5.109999648993835e-05,19,0.0453594489023089,7,2,0.0009121135313995,9581,6928,0.0277628591284155,0.4827807964757085,212,334,0.7315397786578164,0.7522592906776815,True,RobustL1,mat2vec,0.6481083782855421,sobol,20,970,19,0.6816090969599039,1.2435360251001413,26843082,71.26357007026672,NVIDIA L40S,0.659522217950914,1.1592762276729218,0.6968251433032624,6.399495129585266,14.239480257034302,0.6970911516364053,1.2518704984068991,0.6900292700987257,8.761652426719666,14.278787612915039,0.7175615794184932,1.365524025395244,0.9760449093829545,11.178170990943908,14.244801044464111,0.6873568640340294,1.2893524369940341,0.8814919251110697,10.093330824375153,14.237357378005981,0.6465136717596779,1.151656937031608,1.012802684390176,8.9769766330719,14.251101732254028
320,65,8,0.9162074346095324,642,2671,0.6475812522694468,0.2883585095405578,7.396425330433994e-05,13,0.0021047224290668,7,7,0.0003501295679248,5989,6102,0.2700852444395423,0.9380935290828348,38,353,0.5994146830297076,0.915542359563336,True,RobustL1,mat2vec,0.2604715762007981,sobol,20,469,0,0.5457660354868239,1.1439088737076162,43343614,236.11086702346802,NVIDIA A100-SXM4-80GB,0.5130630660730127,1.072214711740045,0.5641675471901215,6.6339892578125,47.264514684677124,0.5704328628484641,1.146414545854531,0.45662551186728756,7.307253229618072,47.49650287628174,0.5771505559590948,1.3077796361269733,0.6258140523481482,11.1016188621521,47.44394540786743,0.5139961924200855,1.0333189267723137,0.5917891270155096,5.333398818969727,47.04120087623596,0.5541875001334626,1.159816548044218,0.6267229807585666,6.93236939907074,46.852593183517456
321,178,2,0.0087531860917806,121,1034,0.0080064423382282,0.0664930958300829,1.169327026475221e-05,5,0.0033929457888007,3,2,0.0002025924263522,3101,2849,0.0977354813367128,0.0182025358080863,61,61,0.5039378085107542,0.50933264748035,True,RobustL1,mat2vec,0.1262196499947458,simplex,20,666,1,1.0921588565470777,1.4423318347851972,2264194,13.202095031738281,NVIDIA A100-SXM4-80GB,1.0496619883577676,1.3368662763125088,0.8163251154134183,7.143320322036743,2.6672189235687256,1.1341196618328655,1.5200071675596891,0.7467364262592264,8.614304857254028,2.624051332473755,1.1437336379775007,1.5195998155041273,1.033183383361626,10.770443630218505,2.626905918121338,1.0849369842868934,1.438791435041615,0.7841958304745211,9.770852327346802,2.6257965564727783,1.0483420102803602,1.3963944795080454,1.0606401496216917,9.347928941249847,2.6454672813415527
322,199,1,0.0330604249611496,216,1315,0.0582095542922616,0.0626650108024478,1.7232155644334852e-06,6,0.0002386596053838,1,2,0.0001477300419472,2606,2957,0.0012857262045145,0.0033740969374775,61,86,0.501063574155327,0.5698503733108752,False,RobustL2,magpie,0.921111699938774,simplex,20,911,2,0.9944223081069715,1.372008741978241,2622313,84.97781705856323,NVIDIA A100-SXM4-80GB,0.9479714247406369,1.2717947359011075,0.7558051049669346,6.563146114349365,17.092963933944702,1.0577053709164763,1.4465595350680194,0.7128533493903244,8.32939739704132,17.02854323387146,1.0226989458192313,1.4650898252005287,0.9928612778674568,10.525706124305724,16.93033266067505,0.9798994971344189,1.3742722970184609,0.7494452775612235,9.591451704502106,16.979917287826538,0.9638363019240939,1.3023273167030884,1.0598259262748844,9.080450356006622,16.933626651763916
323,131,1,0.0,100,1024,0.0,0.0,1e-07,8,0.0,1,2,0.0001,2500,2500,0.129170318134129,0.0,44,32,0.5,0.8088181303303689,False,RobustL2,mat2vec,0.5374895542953163,simplex,4,725,3,1.1435511384167747,1.4448601244468606,1850190,78.56810474395752,NVIDIA A100-SXM4-80GB,1.1066069750055816,1.3440166729858083,0.8723096765164756,7.002350091934204,15.763448715209961,1.1809760459031136,1.5191262657503848,0.7689302142080285,8.43121202468872,15.967494249343872,1.1455753553910313,1.5262743004722847,1.034553160894887,10.768966448307037,15.647505044937134,1.1594120564238128,1.437792988135316,0.857128658131305,9.452747821807861,15.590585470199585,1.1251852593603342,1.3970903948905093,1.2267401741320074,9.047200739383698,15.586373567581177
324,162,2,0.0228604739531874,135,1114,0.0253851097077131,0.120734135620296,2.4135280065238475e-06,5,0.0080696924589574,1,2,0.0005963056249544,2823,2571,0.0530172120779752,0.0760754458606243,58,56,0.5133574110865593,0.5175860381420702,True,RobustL1,mat2vec,0.5196089873462916,simplex,20,24,4,0.9323227534464629,1.527351083192373,2443090,111.22422480583191,NVIDIA A100-SXM4-80GB,0.8832074628280118,1.37767057831597,0.7741427387401636,7.274052739143372,22.488824129104614,1.0014263070393334,1.626183302945109,0.7797364228748265,9.150055484771729,21.68525719642639,0.9691099298077998,1.6360675432922844,0.8480278588817884,11.534860146045684,22.502315521240234,0.917095182304403,1.5440708160808811,0.8134211251947004,10.396026968955994,22.015905618667603,0.890774885252766,1.4527631753276191,0.8685594958408162,9.947442412376404,22.519729137420654
325,101,1,1.0,100,1024,0.0,0.0,1e-07,5,0.0,1,2,0.0001,2500,2500,0.0,0.0,32,32,0.5,0.5,True,RobustL2,magpie,0.9431526091042906,simplex,1,563,5,0.7192112606707222,1.1233666782098652,1850190,145.46038150787354,NVIDIA A100-SXM4-80GB,0.6887444066690699,1.0746480936115506,0.603902220317552,5.345931892395019,29.179548263549805,0.7559337848962066,1.154834366294388,0.6096081011880393,5.6722956466674805,29.053774118423462,0.7359616058424164,1.1970817896491732,0.7308436539875445,8.89737639427185,29.028817415237427,0.7105929695162013,1.1277462183025304,0.6300790191501979,7.661090755462647,29.112805604934692,0.7048235364297162,1.0625229231916842,0.8568392191934999,6.123006105422974,29.073577880859375
326,42,2,0.7451364817097783,843,2768,0.1265036314725875,0.0261107729747891,1.7121510189026592e-05,6,0.0077457573264837,8,10,0.0007132648186758,3057,7745,0.7238089088350534,0.4922553058713674,144,53,0.5110730594982393,0.948299691654835,False,RobustL1,magpie,0.3194893144071102,sobol,20,120,6,0.8084494726681616,1.3913485462659563,18233662,19.59504532814026,NVIDIA A100-SXM4-80GB,0.8074757569970059,1.3387751495571216,0.7912765995978818,6.436076109409332,3.896564483642578,0.8378545807316559,1.4158024441712473,0.7352653497610778,8.899679081439972,3.8579885959625244,0.8252883867707496,1.4751973745289206,1.0056491726019636,11.650866043567657,4.0433433055877686,0.8038049270003937,1.416020635431423,0.8942285892734062,10.414649188518524,3.901092290878296,0.7678237118410027,1.310947127641068,0.9932457176180425,9.244315147399902,3.882723808288574
327,60,8,0.1067193113267421,846,2527,0.7783342227339745,0.5524679189547896,1.5319709444418551e-06,17,0.0135930740274488,7,9,0.0040742952576838,6042,8877,0.3642067620530724,0.4169613178819418,185,449,0.9185744638900272,0.9517193479496986,False,RobustL2,onehot,0.8012117777112872,sobol,20,70,7,0.579516998551644,1.0212109426263605,60664654,235.5838942527771,NVIDIA A100-SXM4-80GB,0.5567920193894808,0.9851571352381634,0.6035251313403476,5.419221682548523,46.879944801330566,0.6077861355000806,1.0339400251222728,0.4773926161137768,6.2379296064376835,47.10979080200195,0.6220257705482416,1.109974687691943,0.665983065759172,9.275551652908325,47.14519953727722,0.5571625556011283,1.0251210705866862,0.5144278598599257,6.978267240524293,47.03058624267578,0.5538185117192891,0.9518617944927376,0.6150144327806835,6.27173376083374,47.40434670448303
328,172,1,0.0609009219333529,138,1056,0.0085600595921278,0.0713490480557084,1.6933644936140627e-05,7,0.0011770207434892,1,2,0.0001484101117588,3520,3631,0.0060414047911763,0.0168049531057477,48,38,0.516744956680201,0.5258828295327723,False,RobustL1,magpie,0.775136149181053,simplex,20,818,8,0.8394905191312704,1.3886497743637063,2058858,95.9964246749878,NVIDIA A100-SXM4-80GB,0.8306763422139692,1.3406079351046591,0.7596083675245189,6.60128653049469,19.242257595062256,0.9008369892272576,1.4450543785713907,0.7197430619857258,8.920030193328857,19.190521001815796,0.8731144812052725,1.495164797198365,0.8659710107437986,11.29110951423645,19.152005434036255,0.8011123745035011,1.3534676175170683,0.8090665029742777,9.790929937362671,19.19640564918518,0.7917124085063519,1.3089541434270489,0.9309991496748516,9.355778932571411,19.201944589614868
329,183,1,0.017842604778707,176,1206,0.0880932044237852,0.0502811232581734,6.193052295967936e-06,5,0.000723469723016,1,3,0.0009310938344337,3002,2503,0.004977005533874,0.0060204323381185,41,77,0.5052279039207845,0.5355762769695371,False,RobustL2,onehot,0.8635059056431055,simplex,20,841,9,1.0264383939337698,1.3994851934866148,2325596,109.68680548667908,NVIDIA A100-SXM4-80GB,0.9749560843629764,1.283890714420316,0.7536901034438142,6.745553493499756,22.14336848258972,1.0737088223621978,1.4762223456903076,0.7059341602381063,8.636386888027191,22.179829359054565,1.048281491143178,1.4956960471873681,0.9424053335381829,10.83898229598999,21.637502908706665,1.0140500635381113,1.3998806021022108,0.7630946675297031,9.705487608909607,21.911320686340332,1.0211955082623856,1.3417362580328707,1.0844905620318903,9.01561164855957,21.802167892456055
330,45,8,0.5461815418675542,937,1912,0.6387323215603828,0.2393974438309669,8.978349861288444e-05,7,0.0591415815986692,2,3,0.0051251185405068,8187,2793,0.1771275149658322,0.1830362258478999,137,481,0.52762970456779,0.8332461008141749,True,RobustL1,onehot,0.8219085355475545,sobol,20,841,10,0.4486266706645818,0.970410008645634,60235502,125.69556260108948,NVIDIA A100-SXM4-80GB,0.4179797967119662,0.9031454926410938,0.518343035133463,5.6901907539367675,25.243130445480347,0.457435077127235,0.9706941095529081,0.4079297194968372,6.650765256881714,25.058499336242676,0.47806786818302416,1.0430475795646315,0.5278829956820963,8.790513610839843,25.123196363449097,0.4598558141160089,1.0409531393940652,0.5374745579506863,9.32922568321228,25.08059597015381,0.42979479718467467,0.8942097220754712,0.5561529796336274,5.746382713317871,25.178395748138428
331,41,9,0.2725038295611739,855,3263,0.2464243257418275,0.779777112416923,9.841807222208007e-05,15,0.0023866304196417,8,4,0.0023919216655194,9495,4709,0.1407977426424622,0.7576723843812943,182,121,0.5694785519595258,0.753442361280229,False,RobustL1,mat2vec,0.7975634282082319,sobol,20,418,11,0.3964571346488729,0.8899355913543356,80057213,252.77623963356018,NVIDIA A100-SXM4-80GB,0.41113958355658214,0.9037147539184682,0.5001806307611361,6.380025868415832,50.38570833206177,0.38382499513486307,0.8479356720097424,0.3501045064802308,7.104089260101318,50.61279773712158,0.4190013772618111,0.9791718549743919,0.45283004507973695,9.860606753826142,50.554107666015625,0.36598328067606617,0.7945763246194919,0.42013694938899226,5.06778130531311,50.551923513412476,0.40233643661504204,0.9242793512495838,0.48410624616231235,7.233741629123688,50.658087968826294
332,133,1,0.0,574,1024,0.0,0.0,1e-07,9,0.0,1,2,0.0001,2500,2500,0.0,0.0,77,32,0.5,0.5,True,RobustL2,onehot,0.0735045796073973,simplex,3,427,12,1.1407339240647363,1.4443096552118004,5169138,8.004446506500244,NVIDIA A100-SXM4-80GB,1.0956960976240302,1.337965134265122,0.8608849452645984,7.0065529346466064,1.613631010055542,1.1882733968958403,1.5167805928407176,0.7794426782782052,8.317162351608276,1.585686445236206,1.1326034513513896,1.5304401556213059,0.9999679173148048,10.803465139865875,1.6024971008300781,1.1722988321571477,1.443664518621378,0.8632925882861572,9.463360786437988,1.5977439880371094,1.1147978422952738,1.392697874710478,1.2032492316908192,9.071461200714111,1.592621088027954
333,59,1,0.3300643544644117,713,1708,0.1887407880276441,0.4256033711135387,3.381041546063498e-05,10,0.0766141962260008,5,3,0.0005338829518295,3560,7310,0.5071920240297914,0.1990104103460908,123,353,0.5271157606224529,0.8197600625577383,False,RobustL1,onehot,0.6851677889376879,sobol,20,392,13,0.617793787240359,1.206449192351952,7470694,48.94379138946533,NVIDIA A100-SXM4-80GB,0.585343490568486,1.0933810982889516,0.6077864817925143,5.683552265167236,9.865915298461914,0.662908079376956,1.2693649741200954,0.5594216553189246,8.352107601165772,9.948271751403809,0.6517001116819413,1.3378630042846535,0.6369668686809755,11.636041474342345,9.828495502471924,0.6094844088466367,1.2219373123735457,0.6369851816528435,10.008459675312043,9.539362668991089,0.5795328457277754,1.1096995726925138,0.6375507096761822,9.505350887775421,9.7467622756958
334,145,1,0.2213003160431981,100,2469,0.0,0.0,1e-07,5,0.0,1,2,0.0001,2500,2500,0.0,0.0,32,180,0.5,0.5,True,RobustL2,onehot,0.9318137187696992,simplex,3,845,14,0.9008990640042738,1.3065934698358284,2140635,147.92638516426086,NVIDIA A100-SXM4-80GB,0.8589525314638072,1.2135457846909705,0.758119748914422,5.715786819458008,29.59472107887268,0.9411558838763014,1.3524265113187133,0.66019121720477,8.597495453357697,29.581623554229736,0.9231189120721868,1.4104149303158513,0.9100042390279017,10.836888980865478,29.580445528030396,0.9109924997258264,1.333894588828691,0.7984664080313616,9.620970487594604,29.594462394714355,0.8702754928832468,1.222685534024915,0.9667797507159349,9.112887382507324,29.562697410583496
335,28,4,0.2329041725024581,747,3086,0.132601766847074,0.5919050481170416,6.231370052490384e-05,12,0.0791770302690565,3,10,0.0038073322887532,6049,6078,0.2477751262485981,0.7715710084885359,99,493,0.5185575801812112,0.6227861331813037,True,RobustL2,mat2vec,0.1159176873322576,sobol,20,135,15,0.7304906830226774,1.196359974920893,30518778,26.952644109725952,NVIDIA A100-SXM4-80GB,0.7474109627162465,1.1517818970368459,0.7327384074195135,5.755858659744263,5.422353744506836,0.8084496420589513,1.2999057621616588,0.6486184104214201,7.168954448699951,5.3471808433532715,0.7577692358113268,1.2859264679531535,0.8065918975074907,10.02849884033203,5.368534088134766,0.6661989265130217,1.1834701566580468,0.6806136400868522,8.699141049385071,5.39490818977356,0.6726246480138405,1.0607155907947612,0.9825400973794428,8.026707887649536,5.404567241668701
336,160,1,0.0679127983748912,136,1118,0.0350340344011783,0.0210937969386577,2.78985470701009e-06,7,0.018983172532171,1,2,0.0002077554698102,3206,2562,0.1676233857870102,0.0578477047383785,36,36,0.5041506122653373,0.5275066339538432,False,RobustL1,magpie,0.8252818883862346,simplex,20,902,16,0.8275439521524165,1.4020647405163034,2064852,145.88737630844116,NVIDIA A100-SXM4-80GB,0.7992572508093848,1.2989733158543373,0.7686285038002771,5.990125601291656,29.153573513031006,0.8775525331833722,1.460512962161876,0.699470230537471,9.17823739528656,29.221189260482788,0.8651448994040102,1.5201263250049712,0.8432499547812784,11.593609464168548,29.368860721588135,0.8141085590459366,1.4164510175459608,0.8729246595996557,10.408641338348389,29.240398168563843,0.7816565183193788,1.314260082014371,0.9489260404736418,9.685630977153778,28.89095163345337
337,128,2,0.0,100,1024,0.0,0.0,1e-07,9,0.0170779576525092,1,2,0.0001,2500,2500,0.0,0.0,32,32,0.5,0.7322793895402924,False,RobustL1,onehot,0.2109283562749624,simplex,4,113,17,1.1411173713741265,1.4453375714468346,2096914,63.260536670684814,NVIDIA A100-SXM4-80GB,1.0968290914464074,1.3434104409180305,0.8570426394528713,7.042131960391998,12.661126375198364,1.1915256009661028,1.5138732772456112,0.7791723668256963,8.396280603408814,12.642881393432617,1.1768534495336094,1.5256727499727445,1.1018020062526033,10.609489393234252,12.621066331863403,1.16596391417434,1.443973030738108,0.8553878372024863,9.475593328475952,12.699122428894043,1.0744148007501726,1.3997583583596787,1.1084970334689401,9.202028512954712,12.622616291046143
338,177,3,0.0208885055035352,100,1235,0.0282597346231341,0.1271467646583914,1.229211188852787e-07,5,0.0043841664679348,1,2,0.0001116720334626,4132,2524,0.0095935733988881,0.0945998840034008,35,34,0.5195711118122562,0.5619446424099617,True,RobustL2,magpie,0.6504756972193718,simplex,20,318,18,0.9914293218669107,1.3782698092978418,2470871,130.80398416519165,NVIDIA A100-SXM4-80GB,0.9457902912725972,1.2660466681049398,0.7640654886696104,6.70833420753479,26.131260871887207,1.041824042687069,1.4597180925896147,0.7193570146770029,8.405543642044067,26.18765354156494,1.0161920201687806,1.4788230523086354,1.03046482536419,10.992995750904083,26.128939151763916,0.9725850867668528,1.370113236249315,0.7664963532062837,9.788931608200073,26.208105087280273,0.9807551684392536,1.316647997236704,1.1696867098108283,9.131260514259338,26.136048555374146
339,21,1,0.2968554422259331,445,3152,0.7693036170676351,0.0167775284498929,2.6682031408604236e-05,16,0.0120248783379793,6,8,0.0017662590158171,7321,7930,0.377379341982305,0.7820840841159225,254,399,0.680211236877367,0.834532312920224,True,RobustL2,magpie,0.5920298851002008,sobol,20,522,19,0.8769915545239151,1.2781615522588776,5971790,22.140984296798706,NVIDIA L40S,0.8461314219475828,1.1977529468854131,0.7444580939745495,5.7446042346954345,4.478928089141846,0.8846788374013415,1.3218250543224845,0.637304956269034,8.585920052528381,4.428294897079468,0.9042108905522495,1.3598417403092407,0.9184563401320316,10.05860538482666,4.3530378341674805,0.8941305503511274,1.304853673150026,0.7992496592916017,9.56550145149231,4.445616960525513,0.8558060723672742,1.2065343466272231,0.951048370070601,8.43880045413971,4.423574447631836
340,52,8,0.6854947097599506,755,1249,0.1841802662238478,0.6787736807018518,5.241395167689771e-05,18,0.081997259799391,1,7,0.0025715345888398,8873,5203,0.1116875652223825,0.5507960608229041,188,299,0.5856607503389009,0.8903439222020098,False,RobustL1,magpie,0.2157797703146934,sobol,20,8,0,0.49529077824236645,1.0392501628721935,36540290,67.83555579185486,NVIDIA A100-SXM4-80GB,0.4755247427223819,0.9936089276347039,0.5292197033134097,6.380903844833374,13.506379842758179,0.519309605542534,1.039933684643715,0.5128440277021238,6.395688199996949,13.693337440490723,0.5349961054558087,1.162527700734907,0.5705234385784077,9.818134212493897,13.487513065338135,0.4553680017742609,0.992275638732183,0.4929915606576007,6.207439231872559,13.500197410583496,0.49125543571684677,1.0079048626154576,0.5803736859784477,7.525566577911377,13.636111736297607
341,184,1,0.0598554825410246,115,1135,0.1090669929981231,0.0230310587212443,1.7208922121860086e-05,5,0.0045789617113769,1,2,0.0002592006910592,3312,2556,0.0149613562971353,0.0449401820078492,39,97,0.521626597544644,0.5254422945118509,False,RobustL1,magpie,0.9299836242571472,simplex,20,568,1,0.8463474125471485,1.4213821809003293,1958773,122.9015884399414,NVIDIA A100-SXM4-80GB,0.8199405336988348,1.3308407323984586,0.7893100734464277,6.409162878990173,24.50591254234314,0.8983200985342102,1.4775228534528817,0.7268408368170276,9.222479658126831,24.547009468078613,0.8781754875933826,1.5231342257352736,0.8694973502227845,11.657393765449523,24.541507482528687,0.8267844666370741,1.4360986642739622,0.8535278319886219,10.397396206855774,24.655205488204956,0.808516476272241,1.339314428641071,0.9274177024760938,9.797378897666931,24.64002752304077
342,136,1,0.0,100,1024,0.0,0.0,2.8401433146651834e-05,5,0.0,3,2,0.0001,2500,5841,0.0,0.0,32,32,0.5,0.5,False,RobustL1,magpie,0.4438441294897348,simplex,3,2,2,1.152171379452006,1.4446201024355232,1850190,61.4262318611145,NVIDIA A100-SXM4-80GB,1.1327635340167697,1.3497479132163361,0.8984407863946736,6.900761961936951,12.326457500457764,1.1998561281153486,1.5104934962307923,0.7860612243369586,8.342929737567902,12.235705137252808,1.1473353468064504,1.5263612641818984,1.025191435532808,10.77412326335907,12.262823104858398,1.1645171211441487,1.440744585760526,0.8565163545243202,9.494728207588196,12.311971187591553,1.1163847671773124,1.3957532527880636,1.2072148895425048,9.085622787475586,12.27620553970337
343,176,2,0.061803076416254,123,1068,0.0358398221433162,0.0040152436122298,3.4781063324771822e-06,6,0.0006158937700092,1,2,0.0008984121407382,2601,2574,0.0248310826718807,0.0996715072542429,38,77,0.5115837314305827,0.5769159077949821,False,RobustL1,magpie,0.3158793287910521,simplex,20,518,3,0.88574650827635,1.4612898844368252,2314546,54.90751075744629,NVIDIA A100-SXM4-80GB,0.8568559804620234,1.3425731418821643,0.7680266152576676,6.772424817085266,11.090029954910278,0.9366943511913706,1.5486311089522211,0.752391643670659,9.150869445800781,10.951656818389893,0.9425841251439563,1.590484483608852,0.8744324667747013,11.58813430070877,10.914742469787598,0.853509044763708,1.430959862694601,0.8171664166251659,10.31829571723938,10.924429178237915,0.8390890398206918,1.393800825046288,0.932854201102391,9.827756583690643,11.013296842575073
344,19,2,0.0837028352543711,332,2447,0.2368826679885387,0.3075328264385462,7.357287938613445e-05,17,0.0226941976696252,7,5,0.0032185238225385,3988,3778,0.1002823775634169,0.3886338928714394,249,126,0.831045717236027,0.9018578905723988,True,RobustL1,onehot,0.573623190112412,sobol,20,183,4,0.6836253971349515,1.226772303733144,6337108,99.77523994445801,NVIDIA A100-SXM4-80GB,0.6625054610966341,1.183431580673505,0.6512098250111784,6.199747920036316,19.621002435684204,0.7252465357506055,1.2506910892389729,0.6647348475439501,7.924259262084961,20.288750410079956,0.6952510924564511,1.3246831425324153,0.7593984319958204,10.927478206157684,19.86720323562622,0.6805234477108387,1.2466390834223922,0.761541321510705,9.596594774723053,20.348811626434326,0.6546004486602286,1.1284166227984342,0.8651143399242204,8.153241991996765,19.637043714523315
345,26,7,0.7523817839100957,734,2561,0.2442179080098867,0.3387354463338852,3.093075368115679e-05,18,0.0872942756861448,3,4,0.0051057173465378,6385,6317,0.6335282688960433,0.4783791080117225,167,425,0.5932427861342207,0.6771769774356857,True,RobustL2,magpie,0.5079459203686565,sobol,20,613,5,0.5086019600977034,0.9611743895098515,44654157,138.17070722579956,NVIDIA A100-SXM4-80GB,0.49402219510751494,0.9344430731281286,0.49609113881951866,5.718209407329559,27.775084972381592,0.5194977925214653,0.9752022495369531,0.41087924468793174,6.419340097904206,27.702593088150024,0.5570288562166315,1.0856198081997661,0.575171210041168,9.488247060775757,27.735656023025513,0.4898614101715378,0.9140799471784323,0.4915868300186297,5.348561096191407,27.617096185684204,0.4825995464713677,0.8965268695059778,0.5873270324805897,5.028744697570801,27.32808256149292
346,173,1,0.0018336297944188,158,1153,0.1280555706471204,0.0188367357477545,1.329344941303134e-06,6,0.0268622873350977,2,2,0.00015589274792,2613,3074,0.0182005325332283,0.0307965483516454,38,35,0.507495874028001,0.5333064799728804,True,RobustL2,magpie,0.1931600255239755,simplex,20,508,6,1.1502351505922044,1.4431296745546218,2200687,28.164101362228394,NVIDIA A100-SXM4-80GB,1.0924678302665487,1.3394066068179489,0.8566143771239269,7.013461053371429,5.631028652191162,1.1802328018205044,1.5105706785706141,0.7704674520446786,8.420892136096954,5.646349906921387,1.1781640792022439,1.5254574388637618,1.1011417775127392,10.61473388671875,5.633970022201538,1.1429254623292973,1.438079397295607,0.8375371468576519,9.514922201633453,5.618029832839966,1.1573855793424277,1.4021342512251769,1.30790557631123,8.901717185974121,5.621373414993286
347,64,5,0.8990712072700262,845,3883,0.9986523166298866,0.1869379514828324,3.7849698195792735e-05,13,0.0566025279462337,7,2,0.0038299048028886,3225,7586,0.408749365247786,0.7155260154977441,167,253,0.5679852309285663,0.9730710545017384,False,RobustL2,onehot,0.8760940080042928,sobol,20,877,7,0.476741183065417,0.9075396565066576,50653213,170.21026349067688,NVIDIA A100-SXM4-80GB,0.4506106771151742,0.84627815747547,0.5401365365074837,5.532200179100037,33.82354140281677,0.5106698851890854,0.949015601166914,0.39853767907742804,6.327146077156067,34.22246527671814,0.49808653868111935,1.005959013743016,0.5245508624655113,9.262948369979858,33.93409729003906,0.4627226791902163,0.8822088086535304,0.45031511823179765,4.589313411712647,34.087080001831055,0.46161613515148986,0.8542367014943583,0.5477604387285434,4.522725200653076,34.130228757858276
348,145,1,0.2213003160431981,100,2469,0.0,0.0,1e-07,5,0.0,1,2,0.0001,2500,2500,0.0,0.0,32,180,0.5,0.5,True,RobustL2,onehot,0.9318137187696992,simplex,3,521,8,0.9031928795319052,1.3104428143826012,2140635,141.95735907554626,NVIDIA A100-SXM4-80GB,0.8698177500306977,1.2137122126956006,0.7505626110934649,5.833922390937805,28.45866584777832,0.9417653937111978,1.3667690166214503,0.6828078580247976,8.504096822738648,28.436535120010376,0.9373548987970548,1.4128945547966973,1.0658586457698913,10.764999401569366,28.350407600402832,0.9164370222951121,1.3344938341349584,0.8231882242994385,9.652864754199982,28.36470079421997,0.8505893328254637,1.224344453664299,0.9321737287408375,9.113832294940948,28.334105014801025
349,14,1,0.4348248550668359,147,3827,0.2825404871255159,0.5811568610370159,1.5613679793849587e-05,9,0.0344820041209459,6,4,0.0058495441288687,8096,9441,0.317693367600441,0.4215874476358294,82,336,0.737643003319297,0.8867790631142445,False,RobustL2,mat2vec,0.4519122755620628,sobol,20,504,9,0.6350921689299796,1.0717558852532523,2892665,45.29470944404602,NVIDIA A100-SXM4-80GB,0.5921828971312956,0.9800741986020728,0.5642760339366014,5.283034801483154,8.99543833732605,0.6686456462588813,1.0865202441735986,0.5126142187679904,6.6252399253845216,9.140985012054443,0.6710246244496813,1.2012404179256693,0.6463968242973346,10.266251039505004,9.132171392440796,0.6089071373817845,1.0601783357038665,0.5813722153674504,6.694567584991455,9.056511402130127,0.6347005394282549,1.0307662298610547,0.7487465751590741,5.435218811035156,8.956788539886475
350,91,2,0.6334313442930579,463,2661,0.0032795425504446,0.4642295194789767,2.814842766672373e-05,13,0.019183652382344,9,5,0.0027467204041779,2519,3167,0.3193017020821571,0.5977958654984832,174,195,0.5291176655125804,0.6248609902734868,False,RobustL1,onehot,0.2061149115022272,sobol,20,370,10,0.5964444115168673,1.1450373213534526,9015748,18.491077661514282,NVIDIA A100-SXM4-80GB,0.5253598450941319,0.9939809342967515,0.5679788137603755,6.38144624710083,3.6992993354797363,0.6908719678215043,1.217091523279714,0.645285053645426,6.471256809234619,3.8277926445007324,0.6578819517656982,1.3268074517805608,0.7189295609308761,11.529997777938842,3.6511988639831543,0.5555300610694512,1.138379492727821,0.5381695683687706,9.739337682723999,3.6546428203582764,0.5525782318335513,1.0489272046824158,0.7065534468327707,7.3892598152160645,3.646409511566162
351,81,1,0.5040955180302262,691,2820,0.8689554426819086,0.2217746460810303,5.448710714895279e-05,19,0.0644536733627319,3,9,0.0002220772567205,3916,4926,0.6562506631016731,0.0456968117505312,42,390,0.8996570763437077,0.9947903536495752,False,RobustL2,mat2vec,0.7759160132706165,sobol,20,379,11,0.46021839966071604,0.9207153039779421,8762258,286.568062543869,NVIDIA A100-SXM4-80GB,0.415070964588534,0.7973241571910145,0.47959274150338643,4.627882480621338,57.41651630401611,0.4571765850731916,0.910053600093608,0.3742814730165352,6.397655093669892,57.147119998931885,0.5285207685973823,1.1032914145774273,0.48730770151738695,10.235933971405029,57.3342399597168,0.442993845979761,0.9026729264066872,0.464132894237985,5.744005107879639,57.2450909614563,0.4573298340647117,0.8902344216209735,0.512789035640831,5.135266199111938,57.41117596626282
352,75,9,0.1430177763104438,679,2485,0.2239035684615373,0.699333350174129,6.38725906059146e-05,8,0.0578495328314602,2,10,0.0042399464575573,5187,4153,0.2986931083723902,0.1212655771523714,223,233,0.5612337193716317,0.9991902134135364,False,RobustL1,magpie,0.3602387816552073,sobol,20,629,12,0.6484828138149694,1.1942148514242976,50048131,49.65226912498474,NVIDIA A100-SXM4-80GB,0.5842804911004603,1.0498038171740853,0.6466994757039491,5.627867698669434,9.899590492248535,0.74777344290519,1.2944462401628656,0.6881980059894787,7.374741749763489,10.023269891738892,0.6619125859900484,1.261890160459857,0.8454490630010877,10.53135941028595,9.836629629135132,0.6122541269210212,1.167622270985905,0.7115641370782185,8.718687200546265,9.878019094467163,0.6361934221581272,1.1973117683387746,0.7981611941948309,9.651514649391174,10.002991437911987
353,122,1,0.0,280,1024,0.0,0.0,1e-07,5,0.0,1,2,0.0001,3047,2500,0.1684892363846302,0.0,32,32,0.5,0.7818272364838048,True,RobustL1,magpie,0.0954265283606946,simplex,4,256,13,1.1371087540982887,1.4415298773731116,2898870,12.442583084106445,NVIDIA A100-SXM4-80GB,1.084613279351453,1.333760576283142,0.8521597158328706,6.992052435874939,2.559725046157837,1.1776580147815707,1.5193566729214276,0.7681912608827184,8.472620742321014,2.4977338314056396,1.1696320923764854,1.5249342962084318,1.071544860619687,10.702723813056945,2.508425235748291,1.121938665102152,1.4373838648998742,0.8189121762258197,9.609926760196686,2.393322706222534,1.1317017188797827,1.3922139765526833,1.2551229677910678,9.004360318183899,2.469651222229004
354,101,1,1.0,100,1024,0.0,0.0,1e-07,5,0.0,1,2,0.0001,2500,2500,0.0,0.0,32,32,0.5,0.5,True,RobustL2,magpie,0.9431526091042906,simplex,1,231,14,0.7201284609781864,1.1328458146956,1850190,149.59107637405396,NVIDIA A100-SXM4-80GB,0.699458231405637,1.0931339987611624,0.6003355711422895,4.985003476142883,29.87969970703125,0.7522844695488353,1.1665358562528991,0.5828589456686928,6.625147895812988,29.86419177055359,0.7440756667928768,1.2168992726547923,0.813517514945631,9.249508476257324,29.945046186447144,0.7044720045298372,1.1154551704116187,0.6746593511632907,7.452164459228516,29.875280618667603,0.7003519326137461,1.0722047753975266,0.7091992060372155,6.44109582901001,30.01420307159424
355,15,8,0.8653081059455872,617,2231,0.4204352740198374,0.6087420042604208,2.48396166886203e-05,9,0.0534187767654657,9,6,0.0001833933037705,3488,7961,0.1658543655648827,0.8065466294065118,208,292,0.5350276039676741,0.6840728914738633,False,RobustL1,magpie,0.484753706427291,sobol,20,306,15,0.4657976894517703,1.0094520354661476,37267754,67.54528450965881,NVIDIA A100-SXM4-80GB,0.4126006726255634,0.9030678739519283,0.4472114292623233,6.348603491783142,13.653913736343384,0.44708640595212434,0.8930168906295484,0.41858576993197616,6.4042140483856205,13.276251077651978,0.5389464543450797,1.1949121550102482,0.4942977809572519,11.102898395061493,13.849674224853516,0.472283240572249,1.0469535043688492,0.5127572566405549,8.575712966918946,13.229864120483398,0.4580716737638349,1.0093097533701643,0.543377106400963,7.354783928394317,13.522212743759155
356,16,10,0.0454068360850214,888,2096,0.3187110377475619,0.8403888931497931,6.111554899718613e-05,18,0.006933909561485,3,4,0.0009949667674489,7387,9655,0.0394402034580707,0.9177379654720426,231,354,0.7701022107049823,0.9102216115755029,True,RobustL1,onehot,0.2922650383319706,sobol,20,543,16,0.6470010911343496,1.1558000285597854,72243278,98.30382966995239,NVIDIA A100-SXM4-80GB,0.5898336641252624,1.0643489626873206,0.6063123407476297,6.152082681655884,19.655303716659546,0.713060403717975,1.2424463100322205,0.5860727361886907,7.781690196990967,19.72636318206787,0.6733853431296789,1.2409020232977255,0.9428618320131869,10.0003497838974,19.519640922546387,0.6121677971533405,1.108709453658162,0.5920303803688484,7.956878328323365,19.818437814712524,0.6465582475454911,1.122593393123498,0.8224170633527755,7.467851877212524,19.57075834274292
357,63,9,0.3805670123547315,576,3740,0.7019069250673056,0.3401224026456475,5.94845963921398e-05,11,0.0252237656153738,7,8,0.0049461907092481,9683,3404,0.0850357320159673,0.3835048340260982,130,179,0.5125654824482277,0.9619078354024329,True,RobustL1,mat2vec,0.1932624911889434,sobol,20,560,17,0.6404410941440664,1.2146912214916141,53474562,57.554052114486694,NVIDIA A100-SXM4-80GB,0.6308178651345798,1.1538676931614025,0.7364886024958536,6.307927553653717,11.436679363250732,0.6495926722576771,1.210357161229412,0.6386469252047374,9.126347677707672,11.453423738479614,0.6788009964241914,1.2988690276345487,0.757305405738193,10.76795048713684,11.580284833908081,0.6517258753372713,1.3177505276215558,0.7853098341366976,10.282979273796082,11.530456781387329,0.591268061566612,1.0926116978111524,0.7642630092791125,8.328450083732605,11.540427207946777
358,92,2,0.4539119713008404,279,3204,0.2299844687804579,0.2270891088992357,8.941269601741806e-05,11,0.0656684972345829,1,9,0.0021191618330776,6479,5095,0.4445867510512471,0.7402354059740901,152,254,0.7915114875528031,0.8507751608631573,True,RobustL1,mat2vec,0.0120651451218873,sobol,20,452,18,0.9336133798975673,1.560634754317013,6235414,4.200704574584961,NVIDIA A100-SXM4-80GB,0.8156619640139622,1.316025564223992,0.7917762866121071,6.233346462249756,0.8374392986297607,1.0513598880589203,1.736099893022664,0.8345818482504914,9.185429887771607,0.841177225112915,0.9566934379796124,1.6183857930229215,0.9567557030225954,11.134106707572936,0.8429019451141357,0.9571878213395772,1.631228312200114,0.8822925079598702,9.909409165382385,0.8345680236816406,0.8871637880957643,1.5014342091153738,0.9117516686595245,9.046952486038208,0.8321912288665771
359,186,3,0.0056536113843321,129,1158,0.0089367441833019,0.0596018955111503,1.1206848506629468e-05,6,0.0048692557960748,1,3,0.0001623434930108,2519,2853,0.0283484412357211,0.0095937428995966,35,80,0.5143778112445958,0.5573967762016692,True,RobustL1,onehot,0.7406581996660679,simplex,20,795,19,0.952434470857976,1.5173790068805821,2759320,108.98575615882874,NVIDIA L40S,0.9144600909217043,1.4039787432354058,0.782753772346171,7.344985842704773,21.773901224136353,1.0119095812351255,1.6035142122045711,0.7531225581816738,9.126244859695435,21.75531840324402,0.9894795532361175,1.6261635288982061,0.831747843400971,11.572495353221893,21.842931985855103,0.9419635000407501,1.5344992940502893,0.7924396932173524,10.386127710342407,21.853389739990234,0.9043596288561822,1.4187392560144383,0.8935384745936067,9.828761518001556,21.749375343322754
360,144,1,0.0,100,1024,0.0,0.0,1e-07,5,0.0665714084170758,1,5,0.0001,2500,2500,0.0,0.0,32,32,0.5,0.5,False,RobustL1,mat2vec,0.0287402899563312,simplex,2,135,0,1.0458515331710554,1.456491617659076,1850190,4.598746299743652,NVIDIA A100-SXM4-80GB,1.0138847345741513,1.332675208235798,0.7950045196936355,7.145162045955658,0.9306776523590088,1.1274338218365896,1.5115722423935312,0.7364493358292803,8.697228984832764,0.9199426174163818,1.0721084062983237,1.5503605057433836,0.8865808372457087,11.120630693435668,0.907855749130249,1.0518881245492984,1.4394184270763608,0.7773100026468066,9.828769147396088,0.9156172275543213,0.9639425785969133,1.4484317048463058,0.9101239779141541,9.614916741847992,0.9121835231781006
361,181,2,0.0240851892158389,243,1026,0.0349728511646389,0.0256971148774027,2.431268520839512e-06,7,0.0054684491828084,1,3,0.0001083463862538,2568,4083,0.0022844802588224,0.0300389351323246,37,57,0.506845319815632,0.5175581282623112,True,RobustL2,magpie,0.5577099956478924,simplex,20,441,1,0.9972249515859849,1.3731620492769192,3411430,121.16453433036804,NVIDIA A100-SXM4-80GB,0.9689826457974189,1.2756711561180283,0.7662979344748821,6.842880368232727,24.132728099822998,1.060959255257854,1.437773948633048,0.7467462721423563,8.526910619735718,24.229482412338257,1.0048319825934535,1.4699770074574783,1.0176378676940787,10.597472500801086,24.321263313293457,0.9944482543388226,1.3726533859445604,0.7750398724608666,9.731811821460724,24.222276210784912,0.9569026199423748,1.3097347482314807,1.0596641532438242,8.951710939407349,24.246087789535522
362,73,3,0.2282498404383659,311,2062,0.3296338813379407,0.1664774399250745,5.1403009569272406e-05,6,0.0749033896252513,6,7,0.0005201864955015,8583,9291,0.3740842938423157,0.5879840906709433,202,487,0.6182456667132675,0.9383543867443688,False,RobustL1,onehot,0.5197860739938914,sobol,20,699,2,0.7685359120445673,1.3245612098952844,7123056,23.270400524139404,NVIDIA A100-SXM4-80GB,0.735729211803109,1.234568943339552,0.7454682402453743,5.9139322090148925,4.632449150085449,0.7837871939545734,1.3436046829795993,0.6878834443771497,8.949039475917816,4.75927996635437,0.813333468482497,1.448588295193972,0.9235260928747966,11.353347611427306,4.588423252105713,0.7920140679030155,1.3746401878827672,0.8103791070886582,9.985883951187134,4.597931623458862,0.7178156180796416,1.2214039400805308,0.8869950261388639,9.634455144405365,4.677093744277954
363,142,1,0.0,100,1024,0.0,0.0,2.6721088582091038e-05,5,0.0,1,2,0.0032276215956546,4026,2500,0.0,0.0,32,32,0.5,0.5,True,RobustL1,magpie,0.8726155368797481,simplex,3,40,3,1.1405588758118586,1.444922021941206,1850190,138.31073760986328,NVIDIA A100-SXM4-80GB,1.1162746973120559,1.3466531527147518,0.8783979459813128,6.982423424720764,27.602733373641968,1.188324362206537,1.510934097486651,0.7793116467772314,8.379756705760956,27.541919231414795,1.1193830994311942,1.527909607778311,0.9730912313496238,10.888702464103698,28.032455921173096,1.1404602241878532,1.437662816063861,0.8350197689083041,9.52390855550766,27.611751317977905,1.1383519959216533,1.4014504356624549,1.2562815196880717,9.015149295330048,27.50938367843628
364,185,1,0.0656133824959397,118,1193,0.00428057461977,0.0282560326159,5.857797881588339e-07,5,0.0066609566099941,1,2,0.0002434113411232,2624,3561,0.0894992230460047,0.0126312738284468,41,104,0.5147915719064884,0.598170125772059,True,RobustL2,magpie,0.038575962986797,simplex,20,170,4,1.1132939750914612,1.4362449698607076,1983447,9.485567808151245,NVIDIA A100-SXM4-80GB,1.045080877367759,1.3346801630546996,0.8082955658116683,7.14802622795105,1.9075169563293457,1.1795634383383844,1.498766228490374,0.7755789316248998,8.464743094444275,1.864135503768921,1.1521834168837979,1.5179783561778142,1.0433828772051725,10.820157301425933,1.9002702236175537,1.117962025312078,1.4385415612272263,0.8055532397278721,9.715360522270203,1.900238037109375,1.0716801175552866,1.3912585403534234,1.11817319704995,9.11508971452713,1.90101957321167
365,88,8,0.254400085657835,200,2355,0.7226753225550056,0.006906016729772,1.6711080369353293e-05,10,0.0174557042308151,9,4,0.0035809374627657,5044,9132,0.8975200075656176,0.9272321816533804,144,306,0.8100366013387218,0.9932279143703172,False,RobustL1,onehot,0.510763984778896,sobol,20,188,5,0.7940101990129032,1.3922876374835085,10677606,88.16470742225647,NVIDIA A100-SXM4-80GB,0.7630808282895145,1.2828774501792215,0.804270864916304,6.366848533153534,17.540528535842896,0.8265788994757023,1.4416521105183508,0.7741315866412939,8.9906804728508,17.765214681625366,0.8297068090236925,1.4762519854679665,0.938366053922413,11.473279428482055,17.539074897766113,0.8033150800340986,1.4305816503352107,0.8847523302487311,10.37782073020935,17.69529700279236,0.747369378241508,1.330074990916793,0.8832999879887713,9.871222794055939,17.611931800842285
366,49,7,0.7389491647481918,530,2105,0.0955412043258547,0.3216425534337759,4.8450665439106526e-05,16,0.0436355753801763,6,5,0.0023509297029115,3502,4977,0.1353278001770377,0.2637907220050692,78,410,0.547248753605131,0.9973595719593578,True,RobustL2,mat2vec,0.4557685243431478,sobol,20,869,6,0.4816349797009938,0.9366478313212641,25980149,238.15103149414062,NVIDIA A100-SXM4-80GB,0.4433657679068538,0.881458211408485,0.5667051093667481,5.024943714141846,48.092750549316406,0.48576273527129854,0.943965453654102,0.43248272888372624,6.365784311294556,48.07716631889343,0.5282813721125083,1.0626995469589053,0.5782356029428444,8.979310059547425,47.861764669418335,0.45025326165262447,0.8782759109105805,0.5497377991265446,6.6023742914199826,47.930113554000854,0.500511761561684,0.9168400336742475,0.6319724006099655,5.403989648818969,46.175960540771484
367,169,1,0.0122718783095479,121,1111,0.0601329328492283,0.0133135458454489,5.492827722802758e-07,6,0.0041232184506952,1,2,0.000220226997137,2572,3763,0.074640710838139,0.0103857712820172,66,60,0.5178660066209734,0.5898537199949846,True,RobustL2,mat2vec,0.8198317380715161,simplex,20,90,7,1.0666268570609603,1.4181863804457042,1974877,70.02117156982422,NVIDIA A100-SXM4-80GB,1.0135602836629596,1.3114365373255863,0.7861111680576565,6.979530334472656,14.006615400314331,1.123505655707029,1.490325653303817,0.7490683282802063,8.443113462924957,14.163929224014282,1.0840977431870957,1.5111663492277985,0.952023168474796,10.870289158821105,13.603332042694092,1.0616063909085385,1.4143205440641573,0.7794170945023138,9.739019095897675,14.08298134803772,1.0503642118391783,1.3636828183071612,1.0978022089451918,9.024224996566772,14.14966630935669
368,167,2,0.0077009070664644,112,1076,0.0134656867012381,0.0092106135562062,6.362482404429466e-06,5,0.0064874283038079,1,3,0.0001029156249947,4362,2640,0.0690133636817336,0.0956956725567579,39,42,0.5008465141766705,0.5487922442604788,False,RobustL2,magpie,0.0515543094929307,simplex,20,594,8,1.1058564129110362,1.4452494416385093,2217022,7.11921763420105,NVIDIA A100-SXM4-80GB,1.0641656992800461,1.3368865383679918,0.8222993140122037,7.113368630409241,1.419745922088623,1.1635205486077052,1.5252004747974472,0.7637763332839348,8.510233597755432,1.4217724800109863,1.1357360631013924,1.5251715587140136,1.0140370652542297,10.787729096412658,1.4203660488128662,1.0917668663588203,1.4420788821970092,0.7902954906423351,9.721327722072601,1.4229578971862793,1.0740928872072177,1.3969097541160838,1.1144567589918175,9.202219665050507,1.4215517044067383
369,98,5,0.9752221554517746,303,2253,0.0430894894525408,0.2788842869922519,4.488058282695711e-05,12,0.028928318619728,4,9,0.0058912513170391,6956,7682,0.5388100733980536,0.30432556476444,32,85,0.7255041856855154,0.989508318119403,True,RobustL1,mat2vec,0.906736307349056,sobol,20,333,9,0.3975636030386923,0.9252124278323024,10784647,665.2317004203796,NVIDIA A100-SXM4-80GB,0.3891589797022029,0.8858754401676026,0.4312722985087744,6.379497413635254,130.71282267570496,0.41993892863182497,0.9675487754283554,0.37127206792471507,8.503962993621826,132.26641249656677,0.41788822038813084,0.9649385285886898,0.4584756103614659,8.302353882789612,134.18808126449585,0.3663178530215699,0.8711894047883452,0.3963065874450848,6.599787926673889,134.5284447669983,0.39451403344973274,0.9365099901885192,0.5251436858146649,7.60480842590332,133.52301621437073
370,121,5,0.0,100,1024,0.4951523579657078,0.1066058240830898,1e-07,5,0.0,1,2,0.0001,2500,2500,0.0,0.0,32,32,0.5,0.5,True,RobustL2,onehot,0.6810270901303739,simplex,3,560,10,1.1415619266604877,1.44677134954192,2837086,197.2591106891632,NVIDIA A100-SXM4-80GB,1.1161783400317096,1.3434814588919577,0.8819624783098606,6.914896607398987,39.37234115600586,1.172333863739341,1.518596185618568,0.7672016293018507,8.4327010679245,39.4716637134552,1.1273025834262693,1.5309263575006955,0.9887765862095655,10.859780263900756,39.584169149398804,1.1368389419934648,1.4378135323734584,0.8307407804197253,9.521026253700256,39.47627663612366,1.1551559041116548,1.403039213324921,1.3003056763521106,8.9276043176651,39.343156576156616
371,57,2,0.0220289342105388,405,2014,0.6658280631527305,0.08189825899899,1.4037412981502712e-05,20,0.003547197766602,1,8,0.0004207993142306,9443,2677,0.3067701030522585,0.8874602783471346,190,166,0.9794894813745284,0.9853313141920604,False,RobustL2,magpie,0.0945234681479632,sobol,20,684,11,1.049642253906584,1.422886522140577,6858814,15.358166217803955,NVIDIA A100-SXM4-80GB,0.9930715963299448,1.3223268598315632,0.7728803149416917,7.088142096996307,3.0652575492858887,1.0922627637013549,1.4975359991389317,0.7348065865634992,8.481427924633026,3.0390100479125977,1.0807786541005817,1.4955479607959337,1.0170656108270673,10.666230154037475,3.030357837677002,1.0322401357007727,1.431269724656955,0.7555199926296395,9.954437553882599,3.1802282333374023,1.0498581197002659,1.367752066279501,1.1358951515405085,8.991160988807678,3.030616283416748
372,132,1,0.0,100,1024,0.0,0.0,1e-07,5,0.0,1,2,0.0001,2500,8805,0.0,0.1592932976782322,32,32,0.5,0.5,False,RobustL1,mat2vec,0.9803842732310296,simplex,2,796,12,1.1354411524836912,1.4406338743823865,1850190,169.95112824440002,NVIDIA A100-SXM4-80GB,1.079820942612088,1.336198782044903,0.8441792067380415,7.0603532791137695,33.8925564289093,1.1958958262159822,1.509613952809942,0.784177012377571,8.33253564119339,33.95071864128113,1.1449987364850784,1.5270809916189532,1.028709360516947,10.747764718532562,33.833685874938965,1.1462294695871793,1.4375472194585541,0.8434544293827794,9.496120810508728,33.8578896522522,1.110260787518128,1.392728425979581,1.1947651103671932,9.089035987854004,34.40471053123474
373,36,7,0.5363140162080526,278,1490,0.0079197799786925,0.5960560403764248,5.308881180891767e-05,6,0.0102414288558065,3,4,0.002179518932756,9285,3808,0.2668306874111295,0.3752649910748005,198,447,0.6908969706735574,0.8255011804129928,True,RobustL1,mat2vec,0.0869437980186194,sobol,20,590,13,0.7266403861496115,1.2992530931572235,10072356,10.250866174697876,NVIDIA A100-SXM4-80GB,0.7449454032196932,1.2330232145656257,0.8964455024184093,6.371206028461456,2.0578043460845947,0.7836920493925303,1.396985480006431,0.7680457715777456,8.073612170219421,2.0655879974365234,0.758993380082676,1.3783968615718125,0.8433244376053749,11.643231284618377,2.21807599067688,0.6875307104939616,1.2923296590764748,0.6818981055258825,9.321733355522156,1.9494285583496094,0.6580403875591961,1.1955302505657734,0.9657003502496372,7.412111043930054,1.9463913440704346
374,166,1,0.0456536868587136,147,1166,0.1484401794150471,0.0318016866222023,6.566655533388258e-07,6,0.0018051064573228,2,2,0.0006625277456827,2696,2567,0.1601886171847582,0.0892277508974075,39,38,0.502119693167787,0.5250685075317509,True,RobustL1,magpie,0.8771022491995245,simplex,20,649,14,0.8711230832739248,1.4534930267410453,2146668,129.10634899139404,NVIDIA A100-SXM4-80GB,0.8480880558607243,1.3549959116227082,0.7893104247877619,6.578810095787048,25.78805112838745,0.9430968791938888,1.555638674766249,0.7527493722318879,9.083684282302857,25.945961475372314,0.8945147728868209,1.5297954800582443,0.8943878522157757,11.56791706085205,25.772525787353516,0.8465774580632436,1.4636087342222102,0.7804015095331364,10.373787522315979,25.812382221221924,0.8233382503649463,1.3634263330358152,0.882510903769954,9.759072542190552,25.77525782585144
375,12,9,0.4438921371474862,646,3404,0.1461152182891965,0.052237712778151,3.1692319743335245e-06,11,0.0451641692779958,1,3,0.0021484887296333,3762,4003,0.2612381903454661,0.8842814853414893,63,144,0.6765163087551482,0.9252957461066544,False,RobustL2,magpie,0.6713856171630322,sobol,20,662,15,0.5748536223200957,0.9968115158760641,57519470,364.27532052993774,NVIDIA A100-SXM4-80GB,0.5686074763517038,0.9603055068517803,0.5968318692814044,5.439383153915405,72.3044080734253,0.5917659876491556,0.9997941747096665,0.5163906713796818,6.278636837005616,72.74003720283508,0.5921532613731492,1.0862547438561894,0.6566743612571906,8.54396686553955,72.85724258422852,0.5580938713519503,0.9899063309009412,0.5263617632648268,5.7799518585205085,73.13517642021179,0.5636475148745206,0.9477968230617438,0.702942906907761,5.293529987335205,73.22573781013489
376,82,3,0.3402019832283258,991,3045,0.8916847510263324,0.4539034813642502,1.5856337462272494e-05,8,0.023438927065581,7,5,0.0008381559970788,7867,3338,0.5329230697825551,0.1845091786235571,60,332,0.6699770990703255,0.7210465787098743,True,RobustL2,onehot,0.9543308651261032,sobol,20,224,16,0.4584230587758514,0.8975782029805819,33578101,181.07736563682556,NVIDIA A100-SXM4-80GB,0.42656382789311525,0.8455152119944702,0.46653903400211055,4.894282941818237,36.11189675331116,0.4726067942439151,0.8874285866890237,0.3773297167617063,6.414518022537232,36.39764761924744,0.5110688581891221,1.0269938972477892,0.48746776903896477,9.455579245090485,36.15126919746399,0.45134855129302,0.8853340722294067,0.474083791842563,5.68698959350586,36.231151819229126,0.4305272622600846,0.8426192467422198,0.521031612834547,5.100433397293091,36.17231798171997
377,168,2,0.040842231363058,116,1057,0.0503456303849816,0.05627326015383,3.822471488360316e-06,8,0.0003625035285949,2,2,0.0007067946000024,2749,2634,0.057058397680521,0.0066055301576852,32,51,0.5043079552134498,0.5224064186175353,False,RobustL1,onehot,0.2417837024759501,simplex,20,454,17,0.9037472460765263,1.4694840501761104,2241748,67.91712069511414,NVIDIA A100-SXM4-80GB,0.8554437748979409,1.3302549264222074,0.765187320552837,6.81875216960907,13.604029893875122,0.9572687968187817,1.528238564437395,0.7486165955538899,9.037850515842438,13.576133489608765,0.9330940696030823,1.5739845798768073,0.8604810386990097,11.537447643280029,13.563799142837524,0.9034244419089098,1.548065152278443,0.8361356510298623,10.313964426517487,13.566607475280762,0.8695051471539167,1.366877027865699,0.9114488167718944,9.450253427028656,13.59267258644104
378,192,1,0.0383564420044422,115,1507,0.0686272047460079,0.0270719407126307,4.478321866318584e-06,5,0.0040354659780859,1,2,0.0002490242331288,2672,2590,0.0688448715955019,0.0683612804859876,59,46,0.5087101893750019,0.5934273164003157,False,RobustL1,mat2vec,0.6019519338104874,simplex,20,942,18,0.9253238190180518,1.5148772183921762,2045449,44.99980425834656,NVIDIA A100-SXM4-80GB,0.8804040683881986,1.3749781181558622,0.7766894701405441,7.108242630958557,8.953869819641113,0.99752399015116,1.6387807395900595,0.792631746348536,9.0398069190979,8.958269119262695,0.9639611530381617,1.6046059998027273,0.8480767608589933,11.529807817935943,9.132852554321289,0.9119382178653983,1.5295999508230038,0.807650654563538,10.305332362651825,8.969722986221313,0.8727916656473408,1.426421283589228,0.8746304092874337,9.84883451461792,8.972131967544556
379,87,6,0.1612881515175104,637,3246,0.9790483685210348,0.1412875102832913,3.014726739320904e-05,18,0.0940147410146892,5,9,0.0053468724831938,3457,3844,0.5743527114391327,0.1690751537680626,205,162,0.7443354086711071,0.902461981082894,False,RobustL1,onehot,0.1529099434334785,sobol,20,109,19,0.8063693518913547,1.386260301867115,37344126,24.92495059967041,NVIDIA L40S,0.7684978727318436,1.279240012307938,0.757288148561618,6.248551850318909,4.95499324798584,0.846087869867828,1.4260146523330788,0.6919481532855013,9.100683825016022,5.053988218307495,0.8458968885636098,1.498758727051676,0.81351676341836,11.578273546695709,4.939640045166016,0.796701064759564,1.4191518759258033,0.8293200105774226,10.281185030937195,4.933825731277466,0.7746630635339281,1.3081362417170788,1.0523277836729417,9.975016176700592,5.030089378356934
380,193,1,0.0002664858475327,164,1063,0.1125365793704986,0.0684827081859111,6.334811079967767e-06,6,0.0012099351733922,1,3,0.000238972056657,3242,3111,0.0203307066112756,0.0302709909155964,40,40,0.51317635675231,0.5521809989346191,True,RobustL2,onehot,0.4569717705156654,simplex,20,139,0,1.146962048251209,1.4440410976404645,2206189,61.390610456466675,NVIDIA A100-SXM4-80GB,1.075174990570118,1.332984341282089,0.8373334750087467,7.044340670108795,12.257561206817627,1.1930789080789632,1.5123646361059506,0.7837522894035615,8.36560584783554,12.234583377838135,1.1584805598890613,1.5263238520013702,1.0583420648972903,10.689669799804687,12.345060110092163,1.1358295735629451,1.4377775681508003,0.8280909579570184,9.523624777793884,12.262567281723022,1.1722462091549584,1.4107550906621116,1.325442643737365,8.88758373260498,12.279422044754028
381,19,2,0.0837028352543711,332,2447,0.2368826679885387,0.3075328264385462,7.357287938613445e-05,17,0.0226941976696252,7,5,0.0032185238225385,3988,3778,0.1002823775634169,0.3886338928714394,249,126,0.831045717236027,0.9018578905723988,True,RobustL1,onehot,0.573623190112412,sobol,20,296,1,0.6800704122066734,1.2197239536966236,6337108,46.398664236068726,NVIDIA A100-SXM4-80GB,0.6608694266716381,1.1241570754959107,0.6307431447134396,6.170687675476074,9.202891826629639,0.7156245615531516,1.2912219947207062,0.6635066192741331,8.588162498474121,9.346862077713013,0.7157790997737653,1.349835832131474,0.8923360745059673,10.83361188173294,9.291693449020386,0.6517246478698929,1.2140623643401067,0.761570166339007,9.350289249420166,9.319576025009155,0.6563543251649192,1.1193425017949188,0.8208724065559422,8.55947732925415,9.225046634674072
382,96,10,0.8707995302975178,852,3975,0.748863591812551,0.5119909886270761,2.5622908803913742e-05,9,0.0440941440872848,1,10,0.0012359934850595,7736,2583,0.1398867266252637,0.8269110899418592,157,392,0.6466490072810092,0.7749582453208976,True,RobustL2,mat2vec,0.1352876285370439,sobol,20,516,2,0.6922424466531931,1.1695925287408258,100181304,38.89216446876526,NVIDIA A100-SXM4-80GB,0.6182240684361204,1.0391231582967382,0.6408798156584831,5.3830952644348145,7.793453216552734,0.74300640032294,1.2385765418373957,0.6922469293519368,6.307536864280701,7.808832168579102,0.7629494996373739,1.2456562970504612,0.8518735160199606,6.466773223876952,7.8156044483184814,0.6757413237982801,1.1934962866503676,0.7900051195884178,7.561041879653931,7.711588382720947,0.6612909410712512,1.1311103598691667,0.9229903990380931,9.903685331344604,7.749017238616943
383,157,4,0.0,100,1024,0.0,0.0,1e-07,5,0.0,1,2,0.0001,2500,2500,0.0,0.0,160,56,0.5,0.5,True,RobustL2,mat2vec,0.7006294763460755,simplex,3,510,3,1.1416788731747638,1.4442867481544646,2590362,35.14920163154602,NVIDIA A100-SXM4-80GB,1.096647565986124,1.3399260126979837,0.8628298697256098,7.018756747245789,7.01794171333313,1.2001041232387613,1.5140286263568838,0.7858828975583746,8.340666608810425,7.008538246154785,1.1304873356524041,1.530837555178825,0.9965957238488918,10.840411376953124,6.999691009521484,1.1391374721382133,1.437961016652913,0.8312278530844103,9.502025127410889,6.996159076690674,1.142017868858317,1.3986805298857177,1.265952703150718,9.004104137420654,7.113797903060913
384,44,5,0.5291686290875077,791,1565,0.9761310247704388,0.3565035918727517,2.201032238388434e-05,6,0.0011281449347734,1,8,0.0027047118095681,7589,9021,0.0034137098118662,0.4133475450798869,237,125,0.558823147135228,0.7737022443979978,False,RobustL2,mat2vec,0.3145966220088303,sobol,20,704,4,0.707314168600784,1.1523250507707654,28143319,43.39419913291931,NVIDIA A100-SXM4-80GB,0.712971443947441,1.131460333049293,0.618828814047784,5.988423888683319,8.747260093688965,0.7356996830136198,1.2085375528619653,0.6457323969410185,8.061585621833801,8.735823154449463,0.7181930743431293,1.2044383848352653,0.8751807709648874,9.927004289627074,8.743894338607788,0.6689604165253757,1.1091065462969103,0.740111580977967,7.206953573226929,8.38033676147461,0.7007462251743544,1.1080824368103923,0.9887705244860024,7.0097739696502686,8.77515959739685
385,35,4,0.0644236421212554,112,2168,0.8090830296278,0.2108270656317472,4.429221688983962e-05,9,0.0397870755754411,2,4,0.0045670673505403,4262,3422,0.7218224927783012,0.1126675894483923,115,288,0.5661120481842198,0.714893798508402,False,RobustL2,magpie,0.2723264487832785,sobol,20,497,5,1.015648874938392,1.382200767167905,3786390,31.113242626190186,NVIDIA A100-SXM4-80GB,0.9497184101714632,1.2825912883836572,0.7389482347037444,6.931644797325134,6.263082265853882,1.1144410769895414,1.4505682235913309,0.7905305474060798,7.93016655921936,6.1967833042144775,1.0292663614149333,1.4815595217974764,1.0736677100433887,10.552228641510009,6.2405009269714355,1.0123727050938125,1.3892915199441014,0.7763269775714001,9.554070234298706,6.190576791763306,0.9724458210222099,1.30699328212296,1.1739962473559855,8.97416341304779,6.210357904434204
386,43,6,0.5996988201513886,236,1058,0.5813124962151051,0.7611399032175541,9.553718444425611e-06,8,0.0161067797802388,6,9,0.0049080127892084,4188,2535,0.0758573561906814,0.8764080917462707,243,348,0.6206573414150626,0.788885756718088,False,RobustL2,mat2vec,0.5958860601205379,sobol,20,255,6,0.526093093067457,0.976992205607111,6208824,45.97040152549744,NVIDIA A100-SXM4-80GB,0.4855291931365134,0.931963750227522,0.44475987889023066,4.866689405441284,9.365493297576904,0.5788322447151366,1.0323282480735885,0.4474419292796284,6.328724527359009,9.044927835464478,0.5463318177219582,1.0457482331354826,0.50726690368951,9.115440213680268,9.379103899002075,0.5323930429027343,0.9621915557434545,0.51720454089689,6.488063621520997,9.027946472167969,0.48737916686094324,0.9127292408555071,0.564700226533758,5.629526138305664,9.13707685470581
387,146,1,0.0,100,1024,0.0,0.5694334600120783,1e-07,5,0.0,1,2,0.0001,2500,3512,0.0,0.2359322691336274,32,61,0.5,0.5,True,RobustL1,magpie,0.3418157163914293,simplex,4,243,7,1.140086957996597,1.4444644008962257,1850190,47.58964800834656,NVIDIA A100-SXM4-80GB,1.1212206782683745,1.3469760694509285,0.8804592232959823,6.938414454460144,9.56229567527771,1.1882408916989056,1.516410629427648,0.7815520244081979,8.362531201839447,9.634730577468872,1.1510221908561054,1.5278621558125778,1.0474312352273314,10.741609942913055,9.499833345413208,1.132669960124485,1.4374110440775385,0.8224982748292765,9.629243791103363,9.299323558807373,1.1072810690351154,1.3936621057124348,1.183482634506646,9.120058119297028,9.579939842224121
388,121,5,0.0,100,1024,0.4951523579657078,0.1066058240830898,1e-07,5,0.0,1,2,0.0001,2500,2500,0.0,0.0,32,32,0.5,0.5,True,RobustL2,onehot,0.6810270901303739,simplex,3,664,8,1.1456473365248783,1.444923857291839,2837086,201.07618260383606,NVIDIA A100-SXM4-80GB,1.0762282317339662,1.3403623755173417,0.8386923649647863,7.08893346786499,40.13757395744324,1.2269806374452532,1.5181540732455885,0.8065484478954431,8.243575053215027,40.3237943649292,1.154888252471609,1.525967263592553,1.054420822804984,10.700215709209441,40.16507625579834,1.1258685737401732,1.4392443956776402,0.8277615564219057,9.544264912605286,40.31699061393738,1.14427098723339,1.4008911784260716,1.2667326443532398,8.930748224258423,40.12021589279175
389,138,1,0.0,100,1024,0.0,0.0,2.099492116831243e-06,5,0.0,1,2,0.0001,2500,2500,0.0,0.0,32,502,0.5,0.5,True,RobustL1,onehot,0.1385016470961272,simplex,2,825,9,1.1434113913817654,1.447553021297114,1850190,18.7121798992157,NVIDIA A100-SXM4-80GB,1.0667134183418738,1.337883755507711,0.8269187263519183,7.11180579662323,3.821841239929199,1.1660200055181398,1.5237995263148902,0.7626963924859785,8.494367854595184,3.787121057510376,1.1537228121716088,1.525519630047703,1.0453251475085672,10.730820250511169,3.761350393295288,1.1715318250915,1.44329652052654,0.8691012276484015,9.412854552268982,3.7498104572296143,1.1590688957857047,1.407265674088725,1.3001428920332054,8.942872762680054,3.57942271232605
390,105,1,0.0,100,1024,0.0,1.0,1e-07,5,0.0,1,2,0.0001,2500,2500,0.0,0.0,32,32,0.5,0.5,True,RobustL2,magpie,0.4878120381757617,simplex,1,984,10,1.149415465903168,1.444707064299142,1850190,63.387731075286865,NVIDIA A100-SXM4-80GB,1.1156542023152405,1.3454642698120436,0.8882623607803369,6.969589352607727,12.692858695983887,1.205417983909901,1.5146685633675039,0.7922440537878473,8.320782856941223,12.670121908187866,1.142242041353812,1.5261484885722798,1.0205975053562883,10.768759441375732,12.696027278900146,1.1664387546093018,1.4415341939959214,0.8544705202728257,9.385945320129395,12.673713207244873,1.117324347327585,1.3957198057479614,1.202246340303352,9.077194452285767,12.64274287223816
391,4,6,0.006893528625369,546,3674,0.7515398329123855,0.6194446990266442,8.621740272725002e-05,15,0.0655870469287037,8,3,0.0041665181167423,9726,9538,0.1136073991656303,0.9368172641843556,160,58,0.5306143237360753,0.649339364562463,False,RobustL2,magpie,0.1604104904085397,sobol,20,433,11,1.118577553168668,1.4319675655983546,33739778,36.04524278640747,NVIDIA A100-SXM4-80GB,1.0575235396228835,1.323409452893409,0.8186228190603475,7.062640845775604,7.201470613479614,1.1922174826325862,1.5017630531079775,0.7838412146053998,8.335131125450134,7.200098752975464,1.1237819037349424,1.509739291626951,1.0210348807256246,10.75252718925476,7.215327501296997,1.0868151726396542,1.431821998372681,0.788994301450389,9.612856566905975,7.217740058898926,1.1325496672132742,1.3931040319907537,1.2656427146221452,9.013872861862183,7.198949337005615
392,179,1,0.0646136226132512,165,1165,0.0228963335976004,0.061121866106987,1.0529751040972769e-06,9,0.0019048372283577,1,3,0.0003262750337831,2588,2544,0.0074663087725639,0.0161460097879171,37,34,0.5023529130171053,0.578586049283389,False,RobustL2,onehot,0.9556956925150007,simplex,20,768,12,0.7868591711789822,1.194036648480036,2239747,219.2060739994049,NVIDIA A100-SXM4-80GB,0.7643612878770446,1.134964109525881,0.6770987287785086,5.58394766330719,43.73679852485657,0.8101811433123196,1.2163313769611943,0.6396306933649444,6.905307369232178,43.90850305557251,0.8181582065384498,1.2819141597328072,1.0166844322667952,9.34079418182373,43.95568895339966,0.7725324716578349,1.2056657237050243,0.7860220683021665,8.373591804504395,43.77959990501404,0.7690627465092618,1.1313078724752732,0.8953779333242016,7.149680852890015,43.81287431716919
393,97,8,0.7129939068108797,444,1434,0.9847154738381504,0.6523158401250839,1.533314720010385e-05,19,0.0675350953824818,7,3,0.0017113768501207,8265,8518,0.3321002339944243,0.084593117237091,207,229,0.8295524260014295,0.8715213280566037,True,RobustL2,magpie,0.5279010387789458,sobol,20,845,13,0.5074605783605066,0.9825960454294922,19131286,130.72798442840576,NVIDIA A100-SXM4-80GB,0.48818243095204317,0.9024570314860609,0.5516309082768602,5.719371876716614,25.984700918197632,0.5037687001334469,0.9684616557297385,0.47811475554804594,6.403989160060883,26.079997777938843,0.5947843690972117,1.1334854107872268,0.5706628491668024,9.89408918619156,26.06076717376709,0.47818708053240944,0.9759335414008271,0.5119631202350343,6.600001311302185,26.283327341079712,0.47238031108742173,0.9326425877436074,0.5642195043003848,5.488367080688477,26.304672241210938
394,125,1,0.0,100,1024,0.0,0.0,1e-07,11,0.0,1,2,0.0011106947735883,2500,2500,0.0,0.0,125,32,0.5,0.5,True,RobustL2,magpie,0.3336546096485108,simplex,4,602,14,1.1386959842408655,1.4433452428838418,1850190,23.673314809799194,NVIDIA A100-SXM4-80GB,1.099218828150038,1.3386094661573742,0.8596966395997846,6.981815814971924,4.695409297943115,1.1854783710102823,1.5185418634221963,0.775191780324379,8.393893914222717,4.681116104125977,1.1493784269706693,1.5296867899480997,1.0195039923137008,10.777019035816192,4.692803621292114,1.128834596200564,1.4367569966299532,0.8280244924047192,9.544384598731995,4.706619024276733,1.1305696988727736,1.3931310982615857,1.243674060575162,9.057534158229828,4.721495151519775
395,161,2,0.0923140775412321,126,1586,0.0928233414888382,0.0047061499208211,3.036691972054541e-06,5,0.0019380029290914,1,2,0.0004586050822399,3493,2711,0.0105385594069957,0.0891920626163482,35,32,0.5067902431028896,0.520955228711199,True,RobustL2,magpie,0.2278412707243114,simplex,20,265,15,0.987122312185163,1.3670925510027083,2593732,41.89844870567322,NVIDIA A100-SXM4-80GB,0.9556473680246665,1.2757619066578372,0.7569091284453718,6.718509316444397,8.515902996063232,1.0393163530704899,1.44579427929776,0.725754193615642,7.990709619522095,8.327296018600464,1.015101633559868,1.4755959862010177,0.9738302206831354,10.859044742584228,8.343669176101685,0.9814347017549149,1.3550930603496125,0.8640804760158102,8.838353633880615,8.350458145141602,0.944111504515876,1.2832175225073135,1.1283475106823904,9.305157780647278,8.34771180152893
396,96,10,0.8707995302975178,852,3975,0.748863591812551,0.5119909886270761,2.5622908803913742e-05,9,0.0440941440872848,1,10,0.0012359934850595,7736,2583,0.1398867266252637,0.8269110899418592,157,392,0.6466490072810092,0.7749582453208976,True,RobustL2,mat2vec,0.1352876285370439,sobol,20,132,16,0.727537028167564,1.1748066953065326,100181304,38.78121614456177,NVIDIA A100-SXM4-80GB,0.6658612531831289,1.0644838159777803,0.5993163971493525,5.607901096343994,7.706177473068237,0.778298155823955,1.2519179652978443,0.6048090885058245,4.887841784954071,7.961244344711304,0.7974903719018775,1.3018716307610279,0.7736855360282614,9.1840989112854,7.71720290184021,0.6825082235887696,1.160289707030952,0.7314079077353114,6.0430768013000495,7.631125450134277,0.7135271363400895,1.0954703574650588,0.9619476140284606,6.345934867858887,7.751984357833862
397,58,6,0.4501271191984415,337,3070,0.5190925244241953,0.6582253696396947,3.981431924849749e-05,12,0.0995332627557218,3,4,0.0050969473054632,2928,3147,0.1717490581795573,0.6744756028056145,237,50,0.6044754912806675,0.917617093745526,False,RobustL2,magpie,0.4163165741134434,sobol,20,941,17,0.549797055672391,1.010106147469647,17258538,54.963170528411865,NVIDIA A100-SXM4-80GB,0.5141464472528907,0.9285635675425309,0.5402095546805143,4.970381069183349,10.918145895004272,0.564594001711774,1.0306567869758674,0.4726549539864045,8.902128236293793,11.114514589309692,0.5864477765404829,1.1111461190538399,0.6716678797736686,10.854504978656768,10.929826736450195,0.540436919527644,1.0432782441486756,0.5296216676667147,8.931490683555603,11.000980854034424,0.5433601333291633,0.9368860196273227,0.6231681997031238,5.946784019470215,10.986903190612793
398,23,10,0.1843538973480463,594,1043,0.8640526421368122,0.2800066443160176,9.98112220332958e-05,6,0.0341042249463498,3,8,0.0036003935278393,8045,7232,0.2337563140317797,0.2858189428225159,66,411,0.843026416750718,0.8735962745378725,False,RobustL1,onehot,0.6760305739473551,sobol,20,610,18,0.5652140468446508,1.1107995651685159,29141364,182.31855750083923,NVIDIA A100-SXM4-80GB,0.5495842851929763,1.0706817571467633,0.6081558137209214,6.215134208202362,36.437368869781494,0.5709573331472021,1.0863109862197264,0.566871997455339,6.400788092613221,36.51800894737244,0.6073071442183661,1.2419080970396725,0.8522181120144366,11.338949394226074,36.480648040771484,0.5761298990146086,1.159934784632572,0.6990082944982716,9.131898546218872,36.41950702667236,0.5220915726501009,0.9951622008038445,0.7432761813965818,7.518657684326172,36.45080924034119
399,86,9,0.0663598757237196,934,1089,0.1372658144682645,0.4757009008899331,3.727684169476852e-05,20,0.0881264987401664,7,7,0.0032388481874018,7132,4383,0.1664574975147843,0.2367834420874714,105,272,0.7004898055730387,0.8273320611692034,False,RobustL2,magpie,0.2350280145835131,sobol,20,111,19,0.7739093690129243,1.1930170593162228,53456175,77.38190221786499,NVIDIA L40S,0.6967489307736988,1.0906126723938547,0.6102665992766128,6.280938267707825,15.402604818344116,0.777135391487749,1.2186545200837342,0.6207618904296499,7.6151972579956055,15.498704433441162,0.8185811418883834,1.299678733281678,1.013082114678241,10.216619348526,15.52721643447876,0.7997007339681528,1.2204711082942274,0.7456264396934326,8.46579887866974,15.454025506973267,0.7773806469466374,1.1356682625276187,1.007574472434665,7.604316234588623,15.488049030303955
