optimizer,evaluations,runs,best_mae_median,best_mae_q25,best_mae_q75,gap_closed,gap_closed_q25,gap_closed_q75,cap,share_of_evaluations_meeting_cap,share_of_random_meeting_cap,median_random_meeting_cap,best_known_meeting_cap
random search,1,50,inf,,,-3.1377283236135693,-3.1377283236135693,-3.1377283236135693,157.0,0.25,0.24983,0.3377247978554564,0.23812339935281387
random search,2,50,inf,0.335292547599594,,-3.1377283236135693,-3.1377283236135693,0.02441984040814328,157.0,0.25,0.24983,0.3377247978554564,0.23812339935281387
random search,3,50,0.35278484163028545,0.3322625508396442,,-0.15120313571128724,-3.1377283236135693,0.05484106747424103,157.0,0.25,0.24983,0.3377247978554564,0.23812339935281387
random search,4,50,0.34650208234216484,0.3242776962191074,,-0.08812410888463183,-2.629894329247378,0.13500916491641685,157.0,0.25,0.24983,0.3377247978554564,0.23812339935281387
random search,5,50,0.33349896501893295,0.3165167360126955,0.36358424920608295,0.04242744479548005,-0.2596294001829752,0.2129293580370583,157.0,0.25,0.24983,0.3377247978554564,0.23812339935281387
random search,6,50,0.33349896501893295,0.3164158731792566,0.356822551637927,0.04242744479548005,-0.19174182360465467,0.2139420228686291,157.0,0.25,0.24983,0.3377247978554564,0.23812339935281387
random search,7,50,0.3329978326902425,0.3164158731792566,0.3507841553769856,0.047458823232170655,-0.13111620637718954,0.2139420228686291,157.0,0.25,0.24983,0.3377247978554564,0.23812339935281387
random search,8,50,0.32873434740437524,0.30988966293861486,0.34110746372742234,0.09026429935963831,-0.03396203188729516,0.2794653020469694,157.0,0.25,0.24983,0.3377247978554564,0.23812339935281387
random search,9,50,0.3240097948376171,0.30458322399502413,0.33594748873919156,0.13769890005586033,0.017844218484720193,0.33274205341155894,157.0,0.25,0.24983,0.3377247978554564,0.23812339935281387
random search,10,50,0.32374598181936265,0.304010683505041,0.3347583030680121,0.140347587948003,0.02978366601313965,0.33849037119213643,157.0,0.25,0.24983,0.3377247978554564,0.23812339935281387
random search,11,50,0.32264464357881134,0.304010683505041,0.3347583030680121,0.15140504554506795,0.02978366601313965,0.33849037119213643,157.0,0.25,0.24983,0.3377247978554564,0.23812339935281387
random search,12,50,0.32264464357881134,0.304010683505041,0.3347583030680121,0.15140504554506795,0.02978366601313965,0.33849037119213643,157.0,0.25,0.24983,0.3377247978554564,0.23812339935281387
random search,13,50,0.3224767859680552,0.304010683505041,0.3347583030680121,0.15309033925860688,0.02978366601313965,0.33849037119213643,157.0,0.25,0.24983,0.3377247978554564,0.23812339935281387
random search,14,50,0.3203532314390556,0.30258319936497086,0.33411731703328656,0.17441086849739287,0.03621917840916781,0.3528223400352476,157.0,0.25,0.24983,0.3377247978554564,0.23812339935281387
random search,15,50,0.31871822950613915,0.3022815806754672,0.3338129683263441,0.19082632006229264,0.03927484541302374,0.35585059761032245,157.0,0.25,0.24983,0.3377247978554564,0.23812339935281387
random search,16,50,0.31761641200909385,0.3022815806754672,0.33323984826223424,0.2018885894039836,0.04502898212923364,0.35585059761032245,157.0,0.25,0.24983,0.3377247978554564,0.23812339935281387
random search,17,50,0.3143673903667077,0.2989692009712934,0.32910730782962855,0.23450883059768524,0.08651976935443534,0.3891069549905442,157.0,0.25,0.24983,0.3377247978554564,0.23812339935281387
random search,18,50,0.31324006983432084,0.29661182492982907,0.328399104816835,0.2458271509158169,0.09363014153233991,0.41277505681344984,157.0,0.25,0.24983,0.3377247978554564,0.23812339935281387
random search,19,50,0.31324006983432084,0.29661182492982907,0.328399104816835,0.2458271509158169,0.09363014153233991,0.41277505681344984,157.0,0.25,0.24983,0.3377247978554564,0.23812339935281387
random search,20,50,0.31324006983432084,0.29661182492982907,0.328399104816835,0.2458271509158169,0.09363014153233991,0.41277505681344984,157.0,0.25,0.24983,0.3377247978554564,0.23812339935281387
random search,21,50,0.31324006983432084,0.29661182492982907,0.32807180245630346,0.2458271509158169,0.09691626366969966,0.41277505681344984,157.0,0.25,0.24983,0.3377247978554564,0.23812339935281387
random search,22,50,0.3115879164152484,0.2949109270470547,0.32567567384646673,0.2624148037390717,0.12097344204127806,0.4298521050110137,157.0,0.25,0.24983,0.3377247978554564,0.23812339935281387
random search,23,50,0.3115879164152484,0.2948438135947034,0.3244550103837228,0.2624148037390717,0.13322892721613283,0.43052592539265727,157.0,0.25,0.24983,0.3377247978554564,0.23812339935281387
random search,24,50,0.3115879164152484,0.2948438135947034,0.3244550103837228,0.2624148037390717,0.13322892721613283,0.43052592539265727,157.0,0.25,0.24983,0.3377247978554564,0.23812339935281387
random search,25,50,0.3115879164152484,0.2948438135947034,0.3240160043548532,0.2624148037390717,0.13763655638067604,0.43052592539265727,157.0,0.25,0.24983,0.3377247978554564,0.23812339935281387
random search,26,50,0.3099057933427254,0.29408375998218117,0.3240160043548532,0.27930335247243454,0.13763655638067604,0.43815687861167285,157.0,0.25,0.24983,0.3377247978554564,0.23812339935281387
random search,27,50,0.3059583778255416,0.29408375998218117,0.3231225469464701,0.3189354819056285,0.14660688633401986,0.43815687861167285,157.0,0.25,0.24983,0.3377247978554564,0.23812339935281387
random search,28,50,0.304126540533955,0.29408375998218117,0.3231225469464701,0.3373271643430791,0.14660688633401986,0.43815687861167285,157.0,0.25,0.24983,0.3377247978554564,0.23812339935281387
random search,29,50,0.2993773981765036,0.2936622663227192,0.3188067126079062,0.3850086470215114,0.18993794798020106,0.4423886832429185,157.0,0.25,0.24983,0.3377247978554564,0.23812339935281387
random search,30,50,0.2993773981765036,0.2936622663227192,0.3179321928844461,0.3850086470215114,0.19871814320443706,0.4423886832429185,157.0,0.25,0.24983,0.3377247978554564,0.23812339935281387
random search,31,50,0.2993773981765036,0.2936622663227192,0.3179321928844461,0.3850086470215114,0.19871814320443706,0.4423886832429185,157.0,0.25,0.24983,0.3377247978554564,0.23812339935281387
random search,32,50,0.2993773981765036,0.2936622663227192,0.3179321928844461,0.3850086470215114,0.19871814320443706,0.4423886832429185,157.0,0.25,0.24983,0.3377247978554564,0.23812339935281387
random search,33,50,0.2993773981765036,0.2936622663227192,0.3179321928844461,0.3850086470215114,0.19871814320443706,0.4423886832429185,157.0,0.25,0.24983,0.3377247978554564,0.23812339935281387
random search,34,50,0.2993773981765036,0.2936622663227192,0.3160232347071589,0.3850086470215114,0.21788412085119252,0.4423886832429185,157.0,0.25,0.24983,0.3377247978554564,0.23812339935281387
random search,35,50,0.2993773981765036,0.2936622663227192,0.31570024714137473,0.3850086470215114,0.2211269223644217,0.4423886832429185,157.0,0.25,0.24983,0.3377247978554564,0.23812339935281387
random search,36,50,0.2987704256361471,0.29208366860066926,0.31570024714137473,0.39110266326507237,0.2211269223644217,0.4582378354213196,157.0,0.25,0.24983,0.3377247978554564,0.23812339935281387
random search,37,50,0.2987704256361471,0.29120270725929026,0.31570024714137473,0.39110266326507237,0.2211269223644217,0.46708270461615903,157.0,0.25,0.24983,0.3377247978554564,0.23812339935281387
random search,38,50,0.2986622691023177,0.29120270725929026,0.31570024714137473,0.39218855699202193,0.2211269223644217,0.46708270461615903,157.0,0.25,0.24983,0.3377247978554564,0.23812339935281387
random search,39,50,0.29810928671549264,0.29120270725929026,0.31101155228003874,0.39774051103220953,0.26820151099292977,0.46708270461615903,157.0,0.25,0.24983,0.3377247978554564,0.23812339935281387
random search,40,50,0.29727667841758276,0.29096988975799526,0.310029446387012,0.4060999147195763,0.2780618734756983,0.46942019690838643,157.0,0.25,0.24983,0.3377247978554564,0.23812339935281387
random search,41,50,0.2967397289450744,0.29096988975799526,0.3072660144056186,0.4114908979846764,0.30580678492209823,0.46942019690838643,157.0,0.25,0.24983,0.3377247978554564,0.23812339935281387
random search,42,50,0.2967397289450744,0.29096988975799526,0.3072660144056186,0.4114908979846764,0.30580678492209823,0.46942019690838643,157.0,0.25,0.24983,0.3377247978554564,0.23812339935281387
random search,43,50,0.2967397289450744,0.29096988975799526,0.3072660144056186,0.4114908979846764,0.30580678492209823,0.46942019690838643,157.0,0.25,0.24983,0.3377247978554564,0.23812339935281387
random search,44,50,0.2963995272154242,0.29096988975799526,0.3072660144056186,0.4149065300417021,0.30580678492209823,0.46942019690838643,157.0,0.25,0.24983,0.3377247978554564,0.23812339935281387
random search,45,50,0.2963995272154242,0.29096988975799526,0.3072660144056186,0.4149065300417021,0.30580678492209823,0.46942019690838643,157.0,0.25,0.24983,0.3377247978554564,0.23812339935281387
random search,46,50,0.29578792205260795,0.29052173304940704,0.3072660144056186,0.4210470579058771,0.30580678492209823,0.4739196990772878,157.0,0.25,0.24983,0.3377247978554564,0.23812339935281387
random search,47,50,0.29505702486316787,0.2903079684489818,0.3072660144056186,0.4283852800636778,0.30580678492209823,0.47606589987003617,157.0,0.25,0.24983,0.3377247978554564,0.23812339935281387
random search,48,50,0.29505702486316787,0.2903079684489818,0.3072660144056186,0.4283852800636778,0.30580678492209823,0.47606589987003617,157.0,0.25,0.24983,0.3377247978554564,0.23812339935281387
random search,49,50,0.29505702486316787,0.2903079684489818,0.3072660144056186,0.4283852800636778,0.30580678492209823,0.47606589987003617,157.0,0.25,0.24983,0.3377247978554564,0.23812339935281387
random search,50,50,0.29505702486316787,0.2903079684489818,0.3072660144056186,0.4283852800636778,0.30580678492209823,0.47606589987003617,157.0,0.25,0.24983,0.3377247978554564,0.23812339935281387
random search,51,50,0.29505702486316787,0.2903079684489818,0.3072660144056186,0.4283852800636778,0.30580678492209823,0.47606589987003617,157.0,0.25,0.24983,0.3377247978554564,0.23812339935281387
random search,52,50,0.29505702486316787,0.29001417909490557,0.3067524396475914,0.4283852800636778,0.3109630855940569,0.4790155507634268,157.0,0.25,0.24983,0.3377247978554564,0.23812339935281387
random search,53,50,0.29505702486316787,0.29001417909490557,0.3067524396475914,0.4283852800636778,0.3109630855940569,0.4790155507634268,157.0,0.25,0.24983,0.3377247978554564,0.23812339935281387
random search,54,50,0.29505702486316787,0.29001417909490557,0.3067524396475914,0.4283852800636778,0.3109630855940569,0.4790155507634268,157.0,0.25,0.24983,0.3377247978554564,0.23812339935281387
random search,55,50,0.29505702486316787,0.29001417909490557,0.3067524396475914,0.4283852800636778,0.3109630855940569,0.4790155507634268,157.0,0.25,0.24983,0.3377247978554564,0.23812339935281387
random search,56,50,0.29505702486316787,0.29001417909490557,0.3067524396475914,0.4283852800636778,0.3109630855940569,0.4790155507634268,157.0,0.25,0.24983,0.3377247978554564,0.23812339935281387
random search,57,50,0.29505702486316787,0.29001417909490557,0.3066041103808083,0.4283852800636778,0.31245231435000803,0.4790155507634268,157.0,0.25,0.24983,0.3377247978554564,0.23812339935281387
random search,58,50,0.29505702486316787,0.29001417909490557,0.3066041103808083,0.4283852800636778,0.31245231435000803,0.4790155507634268,157.0,0.25,0.24983,0.3377247978554564,0.23812339935281387
random search,59,50,0.2939093513269199,0.2887839051844696,0.30400042878238526,0.43990794494089364,0.33859332880929793,0.4913675250221347,157.0,0.25,0.24983,0.3377247978554564,0.23812339935281387
random search,60,50,0.2939093513269199,0.2887839051844696,0.30400042878238526,0.43990794494089364,0.33859332880929793,0.4913675250221347,157.0,0.25,0.24983,0.3377247978554564,0.23812339935281387
random search,61,50,0.2939093513269199,0.2887839051844696,0.30400042878238526,0.43990794494089364,0.33859332880929793,0.4913675250221347,157.0,0.25,0.24983,0.3377247978554564,0.23812339935281387
random search,62,50,0.2939093513269199,0.2887839051844696,0.3039468067407874,0.43990794494089364,0.33913169516161823,0.4913675250221347,157.0,0.25,0.24983,0.3377247978554564,0.23812339935281387
random search,63,50,0.2939093513269199,0.2887839051844696,0.3039468067407874,0.43990794494089364,0.33913169516161823,0.4913675250221347,157.0,0.25,0.24983,0.3377247978554564,0.23812339935281387
random search,64,50,0.2939093513269199,0.2887839051844696,0.3039468067407874,0.43990794494089364,0.33913169516161823,0.4913675250221347,157.0,0.25,0.24983,0.3377247978554564,0.23812339935281387
random search,65,50,0.2937182945176082,0.2887839051844696,0.3039468067407874,0.44182615906422906,0.33913169516161823,0.4913675250221347,157.0,0.25,0.24983,0.3377247978554564,0.23812339935281387
random search,66,50,0.2937182945176082,0.2887839051844696,0.3039468067407874,0.44182615906422906,0.33913169516161823,0.4913675250221347,157.0,0.25,0.24983,0.3377247978554564,0.23812339935281387
random search,67,50,0.2937182945176082,0.2887839051844696,0.3039468067407874,0.44182615906422906,0.33913169516161823,0.4913675250221347,157.0,0.25,0.24983,0.3377247978554564,0.23812339935281387
random search,68,50,0.2935880898520389,0.2880612656900948,0.3018619972430918,0.44313341646750626,0.3600632235240462,0.4986228397590615,157.0,0.25,0.24983,0.3377247978554564,0.23812339935281387
random search,69,50,0.2935880898520389,0.2880612656900948,0.3018619972430918,0.44313341646750626,0.3600632235240462,0.4986228397590615,157.0,0.25,0.24983,0.3377247978554564,0.23812339935281387
random search,70,50,0.2935880898520389,0.2880612656900948,0.3018619972430918,0.44313341646750626,0.3600632235240462,0.4986228397590615,157.0,0.25,0.24983,0.3377247978554564,0.23812339935281387
random search,71,50,0.2935880898520389,0.2880612656900948,0.3018619972430918,0.44313341646750626,0.3600632235240462,0.4986228397590615,157.0,0.25,0.24983,0.3377247978554564,0.23812339935281387
random search,72,50,0.2935880898520389,0.2880612656900948,0.3018619972430918,0.44313341646750626,0.3600632235240462,0.4986228397590615,157.0,0.25,0.24983,0.3377247978554564,0.23812339935281387
random search,73,50,0.29338565844111497,0.2877973665515326,0.30172245524635516,0.44516583181475144,0.3614642279158968,0.5012723923007886,157.0,0.25,0.24983,0.3377247978554564,0.23812339935281387
random search,74,50,0.29315673300655376,0.28700053211348675,0.3014290106716388,0.44746424768041987,0.3644104172177326,0.5092726257314942,157.0,0.25,0.24983,0.3377247978554564,0.23812339935281387
random search,75,50,0.2926939182598746,0.28700053211348675,0.2990195103985188,0.4521109168400589,0.3886018473516787,0.5092726257314942,157.0,0.25,0.24983,0.3377247978554564,0.23812339935281387
random search,76,50,0.2926939182598746,0.28700053211348675,0.2981686519091269,0.4521109168400589,0.39714448332048324,0.5092726257314942,157.0,0.25,0.24983,0.3377247978554564,0.23812339935281387
random search,77,50,0.2926939182598746,0.28700053211348675,0.2981686519091269,0.4521109168400589,0.39714448332048324,0.5092726257314942,157.0,0.25,0.24983,0.3377247978554564,0.23812339935281387
random search,78,50,0.2926939182598746,0.28700053211348675,0.2981686519091269,0.4521109168400589,0.39714448332048324,0.5092726257314942,157.0,0.25,0.24983,0.3377247978554564,0.23812339935281387
random search,79,50,0.2926939182598746,0.28700053211348675,0.2981686519091269,0.4521109168400589,0.39714448332048324,0.5092726257314942,157.0,0.25,0.24983,0.3377247978554564,0.23812339935281387
random search,80,50,0.2926939182598746,0.28700053211348675,0.2981686519091269,0.4521109168400589,0.39714448332048324,0.5092726257314942,157.0,0.25,0.24983,0.3377247978554564,0.23812339935281387
random search,81,50,0.2920235683125687,0.28700053211348675,0.29647622617952807,0.4588412434959457,0.414136470933528,0.5092726257314942,157.0,0.25,0.24983,0.3377247978554564,0.23812339935281387
random search,82,50,0.2920235683125687,0.28700053211348675,0.29647622617952807,0.4588412434959457,0.414136470933528,0.5092726257314942,157.0,0.25,0.24983,0.3377247978554564,0.23812339935281387
random search,83,50,0.2920235683125687,0.28700053211348675,0.29647622617952807,0.4588412434959457,0.414136470933528,0.5092726257314942,157.0,0.25,0.24983,0.3377247978554564,0.23812339935281387
random search,84,50,0.2920235683125687,0.28700053211348675,0.29647622617952807,0.4588412434959457,0.414136470933528,0.5092726257314942,157.0,0.25,0.24983,0.3377247978554564,0.23812339935281387
random search,85,50,0.2919679762539641,0.28700053211348675,0.29629405684597926,0.4593993888577612,0.4159654546253979,0.5092726257314942,157.0,0.25,0.24983,0.3377247978554564,0.23812339935281387
random search,86,50,0.2919679762539641,0.28700053211348675,0.29629405684597926,0.4593993888577612,0.4159654546253979,0.5092726257314942,157.0,0.25,0.24983,0.3377247978554564,0.23812339935281387
random search,87,50,0.2919679762539641,0.28700053211348675,0.29629405684597926,0.4593993888577612,0.4159654546253979,0.5092726257314942,157.0,0.25,0.24983,0.3377247978554564,0.23812339935281387
random search,88,50,0.2919679762539641,0.2866590931570183,0.29629405684597926,0.4593993888577612,0.4159654546253979,0.512700679570109,157.0,0.25,0.24983,0.3377247978554564,0.23812339935281387
random search,89,50,0.2919679762539641,0.2866590931570183,0.29629405684597926,0.4593993888577612,0.4159654546253979,0.512700679570109,157.0,0.25,0.24983,0.3377247978554564,0.23812339935281387
random search,90,50,0.2919679762539641,0.2866590931570183,0.29629405684597926,0.4593993888577612,0.4159654546253979,0.512700679570109,157.0,0.25,0.24983,0.3377247978554564,0.23812339935281387
random search,91,50,0.2919679762539641,0.2866590931570183,0.29629405684597926,0.4593993888577612,0.4159654546253979,0.512700679570109,157.0,0.25,0.24983,0.3377247978554564,0.23812339935281387
random search,92,50,0.2919679762539641,0.2866590931570183,0.29629405684597926,0.4593993888577612,0.4159654546253979,0.512700679570109,157.0,0.25,0.24983,0.3377247978554564,0.23812339935281387
random search,93,50,0.2917355481256577,0.2866590931570183,0.29629405684597926,0.46173297183752404,0.4159654546253979,0.512700679570109,157.0,0.25,0.24983,0.3377247978554564,0.23812339935281387
random search,94,50,0.2917355481256577,0.2866590931570183,0.29629405684597926,0.46173297183752404,0.4159654546253979,0.512700679570109,157.0,0.25,0.24983,0.3377247978554564,0.23812339935281387
random search,95,50,0.2917355481256577,0.2866590931570183,0.29629405684597926,0.46173297183752404,0.4159654546253979,0.512700679570109,157.0,0.25,0.24983,0.3377247978554564,0.23812339935281387
random search,96,50,0.2916379254318756,0.2866590931570183,0.29589985171600164,0.46271310560321155,0.41992328188388967,0.512700679570109,157.0,0.25,0.24983,0.3377247978554564,0.23812339935281387
random search,97,50,0.2913271866478432,0.28627586988905124,0.29459971738549456,0.465832929106736,0.43297665613417735,0.5165482487180154,157.0,0.25,0.24983,0.3377247978554564,0.23812339935281387
random search,98,50,0.2913271866478432,0.28627586988905124,0.29459971738549456,0.465832929106736,0.43297665613417735,0.5165482487180154,157.0,0.25,0.24983,0.3377247978554564,0.23812339935281387
random search,99,50,0.2913271866478432,0.28627586988905124,0.29459971738549456,0.465832929106736,0.43297665613417735,0.5165482487180154,157.0,0.25,0.24983,0.3377247978554564,0.23812339935281387
random search,100,50,0.2913271866478432,0.28627586988905124,0.29459971738549456,0.465832929106736,0.43297665613417735,0.5165482487180154,157.0,0.25,0.24983,0.3377247978554564,0.23812339935281387
random search in the box,1,50,inf,,,-3.1377283236135693,-3.1377283236135693,-3.1377283236135693,157.0,0.0,0.24983,0.3377247978554564,0.23812339935281387
random search in the box,2,50,inf,,,-3.1377283236135693,-3.1377283236135693,-3.1377283236135693,157.0,0.0,0.24983,0.3377247978554564,0.23812339935281387
random search in the box,3,50,inf,,,-3.1377283236135693,-3.1377283236135693,-3.1377283236135693,157.0,0.0,0.24983,0.3377247978554564,0.23812339935281387
random search in the box,4,50,inf,,,-3.1377283236135693,-3.1377283236135693,-3.1377283236135693,157.0,0.0,0.24983,0.3377247978554564,0.23812339935281387
random search in the box,5,50,inf,,,-3.1377283236135693,-3.1377283236135693,-3.1377283236135693,157.0,0.0,0.24983,0.3377247978554564,0.23812339935281387
random search in the box,6,50,inf,,,-3.1377283236135693,-3.1377283236135693,-3.1377283236135693,157.0,0.0,0.24983,0.3377247978554564,0.23812339935281387
random search in the box,7,50,inf,,,-3.1377283236135693,-3.1377283236135693,-3.1377283236135693,157.0,0.0,0.24983,0.3377247978554564,0.23812339935281387
random search in the box,8,50,inf,,,-3.1377283236135693,-3.1377283236135693,-3.1377283236135693,157.0,0.0,0.24983,0.3377247978554564,0.23812339935281387
random search in the box,9,50,inf,,,-3.1377283236135693,-3.1377283236135693,-3.1377283236135693,157.0,0.0,0.24983,0.3377247978554564,0.23812339935281387
random search in the box,10,50,inf,,,-3.1377283236135693,-3.1377283236135693,-3.1377283236135693,157.0,0.0,0.24983,0.3377247978554564,0.23812339935281387
random search in the box,11,50,inf,,,-3.1377283236135693,-3.1377283236135693,-3.1377283236135693,157.0,0.0,0.24983,0.3377247978554564,0.23812339935281387
random search in the box,12,50,inf,,,-3.1377283236135693,-3.1377283236135693,-3.1377283236135693,157.0,0.0,0.24983,0.3377247978554564,0.23812339935281387
random search in the box,13,50,inf,,,-3.1377283236135693,-3.1377283236135693,-3.1377283236135693,157.0,0.0,0.24983,0.3377247978554564,0.23812339935281387
random search in the box,14,50,inf,,,-3.1377283236135693,-3.1377283236135693,-3.1377283236135693,157.0,0.0,0.24983,0.3377247978554564,0.23812339935281387
random search in the box,15,50,inf,,,-3.1377283236135693,-3.1377283236135693,-3.1377283236135693,157.0,0.0,0.24983,0.3377247978554564,0.23812339935281387
random search in the box,16,50,inf,,,-3.1377283236135693,-3.1377283236135693,-3.1377283236135693,157.0,0.0,0.24983,0.3377247978554564,0.23812339935281387
random search in the box,17,50,inf,,,-3.1377283236135693,-3.1377283236135693,-3.1377283236135693,157.0,0.0,0.24983,0.3377247978554564,0.23812339935281387
random search in the box,18,50,inf,,,-3.1377283236135693,-3.1377283236135693,-3.1377283236135693,157.0,0.0,0.24983,0.3377247978554564,0.23812339935281387
random search in the box,19,50,inf,,,-3.1377283236135693,-3.1377283236135693,-3.1377283236135693,157.0,0.0,0.24983,0.3377247978554564,0.23812339935281387
random search in the box,20,50,inf,,,-3.1377283236135693,-3.1377283236135693,-3.1377283236135693,157.0,0.0,0.24983,0.3377247978554564,0.23812339935281387
random search in the box,21,50,inf,,,-3.1377283236135693,-3.1377283236135693,-3.1377283236135693,157.0,0.0,0.24983,0.3377247978554564,0.23812339935281387
random search in the box,22,50,inf,,,-3.1377283236135693,-3.1377283236135693,-3.1377283236135693,157.0,0.0,0.24983,0.3377247978554564,0.23812339935281387
random search in the box,23,50,inf,,,-3.1377283236135693,-3.1377283236135693,-3.1377283236135693,157.0,0.0,0.24983,0.3377247978554564,0.23812339935281387
random search in the box,24,50,inf,,,-3.1377283236135693,-3.1377283236135693,-3.1377283236135693,157.0,0.0,0.24983,0.3377247978554564,0.23812339935281387
random search in the box,25,50,inf,,,-3.1377283236135693,-3.1377283236135693,-3.1377283236135693,157.0,0.0,0.24983,0.3377247978554564,0.23812339935281387
random search in the box,26,50,inf,,,-3.1377283236135693,-3.1377283236135693,-3.1377283236135693,157.0,0.0,0.24983,0.3377247978554564,0.23812339935281387
random search in the box,27,50,inf,,,-3.1377283236135693,-3.1377283236135693,-3.1377283236135693,157.0,0.0,0.24983,0.3377247978554564,0.23812339935281387
random search in the box,28,50,inf,,,-3.1377283236135693,-3.1377283236135693,-3.1377283236135693,157.0,0.0,0.24983,0.3377247978554564,0.23812339935281387
random search in the box,29,50,inf,,,-3.1377283236135693,-3.1377283236135693,-3.1377283236135693,157.0,0.0,0.24983,0.3377247978554564,0.23812339935281387
random search in the box,30,50,inf,,,-3.1377283236135693,-3.1377283236135693,-3.1377283236135693,157.0,0.0,0.24983,0.3377247978554564,0.23812339935281387
random search in the box,31,50,inf,,,-3.1377283236135693,-3.1377283236135693,-3.1377283236135693,157.0,0.0,0.24983,0.3377247978554564,0.23812339935281387
random search in the box,32,50,inf,,,-3.1377283236135693,-3.1377283236135693,-3.1377283236135693,157.0,0.0,0.24983,0.3377247978554564,0.23812339935281387
random search in the box,33,50,inf,,,-3.1377283236135693,-3.1377283236135693,-3.1377283236135693,157.0,0.0,0.24983,0.3377247978554564,0.23812339935281387
random search in the box,34,50,inf,,,-3.1377283236135693,-3.1377283236135693,-3.1377283236135693,157.0,0.0,0.24983,0.3377247978554564,0.23812339935281387
random search in the box,35,50,inf,,,-3.1377283236135693,-3.1377283236135693,-3.1377283236135693,157.0,0.0,0.24983,0.3377247978554564,0.23812339935281387
random search in the box,36,50,inf,,,-3.1377283236135693,-3.1377283236135693,-3.1377283236135693,157.0,0.0,0.24983,0.3377247978554564,0.23812339935281387
random search in the box,37,50,inf,,,-3.1377283236135693,-3.1377283236135693,-3.1377283236135693,157.0,0.0,0.24983,0.3377247978554564,0.23812339935281387
random search in the box,38,50,inf,,,-3.1377283236135693,-3.1377283236135693,-3.1377283236135693,157.0,0.0,0.24983,0.3377247978554564,0.23812339935281387
random search in the box,39,50,inf,,,-3.1377283236135693,-3.1377283236135693,-3.1377283236135693,157.0,0.0,0.24983,0.3377247978554564,0.23812339935281387
random search in the box,40,50,inf,,,-3.1377283236135693,-3.1377283236135693,-3.1377283236135693,157.0,0.0,0.24983,0.3377247978554564,0.23812339935281387
random search in the box,41,50,inf,,,-3.1377283236135693,-3.1377283236135693,-3.1377283236135693,157.0,0.0,0.24983,0.3377247978554564,0.23812339935281387
random search in the box,42,50,inf,,,-3.1377283236135693,-3.1377283236135693,-3.1377283236135693,157.0,0.0,0.24983,0.3377247978554564,0.23812339935281387
random search in the box,43,50,inf,,,-3.1377283236135693,-3.1377283236135693,-3.1377283236135693,157.0,0.0,0.24983,0.3377247978554564,0.23812339935281387
random search in the box,44,50,inf,,,-3.1377283236135693,-3.1377283236135693,-3.1377283236135693,157.0,0.0,0.24983,0.3377247978554564,0.23812339935281387
random search in the box,45,50,inf,,,-3.1377283236135693,-3.1377283236135693,-3.1377283236135693,157.0,0.0,0.24983,0.3377247978554564,0.23812339935281387
random search in the box,46,50,inf,,,-3.1377283236135693,-3.1377283236135693,-3.1377283236135693,157.0,0.0,0.24983,0.3377247978554564,0.23812339935281387
random search in the box,47,50,inf,,,-3.1377283236135693,-3.1377283236135693,-3.1377283236135693,157.0,0.0,0.24983,0.3377247978554564,0.23812339935281387
random search in the box,48,50,inf,,,-3.1377283236135693,-3.1377283236135693,-3.1377283236135693,157.0,0.0,0.24983,0.3377247978554564,0.23812339935281387
random search in the box,49,50,inf,,,-3.1377283236135693,-3.1377283236135693,-3.1377283236135693,157.0,0.0,0.24983,0.3377247978554564,0.23812339935281387
random search in the box,50,50,inf,,,-3.1377283236135693,-3.1377283236135693,-3.1377283236135693,157.0,0.0,0.24983,0.3377247978554564,0.23812339935281387
random search in the box,51,50,inf,,,-3.1377283236135693,-3.1377283236135693,-3.1377283236135693,157.0,0.0,0.24983,0.3377247978554564,0.23812339935281387
random search in the box,52,50,inf,,,-3.1377283236135693,-3.1377283236135693,-3.1377283236135693,157.0,0.0,0.24983,0.3377247978554564,0.23812339935281387
random search in the box,53,50,inf,,,-3.1377283236135693,-3.1377283236135693,-3.1377283236135693,157.0,0.0,0.24983,0.3377247978554564,0.23812339935281387
random search in the box,54,50,inf,,,-3.1377283236135693,-3.1377283236135693,-3.1377283236135693,157.0,0.0,0.24983,0.3377247978554564,0.23812339935281387
random search in the box,55,50,inf,,,-3.1377283236135693,-3.1377283236135693,-3.1377283236135693,157.0,0.0,0.24983,0.3377247978554564,0.23812339935281387
random search in the box,56,50,inf,,,-3.1377283236135693,-3.1377283236135693,-3.1377283236135693,157.0,0.0,0.24983,0.3377247978554564,0.23812339935281387
random search in the box,57,50,inf,,,-3.1377283236135693,-3.1377283236135693,-3.1377283236135693,157.0,0.0,0.24983,0.3377247978554564,0.23812339935281387
random search in the box,58,50,inf,,,-3.1377283236135693,-3.1377283236135693,-3.1377283236135693,157.0,0.0,0.24983,0.3377247978554564,0.23812339935281387
random search in the box,59,50,inf,,,-3.1377283236135693,-3.1377283236135693,-3.1377283236135693,157.0,0.0,0.24983,0.3377247978554564,0.23812339935281387
random search in the box,60,50,inf,,,-3.1377283236135693,-3.1377283236135693,-3.1377283236135693,157.0,0.0,0.24983,0.3377247978554564,0.23812339935281387
random search in the box,61,50,inf,,,-3.1377283236135693,-3.1377283236135693,-3.1377283236135693,157.0,0.0,0.24983,0.3377247978554564,0.23812339935281387
random search in the box,62,50,inf,,,-3.1377283236135693,-3.1377283236135693,-3.1377283236135693,157.0,0.0,0.24983,0.3377247978554564,0.23812339935281387
random search in the box,63,50,inf,,,-3.1377283236135693,-3.1377283236135693,-3.1377283236135693,157.0,0.0,0.24983,0.3377247978554564,0.23812339935281387
random search in the box,64,50,inf,,,-3.1377283236135693,-3.1377283236135693,-3.1377283236135693,157.0,0.0,0.24983,0.3377247978554564,0.23812339935281387
random search in the box,65,50,inf,,,-3.1377283236135693,-3.1377283236135693,-3.1377283236135693,157.0,0.0,0.24983,0.3377247978554564,0.23812339935281387
random search in the box,66,50,inf,,,-3.1377283236135693,-3.1377283236135693,-3.1377283236135693,157.0,0.0,0.24983,0.3377247978554564,0.23812339935281387
random search in the box,67,50,inf,,,-3.1377283236135693,-3.1377283236135693,-3.1377283236135693,157.0,0.0,0.24983,0.3377247978554564,0.23812339935281387
random search in the box,68,50,inf,,,-3.1377283236135693,-3.1377283236135693,-3.1377283236135693,157.0,0.0,0.24983,0.3377247978554564,0.23812339935281387
random search in the box,69,50,inf,,,-3.1377283236135693,-3.1377283236135693,-3.1377283236135693,157.0,0.0,0.24983,0.3377247978554564,0.23812339935281387
random search in the box,70,50,inf,,,-3.1377283236135693,-3.1377283236135693,-3.1377283236135693,157.0,0.0,0.24983,0.3377247978554564,0.23812339935281387
random search in the box,71,50,inf,,,-3.1377283236135693,-3.1377283236135693,-3.1377283236135693,157.0,0.0,0.24983,0.3377247978554564,0.23812339935281387
random search in the box,72,50,inf,,,-3.1377283236135693,-3.1377283236135693,-3.1377283236135693,157.0,0.0,0.24983,0.3377247978554564,0.23812339935281387
random search in the box,73,50,inf,,,-3.1377283236135693,-3.1377283236135693,-3.1377283236135693,157.0,0.0,0.24983,0.3377247978554564,0.23812339935281387
random search in the box,74,50,inf,,,-3.1377283236135693,-3.1377283236135693,-3.1377283236135693,157.0,0.0,0.24983,0.3377247978554564,0.23812339935281387
random search in the box,75,50,inf,,,-3.1377283236135693,-3.1377283236135693,-3.1377283236135693,157.0,0.0,0.24983,0.3377247978554564,0.23812339935281387
random search in the box,76,50,inf,,,-3.1377283236135693,-3.1377283236135693,-3.1377283236135693,157.0,0.0,0.24983,0.3377247978554564,0.23812339935281387
random search in the box,77,50,inf,,,-3.1377283236135693,-3.1377283236135693,-3.1377283236135693,157.0,0.0,0.24983,0.3377247978554564,0.23812339935281387
random search in the box,78,50,inf,,,-3.1377283236135693,-3.1377283236135693,-3.1377283236135693,157.0,0.0,0.24983,0.3377247978554564,0.23812339935281387
random search in the box,79,50,inf,,,-3.1377283236135693,-3.1377283236135693,-3.1377283236135693,157.0,0.0,0.24983,0.3377247978554564,0.23812339935281387
random search in the box,80,50,inf,,,-3.1377283236135693,-3.1377283236135693,-3.1377283236135693,157.0,0.0,0.24983,0.3377247978554564,0.23812339935281387
random search in the box,81,50,inf,,,-3.1377283236135693,-3.1377283236135693,-3.1377283236135693,157.0,0.0,0.24983,0.3377247978554564,0.23812339935281387
random search in the box,82,50,inf,,,-3.1377283236135693,-3.1377283236135693,-3.1377283236135693,157.0,0.0,0.24983,0.3377247978554564,0.23812339935281387
random search in the box,83,50,inf,,,-3.1377283236135693,-3.1377283236135693,-3.1377283236135693,157.0,0.0,0.24983,0.3377247978554564,0.23812339935281387
random search in the box,84,50,inf,,,-3.1377283236135693,-3.1377283236135693,-3.1377283236135693,157.0,0.0,0.24983,0.3377247978554564,0.23812339935281387
random search in the box,85,50,inf,,,-3.1377283236135693,-3.1377283236135693,-3.1377283236135693,157.0,0.0,0.24983,0.3377247978554564,0.23812339935281387
random search in the box,86,50,inf,,,-3.1377283236135693,-3.1377283236135693,-3.1377283236135693,157.0,0.0,0.24983,0.3377247978554564,0.23812339935281387
random search in the box,87,50,inf,,,-3.1377283236135693,-3.1377283236135693,-3.1377283236135693,157.0,0.0,0.24983,0.3377247978554564,0.23812339935281387
random search in the box,88,50,inf,,,-3.1377283236135693,-3.1377283236135693,-3.1377283236135693,157.0,0.0,0.24983,0.3377247978554564,0.23812339935281387
random search in the box,89,50,inf,,,-3.1377283236135693,-3.1377283236135693,-3.1377283236135693,157.0,0.0,0.24983,0.3377247978554564,0.23812339935281387
random search in the box,90,50,inf,,,-3.1377283236135693,-3.1377283236135693,-3.1377283236135693,157.0,0.0,0.24983,0.3377247978554564,0.23812339935281387
random search in the box,91,50,inf,,,-3.1377283236135693,-3.1377283236135693,-3.1377283236135693,157.0,0.0,0.24983,0.3377247978554564,0.23812339935281387
random search in the box,92,50,inf,,,-3.1377283236135693,-3.1377283236135693,-3.1377283236135693,157.0,0.0,0.24983,0.3377247978554564,0.23812339935281387
random search in the box,93,50,inf,,,-3.1377283236135693,-3.1377283236135693,-3.1377283236135693,157.0,0.0,0.24983,0.3377247978554564,0.23812339935281387
random search in the box,94,50,inf,,,-3.1377283236135693,-3.1377283236135693,-3.1377283236135693,157.0,0.0,0.24983,0.3377247978554564,0.23812339935281387
random search in the box,95,50,inf,,,-3.1377283236135693,-3.1377283236135693,-3.1377283236135693,157.0,0.0,0.24983,0.3377247978554564,0.23812339935281387
random search in the box,96,50,inf,,,-3.1377283236135693,-3.1377283236135693,-3.1377283236135693,157.0,0.0,0.24983,0.3377247978554564,0.23812339935281387
random search in the box,97,50,inf,,,-3.1377283236135693,-3.1377283236135693,-3.1377283236135693,157.0,0.0,0.24983,0.3377247978554564,0.23812339935281387
random search in the box,98,50,inf,,,-3.1377283236135693,-3.1377283236135693,-3.1377283236135693,157.0,0.0,0.24983,0.3377247978554564,0.23812339935281387
random search in the box,99,50,inf,,,-3.1377283236135693,-3.1377283236135693,-3.1377283236135693,157.0,0.0,0.24983,0.3377247978554564,0.23812339935281387
random search in the box,100,50,inf,,,-3.1377283236135693,-3.1377283236135693,-3.1377283236135693,157.0,0.0,0.24983,0.3377247978554564,0.23812339935281387
random-forest search,1,8,inf,,,-3.1377283236135693,-3.1377283236135693,-2.3425045731596725,157.0,0.675,0.24983,0.3377247978554564,0.23812339935281387
random-forest search,2,8,inf,0.3519174289411627,,-2.917320209018041,-3.1377283236135693,-0.14249429525158452,157.0,0.675,0.24983,0.3377247978554564,0.23812339935281387
random-forest search,3,8,0.4778079583922302,0.33242148847435116,,-1.4064376870477102,-3.1377283236135693,0.053245330495681226,157.0,0.675,0.24983,0.3377247978554564,0.23812339935281387
random-forest search,4,8,0.3422506435489818,0.3224585335191468,0.41473337953993705,-0.04543957978065323,-0.7731676747735383,0.1532735942046497,157.0,0.675,0.24983,0.3377247978554564,0.23812339935281387
random-forest search,5,8,0.33499935979228357,0.3224585335191468,0.38416618997225255,0.02736345176017299,-0.46627249029604767,0.1532735942046497,157.0,0.675,0.24983,0.3377247978554564,0.23812339935281387
random-forest search,6,8,0.3293895679167207,0.3163961945844914,0.3391358303141927,0.08368587252833187,-0.014166793638935402,0.2141395963471248,157.0,0.675,0.24983,0.3377247978554564,0.23812339935281387
random-forest search,7,8,0.32488501630128147,0.3163961945844914,0.33488584748235906,0.12891165934617144,0.02850311758445859,0.2141395963471248,157.0,0.675,0.24983,0.3377247978554564,0.23812339935281387
random-forest search,8,8,0.32488501630128147,0.3163961945844914,0.33488584748235906,0.12891165934617144,0.02850311758445859,0.2141395963471248,157.0,0.675,0.24983,0.3377247978554564,0.23812339935281387
random-forest search,9,8,0.32488501630128147,0.3163961945844914,0.33488584748235906,0.12891165934617144,0.02850311758445859,0.2141395963471248,157.0,0.675,0.24983,0.3377247978554564,0.23812339935281387
random-forest search,10,8,0.32170099082137626,0.3163961945844914,0.3244653563016325,0.160879337790172,0.13312505399682845,0.2141395963471248,157.0,0.675,0.24983,0.3377247978554564,0.23812339935281387
random-forest search,11,8,0.3186044565376562,0.31113005293837315,0.32444590848114413,0.19196860290363227,0.1333203104970455,0.26701176205249416,157.0,0.675,0.24983,0.3377247978554564,0.23812339935281387
random-forest search,12,8,0.3157693815195056,0.297453151549074,0.32444590848114413,0.22043281184820157,0.1333203104970455,0.40432812100840115,157.0,0.675,0.24983,0.3377247978554564,0.23812339935281387
random-forest search,13,8,0.3157693815195056,0.297453151549074,0.32247366536780536,0.22043281184820157,0.15312167014649303,0.40432812100840115,157.0,0.675,0.24983,0.3377247978554564,0.23812339935281387
random-forest search,14,8,0.3061016677578138,0.297453151549074,0.3145870120467913,0.31749684816728374,0.23230382460996502,0.40432812100840115,157.0,0.675,0.24983,0.3377247978554564,0.23812339935281387
random-forest search,15,8,0.3037646374638192,0.2914922780380118,0.3145870120467913,0.34096067828541743,0.23230382460996502,0.4641754083023041,157.0,0.675,0.24983,0.3377247978554564,0.23812339935281387
random-forest search,16,8,0.30190725740925695,0.2902820692051931,0.3145870120467913,0.3596088105655381,0.23230382460996502,0.47632592878708,157.0,0.675,0.24983,0.3377247978554564,0.23812339935281387
random-forest search,17,8,0.30190725740925695,0.290231987718282,0.3145870120467913,0.3596088105655381,0.23230382460996502,0.47682874790070684,157.0,0.675,0.24983,0.3377247978554564,0.23812339935281387
random-forest search,18,8,0.29643826463170286,0.2898641945705644,0.3106533906292249,0.4145176056203481,0.27179746101168706,0.48052139833781754,157.0,0.675,0.24983,0.3377247978554564,0.23812339935281387
random-forest search,19,8,0.294186510890956,0.2891618149987245,0.3106533906292249,0.43712525746659364,0.27179746101168706,0.4875733030540072,157.0,0.675,0.24983,0.3377247978554564,0.23812339935281387
random-forest search,20,8,0.294186510890956,0.2876056984235628,0.3106533906292249,0.43712525746659364,0.27179746101168706,0.5031967440754749,157.0,0.675,0.24983,0.3377247978554564,0.23812339935281387
random-forest search,21,8,0.294186510890956,0.2876056984235628,0.3106533906292249,0.43712525746659364,0.27179746101168706,0.5031967440754749,157.0,0.675,0.24983,0.3377247978554564,0.23812339935281387
random-forest search,22,8,0.294186510890956,0.2876056984235628,0.3106533906292249,0.43712525746659364,0.27179746101168706,0.5031967440754749,157.0,0.675,0.24983,0.3377247978554564,0.23812339935281387
random-forest search,23,8,0.294186510890956,0.2876056984235628,0.3106533906292249,0.43712525746659364,0.27179746101168706,0.5031967440754749,157.0,0.675,0.24983,0.3377247978554564,0.23812339935281387
random-forest search,24,8,0.2910721847436689,0.27391880569214094,0.30714238798468185,0.4683931532402099,0.3070479966198786,0.6406134163028104,157.0,0.675,0.24983,0.3377247978554564,0.23812339935281387
random-forest search,25,8,0.29101062715146386,0.27391880569214094,0.30714238798468185,0.4690111926767091,0.3070479966198786,0.6406134163028104,157.0,0.675,0.24983,0.3377247978554564,0.23812339935281387
random-forest search,26,8,0.29101062715146386,0.27391880569214094,0.30714238798468185,0.4690111926767091,0.3070479966198786,0.6406134163028104,157.0,0.675,0.24983,0.3377247978554564,0.23812339935281387
random-forest search,27,8,0.29017232440159546,0.2731736939270733,0.30714238798468185,0.4774277687737416,0.3070479966198786,0.6480943530794949,157.0,0.675,0.24983,0.3377247978554564,0.23812339935281387
random-forest search,28,8,0.29017232440159546,0.27089230899321715,0.30714238798468185,0.4774277687737416,0.3070479966198786,0.6709995026873659,157.0,0.675,0.24983,0.3377247978554564,0.23812339935281387
random-forest search,29,8,0.29017232440159546,0.27089230899321715,0.30714238798468185,0.4774277687737416,0.3070479966198786,0.6709995026873659,157.0,0.675,0.24983,0.3377247978554564,0.23812339935281387
random-forest search,30,8,0.2899315084454369,0.27089230899321715,0.30714238798468185,0.4798455657101188,0.3070479966198786,0.6709995026873659,157.0,0.675,0.24983,0.3377247978554564,0.23812339935281387
random-forest search,31,8,0.2899315084454369,0.27089230899321715,0.30714238798468185,0.4798455657101188,0.3070479966198786,0.6709995026873659,157.0,0.675,0.24983,0.3377247978554564,0.23812339935281387
random-forest search,32,8,0.2899315084454369,0.27089230899321715,0.30714238798468185,0.4798455657101188,0.3070479966198786,0.6709995026873659,157.0,0.675,0.24983,0.3377247978554564,0.23812339935281387
random-forest search,33,8,0.2898565870942468,0.27089230899321715,0.30714238798468185,0.4805977775496757,0.3070479966198786,0.6709995026873659,157.0,0.675,0.24983,0.3377247978554564,0.23812339935281387
random-forest search,34,8,0.2898565870942468,0.27089230899321715,0.30714238798468185,0.4805977775496757,0.3070479966198786,0.6709995026873659,157.0,0.675,0.24983,0.3377247978554564,0.23812339935281387
random-forest search,35,8,0.2898565870942468,0.27089230899321715,0.30714238798468185,0.4805977775496757,0.3070479966198786,0.6709995026873659,157.0,0.675,0.24983,0.3377247978554564,0.23812339935281387
random-forest search,36,8,0.28759077813217515,0.27089230899321715,0.30714238798468185,0.5033465440944698,0.3070479966198786,0.6709995026873659,157.0,0.675,0.24983,0.3377247978554564,0.23812339935281387
random-forest search,37,8,0.28759077813217515,0.27089230899321715,0.30714238798468185,0.5033465440944698,0.3070479966198786,0.6709995026873659,157.0,0.675,0.24983,0.3377247978554564,0.23812339935281387
random-forest search,38,8,0.28759077813217515,0.27089230899321715,0.30714238798468185,0.5033465440944698,0.3070479966198786,0.6709995026873659,157.0,0.675,0.24983,0.3377247978554564,0.23812339935281387
random-forest search,39,8,0.28759077813217515,0.27089230899321715,0.30714238798468185,0.5033465440944698,0.3070479966198786,0.6709995026873659,157.0,0.675,0.24983,0.3377247978554564,0.23812339935281387
random-forest search,40,8,0.28759077813217515,0.27089230899321715,0.30714238798468185,0.5033465440944698,0.3070479966198786,0.6709995026873659,157.0,0.675,0.24983,0.3377247978554564,0.23812339935281387
random-forest search,41,8,0.28759077813217515,0.27085163394856226,0.30714238798468185,0.5033465440944698,0.3070479966198786,0.6714078809357272,157.0,0.675,0.24983,0.3377247978554564,0.23812339935281387
random-forest search,42,8,0.28759077813217515,0.27085163394856226,0.30714238798468185,0.5033465440944698,0.3070479966198786,0.6714078809357272,157.0,0.675,0.24983,0.3377247978554564,0.23812339935281387
random-forest search,43,8,0.28759077813217515,0.27085163394856226,0.30714238798468185,0.5033465440944698,0.3070479966198786,0.6714078809357272,157.0,0.675,0.24983,0.3377247978554564,0.23812339935281387
random-forest search,44,8,0.28759077813217515,0.270688402600082,0.30714238798468185,0.5033465440944698,0.3070479966198786,0.6730467268850236,157.0,0.675,0.24983,0.3377247978554564,0.23812339935281387
random-forest search,45,8,0.28759077813217515,0.270688402600082,0.30714238798468185,0.5033465440944698,0.3070479966198786,0.6730467268850236,157.0,0.675,0.24983,0.3377247978554564,0.23812339935281387
random-forest search,46,8,0.28759077813217515,0.270688402600082,0.30714238798468185,0.5033465440944698,0.3070479966198786,0.6730467268850236,157.0,0.675,0.24983,0.3377247978554564,0.23812339935281387
random-forest search,47,8,0.28759077813217515,0.270688402600082,0.30714238798468185,0.5033465440944698,0.3070479966198786,0.6730467268850236,157.0,0.675,0.24983,0.3377247978554564,0.23812339935281387
random-forest search,48,8,0.28759077813217515,0.270688402600082,0.30714238798468185,0.5033465440944698,0.3070479966198786,0.6730467268850236,157.0,0.675,0.24983,0.3377247978554564,0.23812339935281387
random-forest search,49,8,0.28759077813217515,0.270688402600082,0.30714238798468185,0.5033465440944698,0.3070479966198786,0.6730467268850236,157.0,0.675,0.24983,0.3377247978554564,0.23812339935281387
random-forest search,50,8,0.28759077813217515,0.270688402600082,0.30714238798468185,0.5033465440944698,0.3070479966198786,0.6730467268850236,157.0,0.675,0.24983,0.3377247978554564,0.23812339935281387
random-forest search,51,8,0.28759077813217515,0.270688402600082,0.3004976060429055,0.5033465440944698,0.3737617380097652,0.6730467268850236,157.0,0.675,0.24983,0.3377247978554564,0.23812339935281387
random-forest search,52,8,0.2833514582019775,0.270688402600082,0.29312776540712865,0.5459093995757127,0.4477550829484039,0.6730467268850236,157.0,0.675,0.24983,0.3377247978554564,0.23812339935281387
random-forest search,53,8,0.27204261353370474,0.25673123906729994,0.2871174491769287,0.6594504224758357,0.5080987761149257,0.8131769232738998,157.0,0.675,0.24983,0.3377247978554564,0.23812339935281387
random-forest search,54,8,0.27163732288318343,0.25473589607977887,0.2871174491769287,0.6635195485786234,0.5080987761149257,0.8332102061144826,157.0,0.675,0.24983,0.3377247978554564,0.23812339935281387
random-forest search,55,8,0.2712681098534723,0.25473589607977887,0.2871174491769287,0.6672264546588764,0.5080987761149257,0.8332102061144826,157.0,0.675,0.24983,0.3377247978554564,0.23812339935281387
random-forest search,56,8,0.2712681098534723,0.25207743617135225,0.2871174491769287,0.6672264546588764,0.5080987761149257,0.8599011958836285,157.0,0.675,0.24983,0.3377247978554564,0.23812339935281387
random-forest search,57,8,0.2712681098534723,0.24864632298606723,0.2871174491769287,0.6672264546588764,0.5080987761149257,0.8943496397495446,157.0,0.675,0.24983,0.3377247978554564,0.23812339935281387
random-forest search,58,8,0.2712681098534723,0.24817158569005596,0.2868047354668954,0.6672264546588764,0.5112384279143435,0.8991160115389796,157.0,0.675,0.24983,0.3377247978554564,0.23812339935281387
random-forest search,59,8,0.2712681098534723,0.24817158569005596,0.2865962625346289,0.6672264546588764,0.5133315002546976,0.8991160115389796,157.0,0.675,0.24983,0.3377247978554564,0.23812339935281387
random-forest search,60,8,0.2712681098534723,0.24817158569005596,0.2865962625346289,0.6672264546588764,0.5133315002546976,0.8991160115389796,157.0,0.675,0.24983,0.3377247978554564,0.23812339935281387
random-forest search,61,8,0.2712681098534723,0.24817158569005596,0.2865962625346289,0.6672264546588764,0.5133315002546976,0.8991160115389796,157.0,0.675,0.24983,0.3377247978554564,0.23812339935281387
random-forest search,62,8,0.2712681098534723,0.24790419375565564,0.2865962625346289,0.6672264546588764,0.5133315002546976,0.9018006318196198,157.0,0.675,0.24983,0.3377247978554564,0.23812339935281387
random-forest search,63,8,0.2712681098534723,0.24790419375565564,0.2865962625346289,0.6672264546588764,0.5133315002546976,0.9018006318196198,157.0,0.675,0.24983,0.3377247978554564,0.23812339935281387
random-forest search,64,8,0.2712681098534723,0.24790419375565564,0.2865962625346289,0.6672264546588764,0.5133315002546976,0.9018006318196198,157.0,0.675,0.24983,0.3377247978554564,0.23812339935281387
random-forest search,65,8,0.2712681098534723,0.2474937716724444,0.2865962625346289,0.6672264546588764,0.5133315002546976,0.9059212776075434,157.0,0.675,0.24983,0.3377247978554564,0.23812339935281387
random-forest search,66,8,0.2712681098534723,0.247220557284328,0.2865962625346289,0.6672264546588764,0.5133315002546976,0.9086643554380134,157.0,0.675,0.24983,0.3377247978554564,0.23812339935281387
random-forest search,67,8,0.2618238924669555,0.247220557284328,0.2790934485487846,0.7620465829753102,0.5886599002434312,0.9086643554380134,157.0,0.675,0.24983,0.3377247978554564,0.23812339935281387
random-forest search,68,8,0.2618238924669555,0.247220557284328,0.2790934485487846,0.7620465829753102,0.5886599002434312,0.9086643554380134,157.0,0.675,0.24983,0.3377247978554564,0.23812339935281387
random-forest search,69,8,0.2618238924669555,0.247220557284328,0.2790934485487846,0.7620465829753102,0.5886599002434312,0.9086643554380134,157.0,0.675,0.24983,0.3377247978554564,0.23812339935281387
random-forest search,70,8,0.2618238924669555,0.247220557284328,0.2790934485487846,0.7620465829753102,0.5886599002434312,0.9086643554380134,157.0,0.675,0.24983,0.3377247978554564,0.23812339935281387
random-forest search,71,8,0.2618238924669555,0.247220557284328,0.2790934485487846,0.7620465829753102,0.5886599002434312,0.9086643554380134,157.0,0.675,0.24983,0.3377247978554564,0.23812339935281387
random-forest search,72,8,0.2618238924669555,0.247220557284328,0.2790934485487846,0.7620465829753102,0.5886599002434312,0.9086643554380134,157.0,0.675,0.24983,0.3377247978554564,0.23812339935281387
random-forest search,73,8,0.2618238924669555,0.247220557284328,0.2790934485487846,0.7620465829753102,0.5886599002434312,0.9086643554380134,157.0,0.675,0.24983,0.3377247978554564,0.23812339935281387
random-forest search,74,8,0.2618238924669555,0.247220557284328,0.2790934485487846,0.7620465829753102,0.5886599002434312,0.9086643554380134,157.0,0.675,0.24983,0.3377247978554564,0.23812339935281387
random-forest search,75,8,0.2618238924669555,0.247220557284328,0.2790934485487846,0.7620465829753102,0.5886599002434312,0.9086643554380134,157.0,0.675,0.24983,0.3377247978554564,0.23812339935281387
random-forest search,76,8,0.2618238924669555,0.247220557284328,0.2790934485487846,0.7620465829753102,0.5886599002434312,0.9086643554380134,157.0,0.675,0.24983,0.3377247978554564,0.23812339935281387
random-forest search,77,8,0.2618238924669555,0.247220557284328,0.2790934485487846,0.7620465829753102,0.5886599002434312,0.9086643554380134,157.0,0.675,0.24983,0.3377247978554564,0.23812339935281387
random-forest search,78,8,0.2618238924669555,0.247220557284328,0.2790934485487846,0.7620465829753102,0.5886599002434312,0.9086643554380134,157.0,0.675,0.24983,0.3377247978554564,0.23812339935281387
random-forest search,79,8,0.26094898421442336,0.247220557284328,0.2790934485487846,0.7708306790390707,0.5886599002434312,0.9086643554380134,157.0,0.675,0.24983,0.3377247978554564,0.23812339935281387
random-forest search,80,8,0.26094898421442336,0.247220557284328,0.2790934485487846,0.7708306790390707,0.5886599002434312,0.9086643554380134,157.0,0.675,0.24983,0.3377247978554564,0.23812339935281387
random-forest search,81,8,0.26094898421442336,0.247220557284328,0.2790934485487846,0.7708306790390707,0.5886599002434312,0.9086643554380134,157.0,0.675,0.24983,0.3377247978554564,0.23812339935281387
random-forest search,82,8,0.26094898421442336,0.247220557284328,0.2790934485487846,0.7708306790390707,0.5886599002434312,0.9086643554380134,157.0,0.675,0.24983,0.3377247978554564,0.23812339935281387
random-forest search,83,8,0.26094898421442336,0.247220557284328,0.2790934485487846,0.7708306790390707,0.5886599002434312,0.9086643554380134,157.0,0.675,0.24983,0.3377247978554564,0.23812339935281387
random-forest search,84,8,0.26094898421442336,0.247220557284328,0.2790934485487846,0.7708306790390707,0.5886599002434312,0.9086643554380134,157.0,0.675,0.24983,0.3377247978554564,0.23812339935281387
random-forest search,85,8,0.26094898421442336,0.247220557284328,0.27902038298357623,0.7708306790390707,0.5893934799552307,0.9086643554380134,157.0,0.675,0.24983,0.3377247978554564,0.23812339935281387
random-forest search,86,8,0.26094898421442336,0.247220557284328,0.27902038298357623,0.7708306790390707,0.5893934799552307,0.9086643554380134,157.0,0.675,0.24983,0.3377247978554564,0.23812339935281387
random-forest search,87,8,0.26094898421442336,0.247220557284328,0.27902038298357623,0.7708306790390707,0.5893934799552307,0.9086643554380134,157.0,0.675,0.24983,0.3377247978554564,0.23812339935281387
random-forest search,88,8,0.26072590761843495,0.247220557284328,0.27902038298357623,0.7730703724504289,0.5893934799552307,0.9086643554380134,157.0,0.675,0.24983,0.3377247978554564,0.23812339935281387
random-forest search,89,8,0.26072590761843495,0.24595930014492629,0.27902038298357623,0.7730703724504289,0.5893934799552307,0.9213274019249384,157.0,0.675,0.24983,0.3377247978554564,0.23812339935281387
random-forest search,90,8,0.26072590761843495,0.24595930014492629,0.27902038298357623,0.7730703724504289,0.5893934799552307,0.9213274019249384,157.0,0.675,0.24983,0.3377247978554564,0.23812339935281387
random-forest search,91,8,0.26072590761843495,0.24595930014492629,0.27902038298357623,0.7730703724504289,0.5893934799552307,0.9213274019249384,157.0,0.675,0.24983,0.3377247978554564,0.23812339935281387
random-forest search,92,8,0.2593580446900165,0.24595930014492629,0.27902038298357623,0.786803743155883,0.5893934799552307,0.9213274019249384,157.0,0.675,0.24983,0.3377247978554564,0.23812339935281387
random-forest search,93,8,0.2593580446900165,0.24595930014492629,0.27902038298357623,0.786803743155883,0.5893934799552307,0.9213274019249384,157.0,0.675,0.24983,0.3377247978554564,0.23812339935281387
random-forest search,94,8,0.2593580446900165,0.24595930014492629,0.27783761790560707,0.786803743155883,0.6012684646015332,0.9213274019249384,157.0,0.675,0.24983,0.3377247978554564,0.23812339935281387
random-forest search,95,8,0.2593580446900165,0.24595930014492629,0.27783761790560707,0.786803743155883,0.6012684646015332,0.9213274019249384,157.0,0.675,0.24983,0.3377247978554564,0.23812339935281387
random-forest search,96,8,0.2593580446900165,0.24595930014492629,0.27783761790560707,0.786803743155883,0.6012684646015332,0.9213274019249384,157.0,0.675,0.24983,0.3377247978554564,0.23812339935281387
random-forest search,97,8,0.2593580446900165,0.24595930014492629,0.27783761790560707,0.786803743155883,0.6012684646015332,0.9213274019249384,157.0,0.675,0.24983,0.3377247978554564,0.23812339935281387
random-forest search,98,8,0.2593580446900165,0.24595930014492629,0.27783761790560707,0.786803743155883,0.6012684646015332,0.9213274019249384,157.0,0.675,0.24983,0.3377247978554564,0.23812339935281387
random-forest search,99,8,0.2593580446900165,0.24595930014492629,0.27783761790560707,0.786803743155883,0.6012684646015332,0.9213274019249384,157.0,0.675,0.24983,0.3377247978554564,0.23812339935281387
random-forest search,100,8,0.2593580446900165,0.24595930014492629,0.27783761790560707,0.786803743155883,0.6012684646015332,0.9213274019249384,157.0,0.675,0.24983,0.3377247978554564,0.23812339935281387
"Ax, default start",1,4,inf,,,-3.1377283236135693,-3.1377283236135693,-3.1377283236135693,157.0,0.09,0.24983,0.3377247978554564,0.23812339935281387
"Ax, default start",2,4,inf,,,-3.1377283236135693,-3.1377283236135693,-3.1377283236135693,157.0,0.09,0.24983,0.3377247978554564,0.23812339935281387
"Ax, default start",3,4,inf,,,-3.1377283236135693,-3.1377283236135693,-3.1377283236135693,157.0,0.09,0.24983,0.3377247978554564,0.23812339935281387
"Ax, default start",4,4,inf,,,-3.1377283236135693,-3.1377283236135693,-2.268554061155861,157.0,0.09,0.24983,0.3377247978554564,0.23812339935281387
"Ax, default start",5,4,inf,,,-3.1377283236135693,-3.1377283236135693,-2.268554061155861,157.0,0.09,0.24983,0.3377247978554564,0.23812339935281387
"Ax, default start",6,4,inf,0.32545192909362325,,-1.5432123870025936,-3.1377283236135693,0.1232198437606029,157.0,0.09,0.24983,0.3377247978554564,0.23812339935281387
"Ax, default start",7,4,inf,0.32545192909362325,,-1.5432123870025936,-3.1377283236135693,0.1232198437606029,157.0,0.09,0.24983,0.3377247978554564,0.23812339935281387
"Ax, default start",8,4,inf,0.32545192909362325,,-1.5432123870025936,-3.1377283236135693,0.1232198437606029,157.0,0.09,0.24983,0.3377247978554564,0.23812339935281387
"Ax, default start",9,4,inf,0.32545192909362325,,-1.5432123870025936,-3.1377283236135693,0.1232198437606029,157.0,0.09,0.24983,0.3377247978554564,0.23812339935281387
"Ax, default start",10,4,inf,0.30381942943226614,,-1.3993797986981522,-3.1377283236135693,0.34041056584452173,157.0,0.09,0.24983,0.3377247978554564,0.23812339935281387
"Ax, default start",11,4,inf,0.30381942943226614,,-1.3993797986981522,-3.1377283236135693,0.34041056584452173,157.0,0.09,0.24983,0.3377247978554564,0.23812339935281387
"Ax, default start",12,4,inf,0.30381942943226614,,-1.3993797986981522,-3.1377283236135693,0.34041056584452173,157.0,0.09,0.24983,0.3377247978554564,0.23812339935281387
"Ax, default start",13,4,inf,0.3037341471058591,,-1.398808974541804,-3.1377283236135693,0.34126680207904403,157.0,0.09,0.24983,0.3377247978554564,0.23812339935281387
"Ax, default start",14,4,inf,0.3027652683946809,,-1.3964961194436385,-3.1377283236135693,0.3509943633958914,157.0,0.09,0.24983,0.3377247978554564,0.23812339935281387
"Ax, default start",15,4,inf,0.3027652683946809,,-1.3964961194436385,-3.1377283236135693,0.3509943633958914,157.0,0.09,0.24983,0.3377247978554564,0.23812339935281387
"Ax, default start",16,4,inf,0.30261793792676894,,-1.3964961194436385,-3.1377283236135693,0.35247356419153125,157.0,0.09,0.24983,0.3377247978554564,0.23812339935281387
"Ax, default start",17,4,inf,0.30261793792676894,,-1.3964961194436385,-3.1377283236135693,0.35247356419153125,157.0,0.09,0.24983,0.3377247978554564,0.23812339935281387
"Ax, default start",18,4,inf,0.30261793792676894,,-1.3964961194436385,-3.1377283236135693,0.35247356419153125,157.0,0.09,0.24983,0.3377247978554564,0.23812339935281387
"Ax, default start",19,4,inf,0.30261793792676894,,-1.3964961194436385,-3.1377283236135693,0.35247356419153125,157.0,0.09,0.24983,0.3377247978554564,0.23812339935281387
"Ax, default start",20,4,inf,0.30261793792676894,,-1.3964961194436385,-3.1377283236135693,0.35247356419153125,157.0,0.09,0.24983,0.3377247978554564,0.23812339935281387
"Ax, default start",21,4,inf,0.30261793792676894,,-1.3964961194436385,-3.1377283236135693,0.35247356419153125,157.0,0.09,0.24983,0.3377247978554564,0.23812339935281387
"Ax, default start",22,4,inf,0.3025575599662498,,-1.3964961194436385,-3.1377283236135693,0.3530797601027015,157.0,0.09,0.24983,0.3377247978554564,0.23812339935281387
"Ax, default start",23,4,inf,0.3025575599662498,,-1.3964961194436385,-3.1377283236135693,0.3530797601027015,157.0,0.09,0.24983,0.3377247978554564,0.23812339935281387
"Ax, default start",24,4,inf,0.3025575599662498,,-1.3964961194436385,-3.1377283236135693,0.3530797601027015,157.0,0.09,0.24983,0.3377247978554564,0.23812339935281387
"Ax, default start",25,4,inf,0.3025575599662498,,-1.3964961194436385,-3.1377283236135693,0.3530797601027015,157.0,0.09,0.24983,0.3377247978554564,0.23812339935281387
"Ax, default start",26,4,inf,0.3025575599662498,,-1.3964961194436385,-3.1377283236135693,0.3530797601027015,157.0,0.09,0.24983,0.3377247978554564,0.23812339935281387
"Ax, default start",27,4,inf,0.3025575599662498,,-1.3964961194436385,-3.1377283236135693,0.3530797601027015,157.0,0.09,0.24983,0.3377247978554564,0.23812339935281387
"Ax, default start",28,4,inf,0.30205169620504696,,-1.3964961194436385,-3.1377283236135693,0.35815864221487803,157.0,0.09,0.24983,0.3377247978554564,0.23812339935281387
"Ax, default start",29,4,inf,0.30205169620504696,,-1.3964961194436385,-3.1377283236135693,0.35815864221487803,157.0,0.09,0.24983,0.3377247978554564,0.23812339935281387
"Ax, default start",30,4,inf,0.30205169620504696,,-1.3964961194436385,-3.1377283236135693,0.35815864221487803,157.0,0.09,0.24983,0.3377247978554564,0.23812339935281387
"Ax, default start",31,4,inf,0.29723639080803277,,-1.3696510044664667,-3.1377283236135693,0.4065044031118642,157.0,0.09,0.24983,0.3377247978554564,0.23812339935281387
"Ax, default start",32,4,inf,0.29517870324110784,,-1.362143449392218,-3.1377283236135693,0.427163626755901,157.0,0.09,0.24983,0.3377247978554564,0.23812339935281387
"Ax, default start",33,4,inf,0.2949131739204893,,-1.3603661696577942,-3.1377283236135693,0.42982954635753684,157.0,0.09,0.24983,0.3377247978554564,0.23812339935281387
"Ax, default start",34,4,inf,0.2949131739204893,,-1.3603661696577942,-3.1377283236135693,0.42982954635753684,157.0,0.09,0.24983,0.3377247978554564,0.23812339935281387
"Ax, default start",35,4,inf,0.2949131739204893,,-1.3603661696577942,-3.1377283236135693,0.42982954635753684,157.0,0.09,0.24983,0.3377247978554564,0.23812339935281387
"Ax, default start",36,4,inf,0.2949131739204893,,-1.3603661696577942,-3.1377283236135693,0.42982954635753684,157.0,0.09,0.24983,0.3377247978554564,0.23812339935281387
"Ax, default start",37,4,inf,0.2949131739204893,,-1.3603661696577942,-3.1377283236135693,0.42982954635753684,157.0,0.09,0.24983,0.3377247978554564,0.23812339935281387
"Ax, default start",38,4,inf,0.2949131739204893,,-1.3603661696577942,-3.1377283236135693,0.42982954635753684,157.0,0.09,0.24983,0.3377247978554564,0.23812339935281387
"Ax, default start",39,4,inf,0.2949131739204893,,-1.3603661696577942,-3.1377283236135693,0.42982954635753684,157.0,0.09,0.24983,0.3377247978554564,0.23812339935281387
"Ax, default start",40,4,inf,0.29454304321115293,,-1.3603661696577942,-3.1377283236135693,0.43354566595927685,157.0,0.09,0.24983,0.3377247978554564,0.23812339935281387
"Ax, default start",41,4,inf,0.29454304321115293,,-1.3603661696577942,-3.1377283236135693,0.43354566595927685,157.0,0.09,0.24983,0.3377247978554564,0.23812339935281387
"Ax, default start",42,4,inf,0.29454304321115293,,-1.3603661696577942,-3.1377283236135693,0.43354566595927685,157.0,0.09,0.24983,0.3377247978554564,0.23812339935281387
"Ax, default start",43,4,inf,0.29454304321115293,,-1.3603661696577942,-3.1377283236135693,0.43354566595927685,157.0,0.09,0.24983,0.3377247978554564,0.23812339935281387
"Ax, default start",44,4,inf,0.29454304321115293,,-1.3603661696577942,-3.1377283236135693,0.43354566595927685,157.0,0.09,0.24983,0.3377247978554564,0.23812339935281387
"Ax, default start",45,4,inf,0.29454304321115293,,-1.3603661696577942,-3.1377283236135693,0.43354566595927685,157.0,0.09,0.24983,0.3377247978554564,0.23812339935281387
"Ax, default start",46,4,inf,0.29454304321115293,,-1.3603661696577942,-3.1377283236135693,0.43354566595927685,157.0,0.09,0.24983,0.3377247978554564,0.23812339935281387
"Ax, default start",47,4,inf,0.29186272122705614,,-1.3424258460318785,-3.1377283236135693,0.4604561513981503,157.0,0.09,0.24983,0.3377247978554564,0.23812339935281387
"Ax, default start",48,4,inf,0.29186272122705614,,-1.3424258460318785,-3.1377283236135693,0.4604561513981503,157.0,0.09,0.24983,0.3377247978554564,0.23812339935281387
"Ax, default start",49,4,inf,0.29186272122705614,,-1.3424258460318785,-3.1377283236135693,0.4604561513981503,157.0,0.09,0.24983,0.3377247978554564,0.23812339935281387
"Ax, default start",50,4,inf,0.29186272122705614,,-1.3424258460318785,-3.1377283236135693,0.4604561513981503,157.0,0.09,0.24983,0.3377247978554564,0.23812339935281387
"Ax, default start",51,4,inf,0.29186272122705614,,-1.3424258460318785,-3.1377283236135693,0.4604561513981503,157.0,0.09,0.24983,0.3377247978554564,0.23812339935281387
"Ax, default start",52,4,inf,0.29186272122705614,,-1.3424258460318785,-3.1377283236135693,0.4604561513981503,157.0,0.09,0.24983,0.3377247978554564,0.23812339935281387
"Ax, default start",53,4,inf,0.29186272122705614,,-1.3424258460318785,-3.1377283236135693,0.4604561513981503,157.0,0.09,0.24983,0.3377247978554564,0.23812339935281387
"Ax, default start",54,4,inf,0.29186272122705614,,-1.3424258460318785,-3.1377283236135693,0.4604561513981503,157.0,0.09,0.24983,0.3377247978554564,0.23812339935281387
"Ax, default start",55,4,inf,0.29186272122705614,,-1.3424258460318785,-3.1377283236135693,0.4604561513981503,157.0,0.09,0.24983,0.3377247978554564,0.23812339935281387
"Ax, default start",56,4,inf,0.29186272122705614,,-1.3424258460318785,-3.1377283236135693,0.4604561513981503,157.0,0.09,0.24983,0.3377247978554564,0.23812339935281387
"Ax, default start",57,4,inf,0.29186272122705614,,-1.3424258460318785,-3.1377283236135693,0.4604561513981503,157.0,0.09,0.24983,0.3377247978554564,0.23812339935281387
"Ax, default start",58,4,inf,0.29186272122705614,,-1.3424258460318785,-3.1377283236135693,0.4604561513981503,157.0,0.09,0.24983,0.3377247978554564,0.23812339935281387
"Ax, default start",59,4,inf,0.29186272122705614,,-1.3424258460318785,-3.1377283236135693,0.4604561513981503,157.0,0.09,0.24983,0.3377247978554564,0.23812339935281387
"Ax, default start",60,4,inf,0.29186272122705614,,-1.3424258460318785,-3.1377283236135693,0.4604561513981503,157.0,0.09,0.24983,0.3377247978554564,0.23812339935281387
"Ax, default start",61,4,inf,0.29186272122705614,,-1.3424258460318785,-3.1377283236135693,0.4604561513981503,157.0,0.09,0.24983,0.3377247978554564,0.23812339935281387
"Ax, default start",62,4,inf,0.29186272122705614,,-1.3424258460318785,-3.1377283236135693,0.4604561513981503,157.0,0.09,0.24983,0.3377247978554564,0.23812339935281387
"Ax, default start",63,4,inf,0.29186272122705614,,-1.3424258460318785,-3.1377283236135693,0.4604561513981503,157.0,0.09,0.24983,0.3377247978554564,0.23812339935281387
"Ax, default start",64,4,inf,0.29186272122705614,,-1.3424258460318785,-3.1377283236135693,0.4604561513981503,157.0,0.09,0.24983,0.3377247978554564,0.23812339935281387
"Ax, default start",65,4,inf,0.29186272122705614,,-1.3424258460318785,-3.1377283236135693,0.4604561513981503,157.0,0.09,0.24983,0.3377247978554564,0.23812339935281387
"Ax, default start",66,4,inf,0.29186272122705614,,-1.3424258460318785,-3.1377283236135693,0.4604561513981503,157.0,0.09,0.24983,0.3377247978554564,0.23812339935281387
"Ax, default start",67,4,inf,0.29186272122705614,,-1.3424258460318785,-3.1377283236135693,0.4604561513981503,157.0,0.09,0.24983,0.3377247978554564,0.23812339935281387
"Ax, default start",68,4,inf,0.29186272122705614,,-1.3424258460318785,-3.1377283236135693,0.4604561513981503,157.0,0.09,0.24983,0.3377247978554564,0.23812339935281387
"Ax, default start",69,4,inf,0.29186272122705614,,-1.3424258460318785,-3.1377283236135693,0.4604561513981503,157.0,0.09,0.24983,0.3377247978554564,0.23812339935281387
"Ax, default start",70,4,inf,0.29186272122705614,,-1.3424258460318785,-3.1377283236135693,0.4604561513981503,157.0,0.09,0.24983,0.3377247978554564,0.23812339935281387
"Ax, default start",71,4,inf,0.29186272122705614,,-1.3424258460318785,-3.1377283236135693,0.4604561513981503,157.0,0.09,0.24983,0.3377247978554564,0.23812339935281387
"Ax, default start",72,4,inf,0.29186272122705614,,-1.3424258460318785,-3.1377283236135693,0.4604561513981503,157.0,0.09,0.24983,0.3377247978554564,0.23812339935281387
"Ax, default start",73,4,inf,0.29186272122705614,,-1.3424258460318785,-3.1377283236135693,0.4604561513981503,157.0,0.09,0.24983,0.3377247978554564,0.23812339935281387
"Ax, default start",74,4,inf,0.29186272122705614,,-1.3424258460318785,-3.1377283236135693,0.4604561513981503,157.0,0.09,0.24983,0.3377247978554564,0.23812339935281387
"Ax, default start",75,4,inf,0.291406589120911,,-1.3393727958203863,-3.1377283236135693,0.4650357267153889,157.0,0.09,0.24983,0.3377247978554564,0.23812339935281387
"Ax, default start",76,4,inf,0.291406589120911,,-1.3393727958203863,-3.1377283236135693,0.4650357267153889,157.0,0.09,0.24983,0.3377247978554564,0.23812339935281387
"Ax, default start",77,4,inf,0.291406589120911,,-1.3393727958203863,-3.1377283236135693,0.4650357267153889,157.0,0.09,0.24983,0.3377247978554564,0.23812339935281387
"Ax, default start",78,4,inf,0.291406589120911,,-1.3393727958203863,-3.1377283236135693,0.4650357267153889,157.0,0.09,0.24983,0.3377247978554564,0.23812339935281387
"Ax, default start",79,4,inf,0.291406589120911,,-1.3393727958203863,-3.1377283236135693,0.4650357267153889,157.0,0.09,0.24983,0.3377247978554564,0.23812339935281387
"Ax, default start",80,4,inf,0.291406589120911,,-1.3393727958203863,-3.1377283236135693,0.4650357267153889,157.0,0.09,0.24983,0.3377247978554564,0.23812339935281387
"Ax, default start",81,4,inf,0.291406589120911,,-1.3393727958203863,-3.1377283236135693,0.4650357267153889,157.0,0.09,0.24983,0.3377247978554564,0.23812339935281387
"Ax, default start",82,4,inf,0.291406589120911,,-1.3393727958203863,-3.1377283236135693,0.4650357267153889,157.0,0.09,0.24983,0.3377247978554564,0.23812339935281387
"Ax, default start",83,4,inf,0.291406589120911,,-1.3393727958203863,-3.1377283236135693,0.4650357267153889,157.0,0.09,0.24983,0.3377247978554564,0.23812339935281387
"Ax, default start",84,4,inf,0.291406589120911,,-1.3393727958203863,-3.1377283236135693,0.4650357267153889,157.0,0.09,0.24983,0.3377247978554564,0.23812339935281387
"Ax, default start",85,4,inf,0.291406589120911,,-1.3393727958203863,-3.1377283236135693,0.4650357267153889,157.0,0.09,0.24983,0.3377247978554564,0.23812339935281387
"Ax, default start",86,4,inf,0.291406589120911,,-1.3393727958203863,-3.1377283236135693,0.4650357267153889,157.0,0.09,0.24983,0.3377247978554564,0.23812339935281387
"Ax, default start",87,4,inf,0.291406589120911,,-1.3393727958203863,-3.1377283236135693,0.4650357267153889,157.0,0.09,0.24983,0.3377247978554564,0.23812339935281387
"Ax, default start",88,4,inf,0.291406589120911,,-1.3393727958203863,-3.1377283236135693,0.4650357267153889,157.0,0.09,0.24983,0.3377247978554564,0.23812339935281387
"Ax, default start",89,4,inf,0.291406589120911,,-1.3393727958203863,-3.1377283236135693,0.4650357267153889,157.0,0.09,0.24983,0.3377247978554564,0.23812339935281387
"Ax, default start",90,4,inf,0.291406589120911,,-1.3393727958203863,-3.1377283236135693,0.4650357267153889,157.0,0.09,0.24983,0.3377247978554564,0.23812339935281387
"Ax, default start",91,4,inf,0.291406589120911,,-1.3393727958203863,-3.1377283236135693,0.4650357267153889,157.0,0.09,0.24983,0.3377247978554564,0.23812339935281387
"Ax, default start",92,4,inf,0.291406589120911,,-1.3393727958203863,-3.1377283236135693,0.4650357267153889,157.0,0.09,0.24983,0.3377247978554564,0.23812339935281387
"Ax, default start",93,4,inf,0.291406589120911,,-1.3393727958203863,-3.1377283236135693,0.4650357267153889,157.0,0.09,0.24983,0.3377247978554564,0.23812339935281387
"Ax, default start",94,4,inf,0.291406589120911,,-1.3393727958203863,-3.1377283236135693,0.4650357267153889,157.0,0.09,0.24983,0.3377247978554564,0.23812339935281387
"Ax, default start",95,4,inf,0.291406589120911,,-1.3393727958203863,-3.1377283236135693,0.4650357267153889,157.0,0.09,0.24983,0.3377247978554564,0.23812339935281387
"Ax, default start",96,4,inf,0.291406589120911,,-1.3393727958203863,-3.1377283236135693,0.4650357267153889,157.0,0.09,0.24983,0.3377247978554564,0.23812339935281387
"Ax, default start",97,4,inf,0.291406589120911,,-1.3393727958203863,-3.1377283236135693,0.4650357267153889,157.0,0.09,0.24983,0.3377247978554564,0.23812339935281387
"Ax, default start",98,4,inf,0.291406589120911,,-1.3393727958203863,-3.1377283236135693,0.4650357267153889,157.0,0.09,0.24983,0.3377247978554564,0.23812339935281387
"Ax, default start",99,4,inf,0.291406589120911,,-1.3393727958203863,-3.1377283236135693,0.4650357267153889,157.0,0.09,0.24983,0.3377247978554564,0.23812339935281387
"Ax, default start",100,4,inf,0.291406589120911,,-1.3393727958203863,-3.1377283236135693,0.4650357267153889,157.0,0.09,0.24983,0.3377247978554564,0.23812339935281387
"Ax, sparse start",1,4,inf,0.32810489776768287,,-1.5472808227057762,-3.1377283236135693,0.09658398609250753,157.0,0.2,0.24983,0.3377247978554564,0.23812339935281387
"Ax, sparse start",2,4,0.34575339807338246,0.32810489776768287,0.4201463483813645,-0.08060730410038397,-0.8275139884077168,0.09658398609250753,157.0,0.2,0.24983,0.3377247978554564,0.23812339935281387
"Ax, sparse start",3,4,0.33664085167341895,0.3210409960100715,0.41354143053903064,0.010882840987505658,-0.7612004833603092,0.16750569867693435,157.0,0.2,0.24983,0.3377247978554564,0.23812339935281387
"Ax, sparse start",4,4,0.33664085167341895,0.3210409960100715,0.41354143053903064,0.010882840987505658,-0.7612004833603092,0.16750569867693435,157.0,0.2,0.24983,0.3377247978554564,0.23812339935281387
"Ax, sparse start",5,4,0.3293895679167207,0.3210409960100715,0.4026645049039832,0.08368587252833187,-0.6519959360490699,0.16750569867693435,157.0,0.2,0.24983,0.3377247978554564,0.23812339935281387
"Ax, sparse start",6,4,0.3180751913591362,0.3070483161600185,0.3266981842888637,0.19728243570594917,0.11070741708812572,0.3079924795897725,157.0,0.2,0.24983,0.3377247978554564,0.23812339935281387
"Ax, sparse start",7,4,0.3180751913591362,0.3070483161600185,0.3266981842888637,0.19728243570594917,0.11070741708812572,0.3079924795897725,157.0,0.2,0.24983,0.3377247978554564,0.23812339935281387
"Ax, sparse start",8,4,0.3180751913591362,0.3070483161600185,0.3266981842888637,0.19728243570594917,0.11070741708812572,0.3079924795897725,157.0,0.2,0.24983,0.3377247978554564,0.23812339935281387
"Ax, sparse start",9,4,0.3180751913591362,0.3070483161600185,0.3266981842888637,0.19728243570594917,0.11070741708812572,0.3079924795897725,157.0,0.2,0.24983,0.3377247978554564,0.23812339935281387
"Ax, sparse start",10,4,0.3180751913591362,0.3070483161600185,0.3266981842888637,0.19728243570594917,0.11070741708812572,0.3079924795897725,157.0,0.2,0.24983,0.3377247978554564,0.23812339935281387
"Ax, sparse start",11,4,0.3180751913591362,0.3070483161600185,0.3266981842888637,0.19728243570594917,0.11070741708812572,0.3079924795897725,157.0,0.2,0.24983,0.3377247978554564,0.23812339935281387
"Ax, sparse start",12,4,0.31690278300567576,0.3070483161600185,0.32224818813081607,0.20905343863448095,0.1553854660407173,0.3079924795897725,157.0,0.2,0.24983,0.3377247978554564,0.23812339935281387
"Ax, sparse start",13,4,0.31690278300567576,0.3070483161600185,0.32224818813081607,0.20905343863448095,0.1553854660407173,0.3079924795897725,157.0,0.2,0.24983,0.3377247978554564,0.23812339935281387
"Ax, sparse start",14,4,0.31690278300567576,0.3070483161600185,0.32224818813081607,0.20905343863448095,0.1553854660407173,0.3079924795897725,157.0,0.2,0.24983,0.3377247978554564,0.23812339935281387
"Ax, sparse start",15,4,0.30671225121118145,0.28370634563618574,0.32224818813081607,0.31136657828606845,0.1553854660407173,0.5423463227560753,157.0,0.2,0.24983,0.3377247978554564,0.23812339935281387
"Ax, sparse start",16,4,0.29767249507804594,0.28370634563618574,0.3086885539311128,0.40212590766331313,0.29152446010658434,0.5423463227560753,157.0,0.2,0.24983,0.3377247978554564,0.23812339935281387
"Ax, sparse start",17,4,0.29767249507804594,0.28370634563618574,0.3086885539311128,0.40212590766331313,0.29152446010658434,0.5423463227560753,157.0,0.2,0.24983,0.3377247978554564,0.23812339935281387
"Ax, sparse start",18,4,0.29767249507804594,0.28370634563618574,0.3086885539311128,0.40212590766331313,0.29152446010658434,0.5423463227560753,157.0,0.2,0.24983,0.3377247978554564,0.23812339935281387
"Ax, sparse start",19,4,0.29767249507804594,0.28370634563618574,0.3086885539311128,0.40212590766331313,0.29152446010658434,0.5423463227560753,157.0,0.2,0.24983,0.3377247978554564,0.23812339935281387
"Ax, sparse start",20,4,0.29767249507804594,0.28370634563618574,0.3086885539311128,0.40212590766331313,0.29152446010658434,0.5423463227560753,157.0,0.2,0.24983,0.3377247978554564,0.23812339935281387
"Ax, sparse start",21,4,0.29767249507804594,0.28370634563618574,0.3086885539311128,0.40212590766331313,0.29152446010658434,0.5423463227560753,157.0,0.2,0.24983,0.3377247978554564,0.23812339935281387
"Ax, sparse start",22,4,0.2971237952338738,0.28370634563618574,0.3027594219215566,0.40763486489103296,0.35105306210105236,0.5423463227560753,157.0,0.2,0.24983,0.3377247978554564,0.23812339935281387
"Ax, sparse start",23,4,0.2971237952338738,0.28370634563618574,0.3027594219215566,0.40763486489103296,0.35105306210105236,0.5423463227560753,157.0,0.2,0.24983,0.3377247978554564,0.23812339935281387
"Ax, sparse start",24,4,0.2971237952338738,0.28370634563618574,0.3027594219215566,0.40763486489103296,0.35105306210105236,0.5423463227560753,157.0,0.2,0.24983,0.3377247978554564,0.23812339935281387
"Ax, sparse start",25,4,0.2971237952338738,0.28370634563618574,0.30274911416785866,0.40763486489103296,0.35115655215091984,0.5423463227560753,157.0,0.2,0.24983,0.3377247978554564,0.23812339935281387
"Ax, sparse start",26,4,0.2971237952338738,0.28185685817112294,0.30274911416785866,0.40763486489103296,0.35115655215091984,0.560915213282384,157.0,0.2,0.24983,0.3377247978554564,0.23812339935281387
"Ax, sparse start",27,4,0.2971237952338738,0.28185685817112294,0.30274911416785866,0.40763486489103296,0.35115655215091984,0.560915213282384,157.0,0.2,0.24983,0.3377247978554564,0.23812339935281387
"Ax, sparse start",28,4,0.2971237952338738,0.2795303545980415,0.30274911416785866,0.40763486489103296,0.35115655215091984,0.5842733549155031,157.0,0.2,0.24983,0.3377247978554564,0.23812339935281387
"Ax, sparse start",29,4,0.2971237952338738,0.2795303545980415,0.30274911416785866,0.40763486489103296,0.35115655215091984,0.5842733549155031,157.0,0.2,0.24983,0.3377247978554564,0.23812339935281387
"Ax, sparse start",30,4,0.2971237952338738,0.2795303545980415,0.30274911416785866,0.40763486489103296,0.35115655215091984,0.5842733549155031,157.0,0.2,0.24983,0.3377247978554564,0.23812339935281387
"Ax, sparse start",31,4,0.2971237952338738,0.2795303545980415,0.30274911416785866,0.40763486489103296,0.35115655215091984,0.5842733549155031,157.0,0.2,0.24983,0.3377247978554564,0.23812339935281387
"Ax, sparse start",32,4,0.2971237952338738,0.2795303545980415,0.30274911416785866,0.40763486489103296,0.35115655215091984,0.5842733549155031,157.0,0.2,0.24983,0.3377247978554564,0.23812339935281387
"Ax, sparse start",33,4,0.2971237952338738,0.2795303545980415,0.30274911416785866,0.40763486489103296,0.35115655215091984,0.5842733549155031,157.0,0.2,0.24983,0.3377247978554564,0.23812339935281387
"Ax, sparse start",34,4,0.2971237952338738,0.2795303545980415,0.30274911416785866,0.40763486489103296,0.35115655215091984,0.5842733549155031,157.0,0.2,0.24983,0.3377247978554564,0.23812339935281387
"Ax, sparse start",35,4,0.2971237952338738,0.2795303545980415,0.30274911416785866,0.40763486489103296,0.35115655215091984,0.5842733549155031,157.0,0.2,0.24983,0.3377247978554564,0.23812339935281387
"Ax, sparse start",36,4,0.2971237952338738,0.2795303545980415,0.30274911416785866,0.40763486489103296,0.35115655215091984,0.5842733549155031,157.0,0.2,0.24983,0.3377247978554564,0.23812339935281387
"Ax, sparse start",37,4,0.2971237952338738,0.2795303545980415,0.30274911416785866,0.40763486489103296,0.35115655215091984,0.5842733549155031,157.0,0.2,0.24983,0.3377247978554564,0.23812339935281387
"Ax, sparse start",38,4,0.2971237952338738,0.2795303545980415,0.30274911416785866,0.40763486489103296,0.35115655215091984,0.5842733549155031,157.0,0.2,0.24983,0.3377247978554564,0.23812339935281387
"Ax, sparse start",39,4,0.2971237952338738,0.2795303545980415,0.30274911416785866,0.40763486489103296,0.35115655215091984,0.5842733549155031,157.0,0.2,0.24983,0.3377247978554564,0.23812339935281387
"Ax, sparse start",40,4,0.2971237952338738,0.2795303545980415,0.30274911416785866,0.40763486489103296,0.35115655215091984,0.5842733549155031,157.0,0.2,0.24983,0.3377247978554564,0.23812339935281387
"Ax, sparse start",41,4,0.2971237952338738,0.2795303545980415,0.30274911416785866,0.40763486489103296,0.35115655215091984,0.5842733549155031,157.0,0.2,0.24983,0.3377247978554564,0.23812339935281387
"Ax, sparse start",42,4,0.2971237952338738,0.2795303545980415,0.30274911416785866,0.40763486489103296,0.35115655215091984,0.5842733549155031,157.0,0.2,0.24983,0.3377247978554564,0.23812339935281387
"Ax, sparse start",43,4,0.2971237952338738,0.2795303545980415,0.30274911416785866,0.40763486489103296,0.35115655215091984,0.5842733549155031,157.0,0.2,0.24983,0.3377247978554564,0.23812339935281387
"Ax, sparse start",44,4,0.2971237952338738,0.2795303545980415,0.30274911416785866,0.40763486489103296,0.35115655215091984,0.5842733549155031,157.0,0.2,0.24983,0.3377247978554564,0.23812339935281387
"Ax, sparse start",45,4,0.28904574744044587,0.27545519805629465,0.2944431568510754,0.48873862362202736,0.43454852697909335,0.6251880067478136,157.0,0.2,0.24983,0.3377247978554564,0.23812339935281387
"Ax, sparse start",46,4,0.28904574744044587,0.27485272901055047,0.2944431568510754,0.48873862362202736,0.43454852697909335,0.631236807816889,157.0,0.2,0.24983,0.3377247978554564,0.23812339935281387
"Ax, sparse start",47,4,0.28904574744044587,0.27485272901055047,0.2944431568510754,0.48873862362202736,0.43454852697909335,0.631236807816889,157.0,0.2,0.24983,0.3377247978554564,0.23812339935281387
"Ax, sparse start",48,4,0.28904574744044587,0.27485272901055047,0.2944431568510754,0.48873862362202736,0.43454852697909335,0.631236807816889,157.0,0.2,0.24983,0.3377247978554564,0.23812339935281387
"Ax, sparse start",49,4,0.28904574744044587,0.27485272901055047,0.2944431568510754,0.48873862362202736,0.43454852697909335,0.631236807816889,157.0,0.2,0.24983,0.3377247978554564,0.23812339935281387
"Ax, sparse start",50,4,0.28904574744044587,0.27485272901055047,0.2944431568510754,0.48873862362202736,0.43454852697909335,0.631236807816889,157.0,0.2,0.24983,0.3377247978554564,0.23812339935281387
"Ax, sparse start",51,4,0.28904574744044587,0.27485272901055047,0.2944431568510754,0.48873862362202736,0.43454852697909335,0.631236807816889,157.0,0.2,0.24983,0.3377247978554564,0.23812339935281387
"Ax, sparse start",52,4,0.28904574744044587,0.27485272901055047,0.2944431568510754,0.48873862362202736,0.43454852697909335,0.631236807816889,157.0,0.2,0.24983,0.3377247978554564,0.23812339935281387
"Ax, sparse start",53,4,0.28141866449861813,0.2634121045978089,0.2944431568510754,0.5653146863730474,0.43454852697909335,0.746100901943419,157.0,0.2,0.24983,0.3377247978554564,0.23812339935281387
"Ax, sparse start",54,4,0.28141866449861813,0.2634121045978089,0.2944431568510754,0.5653146863730474,0.43454852697909335,0.746100901943419,157.0,0.2,0.24983,0.3377247978554564,0.23812339935281387
"Ax, sparse start",55,4,0.28141866449861813,0.2634121045978089,0.2944431568510754,0.5653146863730474,0.43454852697909335,0.746100901943419,157.0,0.2,0.24983,0.3377247978554564,0.23812339935281387
"Ax, sparse start",56,4,0.28141866449861813,0.2634121045978089,0.2944431568510754,0.5653146863730474,0.43454852697909335,0.746100901943419,157.0,0.2,0.24983,0.3377247978554564,0.23812339935281387
"Ax, sparse start",57,4,0.28141866449861813,0.2634121045978089,0.2944431568510754,0.5653146863730474,0.43454852697909335,0.746100901943419,157.0,0.2,0.24983,0.3377247978554564,0.23812339935281387
"Ax, sparse start",58,4,0.28141866449861813,0.2634121045978089,0.2944431568510754,0.5653146863730474,0.43454852697909335,0.746100901943419,157.0,0.2,0.24983,0.3377247978554564,0.23812339935281387
"Ax, sparse start",59,4,0.28141866449861813,0.2634121045978089,0.2944431568510754,0.5653146863730474,0.43454852697909335,0.746100901943419,157.0,0.2,0.24983,0.3377247978554564,0.23812339935281387
"Ax, sparse start",60,4,0.28141866449861813,0.2634121045978089,0.2944431568510754,0.5653146863730474,0.43454852697909335,0.746100901943419,157.0,0.2,0.24983,0.3377247978554564,0.23812339935281387
"Ax, sparse start",61,4,0.28141866449861813,0.2634121045978089,0.2944431568510754,0.5653146863730474,0.43454852697909335,0.746100901943419,157.0,0.2,0.24983,0.3377247978554564,0.23812339935281387
"Ax, sparse start",62,4,0.28141866449861813,0.2634121045978089,0.2944431568510754,0.5653146863730474,0.43454852697909335,0.746100901943419,157.0,0.2,0.24983,0.3377247978554564,0.23812339935281387
"Ax, sparse start",63,4,0.28141866449861813,0.2634121045978089,0.2944431568510754,0.5653146863730474,0.43454852697909335,0.746100901943419,157.0,0.2,0.24983,0.3377247978554564,0.23812339935281387
"Ax, sparse start",64,4,0.28141866449861813,0.2634121045978089,0.2944431568510754,0.5653146863730474,0.43454852697909335,0.746100901943419,157.0,0.2,0.24983,0.3377247978554564,0.23812339935281387
"Ax, sparse start",65,4,0.28141866449861813,0.2634121045978089,0.2944431568510754,0.5653146863730474,0.43454852697909335,0.746100901943419,157.0,0.2,0.24983,0.3377247978554564,0.23812339935281387
"Ax, sparse start",66,4,0.28141866449861813,0.2634121045978089,0.2944431568510754,0.5653146863730474,0.43454852697909335,0.746100901943419,157.0,0.2,0.24983,0.3377247978554564,0.23812339935281387
"Ax, sparse start",67,4,0.28141866449861813,0.2634121045978089,0.2944431568510754,0.5653146863730474,0.43454852697909335,0.746100901943419,157.0,0.2,0.24983,0.3377247978554564,0.23812339935281387
"Ax, sparse start",68,4,0.28141866449861813,0.2634121045978089,0.2944431568510754,0.5653146863730474,0.43454852697909335,0.746100901943419,157.0,0.2,0.24983,0.3377247978554564,0.23812339935281387
"Ax, sparse start",69,4,0.28141866449861813,0.2634121045978089,0.2944431568510754,0.5653146863730474,0.43454852697909335,0.746100901943419,157.0,0.2,0.24983,0.3377247978554564,0.23812339935281387
"Ax, sparse start",70,4,0.28141866449861813,0.2634121045978089,0.2944431568510754,0.5653146863730474,0.43454852697909335,0.746100901943419,157.0,0.2,0.24983,0.3377247978554564,0.23812339935281387
"Ax, sparse start",71,4,0.28141866449861813,0.2634121045978089,0.2944431568510754,0.5653146863730474,0.43454852697909335,0.746100901943419,157.0,0.2,0.24983,0.3377247978554564,0.23812339935281387
"Ax, sparse start",72,4,0.28141866449861813,0.2634121045978089,0.2944431568510754,0.5653146863730474,0.43454852697909335,0.746100901943419,157.0,0.2,0.24983,0.3377247978554564,0.23812339935281387
"Ax, sparse start",73,4,0.28141866449861813,0.2634121045978089,0.2944431568510754,0.5653146863730474,0.43454852697909335,0.746100901943419,157.0,0.2,0.24983,0.3377247978554564,0.23812339935281387
"Ax, sparse start",74,4,0.28141866449861813,0.2634121045978089,0.2944431568510754,0.5653146863730474,0.43454852697909335,0.746100901943419,157.0,0.2,0.24983,0.3377247978554564,0.23812339935281387
"Ax, sparse start",75,4,0.28141866449861813,0.2634121045978089,0.2944431568510754,0.5653146863730474,0.43454852697909335,0.746100901943419,157.0,0.2,0.24983,0.3377247978554564,0.23812339935281387
"Ax, sparse start",76,4,0.28141866449861813,0.2634121045978089,0.2944431568510754,0.5653146863730474,0.43454852697909335,0.746100901943419,157.0,0.2,0.24983,0.3377247978554564,0.23812339935281387
"Ax, sparse start",77,4,0.28050642371190404,0.2634121045978089,0.29039415728820595,0.5744736018142784,0.4752005622290003,0.746100901943419,157.0,0.2,0.24983,0.3377247978554564,0.23812339935281387
"Ax, sparse start",78,4,0.28050642371190404,0.2634121045978089,0.29039415728820595,0.5744736018142784,0.4752005622290003,0.746100901943419,157.0,0.2,0.24983,0.3377247978554564,0.23812339935281387
"Ax, sparse start",79,4,0.28050642371190404,0.2634121045978089,0.29039415728820595,0.5744736018142784,0.4752005622290003,0.746100901943419,157.0,0.2,0.24983,0.3377247978554564,0.23812339935281387
"Ax, sparse start",80,4,0.28050642371190404,0.2634121045978089,0.29039415728820595,0.5744736018142784,0.4752005622290003,0.746100901943419,157.0,0.2,0.24983,0.3377247978554564,0.23812339935281387
"Ax, sparse start",81,4,0.28050642371190404,0.2634121045978089,0.29039415728820595,0.5744736018142784,0.4752005622290003,0.746100901943419,157.0,0.2,0.24983,0.3377247978554564,0.23812339935281387
"Ax, sparse start",82,4,0.27939005195570155,0.2634121045978089,0.2882634792605451,0.5856819962041717,0.4965926115344559,0.746100901943419,157.0,0.2,0.24983,0.3377247978554564,0.23812339935281387
"Ax, sparse start",83,4,0.27939005195570155,0.2634121045978089,0.2882634792605451,0.5856819962041717,0.4965926115344559,0.746100901943419,157.0,0.2,0.24983,0.3377247978554564,0.23812339935281387
"Ax, sparse start",84,4,0.27939005195570155,0.2634121045978089,0.2882634792605451,0.5856819962041717,0.4965926115344559,0.746100901943419,157.0,0.2,0.24983,0.3377247978554564,0.23812339935281387
"Ax, sparse start",85,4,0.27939005195570155,0.2634121045978089,0.2882634792605451,0.5856819962041717,0.4965926115344559,0.746100901943419,157.0,0.2,0.24983,0.3377247978554564,0.23812339935281387
"Ax, sparse start",86,4,0.27401251287228656,0.2553457959726864,0.2882634792605451,0.6396725943710471,0.4965926115344559,0.8270867991937318,157.0,0.2,0.24983,0.3377247978554564,0.23812339935281387
"Ax, sparse start",87,4,0.27401251287228656,0.2553457959726864,0.2882634792605451,0.6396725943710471,0.4965926115344559,0.8270867991937318,157.0,0.2,0.24983,0.3377247978554564,0.23812339935281387
"Ax, sparse start",88,4,0.27401251287228656,0.2553457959726864,0.2882634792605451,0.6396725943710471,0.4965926115344559,0.8270867991937318,157.0,0.2,0.24983,0.3377247978554564,0.23812339935281387
"Ax, sparse start",89,4,0.27401251287228656,0.2553457959726864,0.2882634792605451,0.6396725943710471,0.4965926115344559,0.8270867991937318,157.0,0.2,0.24983,0.3377247978554564,0.23812339935281387
"Ax, sparse start",90,4,0.2720246017247948,0.2523639292514488,0.2882634792605451,0.6596312613915609,0.4965926115344559,0.8570247997245026,157.0,0.2,0.24983,0.3377247978554564,0.23812339935281387
"Ax, sparse start",91,4,0.2720246017247948,0.2523639292514488,0.2882634792605451,0.6596312613915609,0.4965926115344559,0.8570247997245026,157.0,0.2,0.24983,0.3377247978554564,0.23812339935281387
"Ax, sparse start",92,4,0.2720246017247948,0.2523639292514488,0.2882634792605451,0.6596312613915609,0.4965926115344559,0.8570247997245026,157.0,0.2,0.24983,0.3377247978554564,0.23812339935281387
"Ax, sparse start",93,4,0.2720246017247948,0.2523639292514488,0.2882634792605451,0.6596312613915609,0.4965926115344559,0.8570247997245026,157.0,0.2,0.24983,0.3377247978554564,0.23812339935281387
"Ax, sparse start",94,4,0.2720246017247948,0.2523639292514488,0.2882634792605451,0.6596312613915609,0.4965926115344559,0.8570247997245026,157.0,0.2,0.24983,0.3377247978554564,0.23812339935281387
"Ax, sparse start",95,4,0.2720246017247948,0.2523639292514488,0.2882634792605451,0.6596312613915609,0.4965926115344559,0.8570247997245026,157.0,0.2,0.24983,0.3377247978554564,0.23812339935281387
"Ax, sparse start",96,4,0.2720246017247948,0.2523639292514488,0.2882634792605451,0.6596312613915609,0.4965926115344559,0.8570247997245026,157.0,0.2,0.24983,0.3377247978554564,0.23812339935281387
"Ax, sparse start",97,4,0.2720246017247948,0.2523639292514488,0.2882634792605451,0.6596312613915609,0.4965926115344559,0.8570247997245026,157.0,0.2,0.24983,0.3377247978554564,0.23812339935281387
"Ax, sparse start",98,4,0.2720246017247948,0.2523639292514488,0.2882634792605451,0.6596312613915609,0.4965926115344559,0.8570247997245026,157.0,0.2,0.24983,0.3377247978554564,0.23812339935281387
"Ax, sparse start",99,4,0.2720246017247948,0.2523639292514488,0.2882634792605451,0.6596312613915609,0.4965926115344559,0.8570247997245026,157.0,0.2,0.24983,0.3377247978554564,0.23812339935281387
"Ax, sparse start",100,4,0.2720246017247948,0.2523639292514488,0.2882634792605451,0.6596312613915609,0.4965926115344559,0.8570247997245026,157.0,0.2,0.24983,0.3377247978554564,0.23812339935281387
"SAASBO, default start",1,2,inf,,,-3.1377283236135693,-3.1377283236135693,-3.1377283236135693,157.0,0.21000000000000002,0.24983,0.3377247978554564,0.23812339935281387
"SAASBO, default start",2,2,inf,,,-3.1377283236135693,-3.1377283236135693,-3.1377283236135693,157.0,0.21000000000000002,0.24983,0.3377247978554564,0.23812339935281387
"SAASBO, default start",3,2,inf,,,-3.1377283236135693,-3.1377283236135693,-3.1377283236135693,157.0,0.21000000000000002,0.24983,0.3377247978554564,0.23812339935281387
"SAASBO, default start",4,2,inf,inf,,-1.3993797986981522,-2.268554061155861,-0.5302055362404436,157.0,0.21000000000000002,0.24983,0.3377247978554564,0.23812339935281387
"SAASBO, default start",5,2,inf,inf,,-1.3993797986981522,-2.268554061155861,-0.5302055362404436,157.0,0.21000000000000002,0.24983,0.3377247978554564,0.23812339935281387
"SAASBO, default start",6,2,0.32252145658191894,0.3132422476287382,0.3318006655350997,0.15264184541679998,0.05947840501656751,0.24580528581703245,157.0,0.21000000000000002,0.24983,0.3377247978554564,0.23812339935281387
"SAASBO, default start",7,2,0.32252145658191894,0.3132422476287382,0.3318006655350997,0.15264184541679998,0.05947840501656751,0.24580528581703245,157.0,0.21000000000000002,0.24983,0.3377247978554564,0.23812339935281387
"SAASBO, default start",8,2,0.32252145658191894,0.3132422476287382,0.3318006655350997,0.15264184541679998,0.05947840501656751,0.24580528581703245,157.0,0.21000000000000002,0.24983,0.3377247978554564,0.23812339935281387
"SAASBO, default start",9,2,0.32252145658191894,0.3132422476287382,0.3318006655350997,0.15264184541679998,0.05947840501656751,0.24580528581703245,157.0,0.21000000000000002,0.24983,0.3377247978554564,0.23812339935281387
"SAASBO, default start",10,2,0.3224380682140563,0.3131171650769442,0.3317589713511684,0.15347906627028463,0.05989701544330983,0.24706111709725942,157.0,0.21000000000000002,0.24983,0.3377247978554564,0.23812339935281387
"SAASBO, default start",11,2,0.3224380682140563,0.3131171650769442,0.3317589713511684,0.15347906627028463,0.05989701544330983,0.24706111709725942,157.0,0.21000000000000002,0.24983,0.3377247978554564,0.23812339935281387
"SAASBO, default start",12,2,0.3201336711342294,0.30966056945720394,0.33060677281125495,0.1766152582763207,0.07146511144632788,0.28176540510631354,157.0,0.21000000000000002,0.24983,0.3377247978554564,0.23812339935281387
"SAASBO, default start",13,2,0.3201336711342294,0.30966056945720394,0.33060677281125495,0.1766152582763207,0.07146511144632788,0.28176540510631354,157.0,0.21000000000000002,0.24983,0.3377247978554564,0.23812339935281387
"SAASBO, default start",14,2,0.31160356677828205,0.30539551727923026,0.3178116162773338,0.2622576737863912,0.19992873471143358,0.32458661286134877,157.0,0.21000000000000002,0.24983,0.3377247978554564,0.23812339935281387
"SAASBO, default start",15,2,0.31160356677828205,0.30539551727923026,0.3178116162773338,0.2622576737863912,0.19992873471143358,0.32458661286134877,157.0,0.21000000000000002,0.24983,0.3377247978554564,0.23812339935281387
"SAASBO, default start",16,2,0.31160356677828205,0.30539551727923026,0.3178116162773338,0.2622576737863912,0.19992873471143358,0.32458661286134877,157.0,0.21000000000000002,0.24983,0.3377247978554564,0.23812339935281387
"SAASBO, default start",17,2,0.31160356677828205,0.30539551727923026,0.3178116162773338,0.2622576737863912,0.19992873471143358,0.32458661286134877,157.0,0.21000000000000002,0.24983,0.3377247978554564,0.23812339935281387
"SAASBO, default start",18,2,0.31160356677828205,0.30539551727923026,0.3178116162773338,0.2622576737863912,0.19992873471143358,0.32458661286134877,157.0,0.21000000000000002,0.24983,0.3377247978554564,0.23812339935281387
"SAASBO, default start",19,2,0.31160356677828205,0.30539551727923026,0.3178116162773338,0.2622576737863912,0.19992873471143358,0.32458661286134877,157.0,0.21000000000000002,0.24983,0.3377247978554564,0.23812339935281387
"SAASBO, default start",20,2,0.31160356677828205,0.30539551727923026,0.3178116162773338,0.2622576737863912,0.19992873471143358,0.32458661286134877,157.0,0.21000000000000002,0.24983,0.3377247978554564,0.23812339935281387
"SAASBO, default start",21,2,0.31160356677828205,0.30539551727923026,0.3178116162773338,0.2622576737863912,0.19992873471143358,0.32458661286134877,157.0,0.21000000000000002,0.24983,0.3377247978554564,0.23812339935281387
"SAASBO, default start",22,2,0.31042837318884287,0.30480792048451066,0.316048825893175,0.27405664053893136,0.21762718484024382,0.3304860962376189,157.0,0.21000000000000002,0.24983,0.3377247978554564,0.23812339935281387
"SAASBO, default start",23,2,0.3093289494027089,0.3031587848053097,0.31549911400010805,0.28509487697599084,0.2231463030587736,0.34704345089320815,157.0,0.21000000000000002,0.24983,0.3377247978554564,0.23812339935281387
"SAASBO, default start",24,2,0.3093289494027089,0.3031587848053097,0.31549911400010805,0.28509487697599084,0.2231463030587736,0.34704345089320815,157.0,0.21000000000000002,0.24983,0.3377247978554564,0.23812339935281387
"SAASBO, default start",25,2,0.3093289494027089,0.3031587848053097,0.31549911400010805,0.28509487697599084,0.2231463030587736,0.34704345089320815,157.0,0.21000000000000002,0.24983,0.3377247978554564,0.23812339935281387
"SAASBO, default start",26,2,0.3093289494027089,0.3031587848053097,0.31549911400010805,0.28509487697599084,0.2231463030587736,0.34704345089320815,157.0,0.21000000000000002,0.24983,0.3377247978554564,0.23812339935281387
"SAASBO, default start",27,2,0.29635504025430914,0.2960382502775084,0.2966718302311099,0.4153531800062995,0.41217260240836245,0.4185337576042366,157.0,0.21000000000000002,0.24983,0.3377247978554564,0.23812339935281387
"SAASBO, default start",28,2,0.29635504025430914,0.2960382502775084,0.2966718302311099,0.4153531800062995,0.41217260240836245,0.4185337576042366,157.0,0.21000000000000002,0.24983,0.3377247978554564,0.23812339935281387
"SAASBO, default start",29,2,0.29635504025430914,0.2960382502775084,0.2966718302311099,0.4153531800062995,0.41217260240836245,0.4185337576042366,157.0,0.21000000000000002,0.24983,0.3377247978554564,0.23812339935281387
"SAASBO, default start",30,2,0.29635504025430914,0.2960382502775084,0.2966718302311099,0.4153531800062995,0.41217260240836245,0.4185337576042366,157.0,0.21000000000000002,0.24983,0.3377247978554564,0.23812339935281387
"SAASBO, default start",31,2,0.29635504025430914,0.2960382502775084,0.2966718302311099,0.4153531800062995,0.41217260240836245,0.4185337576042366,157.0,0.21000000000000002,0.24983,0.3377247978554564,0.23812339935281387
"SAASBO, default start",32,2,0.29635504025430914,0.2960382502775084,0.2966718302311099,0.4153531800062995,0.41217260240836245,0.4185337576042366,157.0,0.21000000000000002,0.24983,0.3377247978554564,0.23812339935281387
"SAASBO, default start",33,2,0.29635504025430914,0.2960382502775084,0.2966718302311099,0.4153531800062995,0.41217260240836245,0.4185337576042366,157.0,0.21000000000000002,0.24983,0.3377247978554564,0.23812339935281387
"SAASBO, default start",34,2,0.29635504025430914,0.2960382502775084,0.2966718302311099,0.4153531800062995,0.41217260240836245,0.4185337576042366,157.0,0.21000000000000002,0.24983,0.3377247978554564,0.23812339935281387
"SAASBO, default start",35,2,0.29635504025430914,0.2960382502775084,0.2966718302311099,0.4153531800062995,0.41217260240836245,0.4185337576042366,157.0,0.21000000000000002,0.24983,0.3377247978554564,0.23812339935281387
"SAASBO, default start",36,2,0.29635504025430914,0.2960382502775084,0.2966718302311099,0.4153531800062995,0.41217260240836245,0.4185337576042366,157.0,0.21000000000000002,0.24983,0.3377247978554564,0.23812339935281387
"SAASBO, default start",37,2,0.29635504025430914,0.2960382502775084,0.2966718302311099,0.4153531800062995,0.41217260240836245,0.4185337576042366,157.0,0.21000000000000002,0.24983,0.3377247978554564,0.23812339935281387
"SAASBO, default start",38,2,0.29635504025430914,0.2960382502775084,0.2966718302311099,0.4153531800062995,0.41217260240836245,0.4185337576042366,157.0,0.21000000000000002,0.24983,0.3377247978554564,0.23812339935281387
"SAASBO, default start",39,2,0.29635504025430914,0.2960382502775084,0.2966718302311099,0.4153531800062995,0.41217260240836245,0.4185337576042366,157.0,0.21000000000000002,0.24983,0.3377247978554564,0.23812339935281387
"SAASBO, default start",40,2,0.29635504025430914,0.2960382502775084,0.2966718302311099,0.4153531800062995,0.41217260240836245,0.4185337576042366,157.0,0.21000000000000002,0.24983,0.3377247978554564,0.23812339935281387
"SAASBO, default start",41,2,0.29635504025430914,0.2960382502775084,0.2966718302311099,0.4153531800062995,0.41217260240836245,0.4185337576042366,157.0,0.21000000000000002,0.24983,0.3377247978554564,0.23812339935281387
"SAASBO, default start",42,2,0.29635504025430914,0.2960382502775084,0.2966718302311099,0.4153531800062995,0.41217260240836245,0.4185337576042366,157.0,0.21000000000000002,0.24983,0.3377247978554564,0.23812339935281387
"SAASBO, default start",43,2,0.29635504025430914,0.2960382502775084,0.2966718302311099,0.4153531800062995,0.41217260240836245,0.4185337576042366,157.0,0.21000000000000002,0.24983,0.3377247978554564,0.23812339935281387
"SAASBO, default start",44,2,0.29635504025430914,0.2960382502775084,0.2966718302311099,0.4153531800062995,0.41217260240836245,0.4185337576042366,157.0,0.21000000000000002,0.24983,0.3377247978554564,0.23812339935281387
"SAASBO, default start",45,2,0.2958983491645355,0.29535321364284794,0.29644348468622306,0.4199383675301627,0.4144651961702941,0.42541153889003136,157.0,0.21000000000000002,0.24983,0.3377247978554564,0.23812339935281387
"SAASBO, default start",46,2,0.2958983491645355,0.29535321364284794,0.29644348468622306,0.4199383675301627,0.4144651961702941,0.42541153889003136,157.0,0.21000000000000002,0.24983,0.3377247978554564,0.23812339935281387
"SAASBO, default start",47,2,0.29042473365792526,0.2871427903829326,0.2937066769329179,0.47489357487562,0.4419427998430227,0.5078443499082173,157.0,0.21000000000000002,0.24983,0.3377247978554564,0.23812339935281387
"SAASBO, default start",48,2,0.29042473365792526,0.2871427903829326,0.2937066769329179,0.47489357487562,0.4419427998430227,0.5078443499082173,157.0,0.21000000000000002,0.24983,0.3377247978554564,0.23812339935281387
"SAASBO, default start",49,2,0.29042473365792526,0.2871427903829326,0.2937066769329179,0.47489357487562,0.4419427998430227,0.5078443499082173,157.0,0.21000000000000002,0.24983,0.3377247978554564,0.23812339935281387
"SAASBO, default start",50,2,0.2899525598114726,0.2869067034597063,0.29299841616323896,0.4796342095810664,0.44905375190119223,0.5102146672609404,157.0,0.21000000000000002,0.24983,0.3377247978554564,0.23812339935281387
"SAASBO, default start",51,2,0.2899525598114726,0.2869067034597063,0.29299841616323896,0.4796342095810664,0.44905375190119223,0.5102146672609404,157.0,0.21000000000000002,0.24983,0.3377247978554564,0.23812339935281387
"SAASBO, default start",52,2,0.2899525598114726,0.2869067034597063,0.29299841616323896,0.4796342095810664,0.44905375190119223,0.5102146672609404,157.0,0.21000000000000002,0.24983,0.3377247978554564,0.23812339935281387
"SAASBO, default start",53,2,0.2899525598114726,0.2869067034597063,0.29299841616323896,0.4796342095810664,0.44905375190119223,0.5102146672609404,157.0,0.21000000000000002,0.24983,0.3377247978554564,0.23812339935281387
"SAASBO, default start",54,2,0.2899525598114726,0.2869067034597063,0.29299841616323896,0.4796342095810664,0.44905375190119223,0.5102146672609404,157.0,0.21000000000000002,0.24983,0.3377247978554564,0.23812339935281387
"SAASBO, default start",55,2,0.2876866678885488,0.2835078655753206,0.29186547020177706,0.5023838090544482,0.4604285516378832,0.5443390664710134,157.0,0.21000000000000002,0.24983,0.3377247978554564,0.23812339935281387
"SAASBO, default start",56,2,0.2876866678885488,0.2835078655753206,0.29186547020177706,0.5023838090544482,0.4604285516378832,0.5443390664710134,157.0,0.21000000000000002,0.24983,0.3377247978554564,0.23812339935281387
"SAASBO, default start",57,2,0.2876866678885488,0.2835078655753206,0.29186547020177706,0.5023838090544482,0.4604285516378832,0.5443390664710134,157.0,0.21000000000000002,0.24983,0.3377247978554564,0.23812339935281387
"SAASBO, default start",58,2,0.2876866678885488,0.2835078655753206,0.29186547020177706,0.5023838090544482,0.4604285516378832,0.5443390664710134,157.0,0.21000000000000002,0.24983,0.3377247978554564,0.23812339935281387
"SAASBO, default start",59,2,0.2876866678885488,0.2835078655753206,0.29186547020177706,0.5023838090544482,0.4604285516378832,0.5443390664710134,157.0,0.21000000000000002,0.24983,0.3377247978554564,0.23812339935281387
"SAASBO, default start",60,2,0.2876866678885488,0.2835078655753206,0.29186547020177706,0.5023838090544482,0.4604285516378832,0.5443390664710134,157.0,0.21000000000000002,0.24983,0.3377247978554564,0.23812339935281387
"SAASBO, default start",61,2,0.2876866678885488,0.2835078655753206,0.29186547020177706,0.5023838090544482,0.4604285516378832,0.5443390664710134,157.0,0.21000000000000002,0.24983,0.3377247978554564,0.23812339935281387
"SAASBO, default start",62,2,0.2876866678885488,0.2835078655753206,0.29186547020177706,0.5023838090544482,0.4604285516378832,0.5443390664710134,157.0,0.21000000000000002,0.24983,0.3377247978554564,0.23812339935281387
"SAASBO, default start",63,2,0.2876866678885488,0.2835078655753206,0.29186547020177706,0.5023838090544482,0.4604285516378832,0.5443390664710134,157.0,0.21000000000000002,0.24983,0.3377247978554564,0.23812339935281387
"SAASBO, default start",64,2,0.2876866678885488,0.2835078655753206,0.29186547020177706,0.5023838090544482,0.4604285516378832,0.5443390664710134,157.0,0.21000000000000002,0.24983,0.3377247978554564,0.23812339935281387
"SAASBO, default start",65,2,0.2876866678885488,0.2835078655753206,0.29186547020177706,0.5023838090544482,0.4604285516378832,0.5443390664710134,157.0,0.21000000000000002,0.24983,0.3377247978554564,0.23812339935281387
"SAASBO, default start",66,2,0.2876866678885488,0.2835078655753206,0.29186547020177706,0.5023838090544482,0.4604285516378832,0.5443390664710134,157.0,0.21000000000000002,0.24983,0.3377247978554564,0.23812339935281387
"SAASBO, default start",67,2,0.2876866678885488,0.2835078655753206,0.29186547020177706,0.5023838090544482,0.4604285516378832,0.5443390664710134,157.0,0.21000000000000002,0.24983,0.3377247978554564,0.23812339935281387
"SAASBO, default start",68,2,0.2876866678885488,0.2835078655753206,0.29186547020177706,0.5023838090544482,0.4604285516378832,0.5443390664710134,157.0,0.21000000000000002,0.24983,0.3377247978554564,0.23812339935281387
"SAASBO, default start",69,2,0.2876866678885488,0.2835078655753206,0.29186547020177706,0.5023838090544482,0.4604285516378832,0.5443390664710134,157.0,0.21000000000000002,0.24983,0.3377247978554564,0.23812339935281387
"SAASBO, default start",70,2,0.2876866678885488,0.2835078655753206,0.29186547020177706,0.5023838090544482,0.4604285516378832,0.5443390664710134,157.0,0.21000000000000002,0.24983,0.3377247978554564,0.23812339935281387
"SAASBO, default start",71,2,0.2876866678885488,0.2835078655753206,0.29186547020177706,0.5023838090544482,0.4604285516378832,0.5443390664710134,157.0,0.21000000000000002,0.24983,0.3377247978554564,0.23812339935281387
"SAASBO, default start",72,2,0.2876866678885488,0.2835078655753206,0.29186547020177706,0.5023838090544482,0.4604285516378832,0.5443390664710134,157.0,0.21000000000000002,0.24983,0.3377247978554564,0.23812339935281387
"SAASBO, default start",73,2,0.2876866678885488,0.2835078655753206,0.29186547020177706,0.5023838090544482,0.4604285516378832,0.5443390664710134,157.0,0.21000000000000002,0.24983,0.3377247978554564,0.23812339935281387
"SAASBO, default start",74,2,0.28749003409728335,0.2834095486796879,0.2915705195148789,0.5043580161862912,0.46338986233564755,0.5453261700369347,157.0,0.21000000000000002,0.24983,0.3377247978554564,0.23812339935281387
"SAASBO, default start",75,2,0.27956011819293614,0.27151467482316705,0.2876055615627053,0.5839745278373483,0.5031981181611761,0.6647509375135204,157.0,0.21000000000000002,0.24983,0.3377247978554564,0.23812339935281387
"SAASBO, default start",76,2,0.27956011819293614,0.27151467482316705,0.2876055615627053,0.5839745278373483,0.5031981181611761,0.6647509375135204,157.0,0.21000000000000002,0.24983,0.3377247978554564,0.23812339935281387
"SAASBO, default start",77,2,0.27849843916499084,0.2709838353091944,0.28601304302078734,0.594633806159802,0.5191870356448567,0.6700805766747473,157.0,0.21000000000000002,0.24983,0.3377247978554564,0.23812339935281387
"SAASBO, default start",78,2,0.27849843916499084,0.2709838353091944,0.28601304302078734,0.594633806159802,0.5191870356448567,0.6700805766747473,157.0,0.21000000000000002,0.24983,0.3377247978554564,0.23812339935281387
"SAASBO, default start",79,2,0.27849843916499084,0.2709838353091944,0.28601304302078734,0.594633806159802,0.5191870356448567,0.6700805766747473,157.0,0.21000000000000002,0.24983,0.3377247978554564,0.23812339935281387
"SAASBO, default start",80,2,0.27849843916499084,0.2709838353091944,0.28601304302078734,0.594633806159802,0.5191870356448567,0.6700805766747473,157.0,0.21000000000000002,0.24983,0.3377247978554564,0.23812339935281387
"SAASBO, default start",81,2,0.27849843916499084,0.2709838353091944,0.28601304302078734,0.594633806159802,0.5191870356448567,0.6700805766747473,157.0,0.21000000000000002,0.24983,0.3377247978554564,0.23812339935281387
"SAASBO, default start",82,2,0.27849843916499084,0.2709838353091944,0.28601304302078734,0.594633806159802,0.5191870356448567,0.6700805766747473,157.0,0.21000000000000002,0.24983,0.3377247978554564,0.23812339935281387
"SAASBO, default start",83,2,0.27849843916499084,0.2709838353091944,0.28601304302078734,0.594633806159802,0.5191870356448567,0.6700805766747473,157.0,0.21000000000000002,0.24983,0.3377247978554564,0.23812339935281387
"SAASBO, default start",84,2,0.27849843916499084,0.2709838353091944,0.28601304302078734,0.594633806159802,0.5191870356448567,0.6700805766747473,157.0,0.21000000000000002,0.24983,0.3377247978554564,0.23812339935281387
"SAASBO, default start",85,2,0.27849843916499084,0.2709838353091944,0.28601304302078734,0.594633806159802,0.5191870356448567,0.6700805766747473,157.0,0.21000000000000002,0.24983,0.3377247978554564,0.23812339935281387
"SAASBO, default start",86,2,0.27849843916499084,0.2709838353091944,0.28601304302078734,0.594633806159802,0.5191870356448567,0.6700805766747473,157.0,0.21000000000000002,0.24983,0.3377247978554564,0.23812339935281387
"SAASBO, default start",87,2,0.27849843916499084,0.2709838353091944,0.28601304302078734,0.594633806159802,0.5191870356448567,0.6700805766747473,157.0,0.21000000000000002,0.24983,0.3377247978554564,0.23812339935281387
"SAASBO, default start",88,2,0.27849843916499084,0.2709838353091944,0.28601304302078734,0.594633806159802,0.5191870356448567,0.6700805766747473,157.0,0.21000000000000002,0.24983,0.3377247978554564,0.23812339935281387
"SAASBO, default start",89,2,0.27849843916499084,0.2709838353091944,0.28601304302078734,0.594633806159802,0.5191870356448567,0.6700805766747473,157.0,0.21000000000000002,0.24983,0.3377247978554564,0.23812339935281387
"SAASBO, default start",90,2,0.27849843916499084,0.2709838353091944,0.28601304302078734,0.594633806159802,0.5191870356448567,0.6700805766747473,157.0,0.21000000000000002,0.24983,0.3377247978554564,0.23812339935281387
"SAASBO, default start",91,2,0.27849843916499084,0.2709838353091944,0.28601304302078734,0.594633806159802,0.5191870356448567,0.6700805766747473,157.0,0.21000000000000002,0.24983,0.3377247978554564,0.23812339935281387
"SAASBO, default start",92,2,0.27849843916499084,0.2709838353091944,0.28601304302078734,0.594633806159802,0.5191870356448567,0.6700805766747473,157.0,0.21000000000000002,0.24983,0.3377247978554564,0.23812339935281387
"SAASBO, default start",93,2,0.27849843916499084,0.2709838353091944,0.28601304302078734,0.594633806159802,0.5191870356448567,0.6700805766747473,157.0,0.21000000000000002,0.24983,0.3377247978554564,0.23812339935281387
"SAASBO, default start",94,2,0.27849843916499084,0.2709838353091944,0.28601304302078734,0.594633806159802,0.5191870356448567,0.6700805766747473,157.0,0.21000000000000002,0.24983,0.3377247978554564,0.23812339935281387
"SAASBO, default start",95,2,0.27849843916499084,0.2709838353091944,0.28601304302078734,0.594633806159802,0.5191870356448567,0.6700805766747473,157.0,0.21000000000000002,0.24983,0.3377247978554564,0.23812339935281387
"SAASBO, default start",96,2,0.27849843916499084,0.2709838353091944,0.28601304302078734,0.594633806159802,0.5191870356448567,0.6700805766747473,157.0,0.21000000000000002,0.24983,0.3377247978554564,0.23812339935281387
"SAASBO, default start",97,2,0.27849843916499084,0.2709838353091944,0.28601304302078734,0.594633806159802,0.5191870356448567,0.6700805766747473,157.0,0.21000000000000002,0.24983,0.3377247978554564,0.23812339935281387
"SAASBO, default start",98,2,0.27849843916499084,0.2709838353091944,0.28601304302078734,0.594633806159802,0.5191870356448567,0.6700805766747473,157.0,0.21000000000000002,0.24983,0.3377247978554564,0.23812339935281387
"SAASBO, default start",99,2,0.27849843916499084,0.2709838353091944,0.28601304302078734,0.594633806159802,0.5191870356448567,0.6700805766747473,157.0,0.21000000000000002,0.24983,0.3377247978554564,0.23812339935281387
"SAASBO, default start",100,2,0.27849843916499084,0.2709838353091944,0.28601304302078734,0.594633806159802,0.5191870356448567,0.6700805766747473,157.0,0.21000000000000002,0.24983,0.3377247978554564,0.23812339935281387
"SAASBO, sparse start",1,2,inf,inf,,-1.5472808227057762,-2.3425045731596725,-0.7520570722518795,157.0,0.385,0.24983,0.3377247978554564,0.23812339935281387
"SAASBO, sparse start",2,2,0.46988317521822565,0.40165425577802377,0.5381120946584275,-1.3268727081102476,-2.0118924012663797,-0.6418530149541152,157.0,0.385,0.24983,0.3377247978554564,0.23812339935281387
"SAASBO, sparse start",3,2,0.465173907379818,0.3945903540204124,0.5357574607392237,-1.2795915663872963,-1.9882518304049044,-0.5709313023696884,157.0,0.385,0.24983,0.3377247978554564,0.23812339935281387
"SAASBO, sparse start",4,2,0.465173907379818,0.3945903540204124,0.5357574607392237,-1.2795915663872963,-1.9882518304049044,-0.5709313023696884,157.0,0.385,0.24983,0.3377247978554564,0.23812339935281387
"SAASBO, sparse start",5,2,0.465173907379818,0.3945903540204124,0.5357574607392237,-1.2795915663872963,-1.9882518304049044,-0.5709313023696884,157.0,0.385,0.24983,0.3377247978554564,0.23812339935281387
"SAASBO, sparse start",6,2,0.30788465956464195,0.2998235890164595,0.31594573011282434,0.2995955753575366,0.2186622685027281,0.38052888221234515,157.0,0.385,0.24983,0.3377247978554564,0.23812339935281387
"SAASBO, sparse start",7,2,0.30788465956464195,0.2998235890164595,0.31594573011282434,0.2995955753575366,0.2186622685027281,0.38052888221234515,157.0,0.385,0.24983,0.3377247978554564,0.23812339935281387
"SAASBO, sparse start",8,2,0.30788465956464195,0.2998235890164595,0.31594573011282434,0.2995955753575366,0.2186622685027281,0.38052888221234515,157.0,0.385,0.24983,0.3377247978554564,0.23812339935281387
"SAASBO, sparse start",9,2,0.30788465956464195,0.2998235890164595,0.31594573011282434,0.2995955753575366,0.2186622685027281,0.38052888221234515,157.0,0.385,0.24983,0.3377247978554564,0.23812339935281387
"SAASBO, sparse start",10,2,0.30788465956464195,0.2998235890164595,0.31594573011282434,0.2995955753575366,0.2186622685027281,0.38052888221234515,157.0,0.385,0.24983,0.3377247978554564,0.23812339935281387
"SAASBO, sparse start",11,2,0.30788465956464195,0.2998235890164595,0.31594573011282434,0.2995955753575366,0.2186622685027281,0.38052888221234515,157.0,0.385,0.24983,0.3377247978554564,0.23812339935281387
"SAASBO, sparse start",12,2,0.30788465956464195,0.2998235890164595,0.31594573011282434,0.2995955753575366,0.2186622685027281,0.38052888221234515,157.0,0.385,0.24983,0.3377247978554564,0.23812339935281387
"SAASBO, sparse start",13,2,0.30788465956464195,0.2998235890164595,0.31594573011282434,0.2995955753575366,0.2186622685027281,0.38052888221234515,157.0,0.385,0.24983,0.3377247978554564,0.23812339935281387
"SAASBO, sparse start",14,2,0.30788465956464195,0.2998235890164595,0.31594573011282434,0.2995955753575366,0.2186622685027281,0.38052888221234515,157.0,0.385,0.24983,0.3377247978554564,0.23812339935281387
"SAASBO, sparse start",15,2,0.30788465956464195,0.2998235890164595,0.31594573011282434,0.2995955753575366,0.2186622685027281,0.38052888221234515,157.0,0.385,0.24983,0.3377247978554564,0.23812339935281387
"SAASBO, sparse start",16,2,0.30788465956464195,0.2998235890164595,0.31594573011282434,0.2995955753575366,0.2186622685027281,0.38052888221234515,157.0,0.385,0.24983,0.3377247978554564,0.23812339935281387
"SAASBO, sparse start",17,2,0.30788465956464195,0.2998235890164595,0.31594573011282434,0.2995955753575366,0.2186622685027281,0.38052888221234515,157.0,0.385,0.24983,0.3377247978554564,0.23812339935281387
"SAASBO, sparse start",18,2,0.30294816968908944,0.29489382123601343,0.3110025181421654,0.34915803080259283,0.26829221391486835,0.4300238476903173,157.0,0.385,0.24983,0.3377247978554564,0.23812339935281387
"SAASBO, sparse start",19,2,0.30294816968908944,0.29489382123601343,0.3110025181421654,0.34915803080259283,0.26829221391486835,0.4300238476903173,157.0,0.385,0.24983,0.3377247978554564,0.23812339935281387
"SAASBO, sparse start",20,2,0.30294816968908944,0.29489382123601343,0.3110025181421654,0.34915803080259283,0.26829221391486835,0.4300238476903173,157.0,0.385,0.24983,0.3377247978554564,0.23812339935281387
"SAASBO, sparse start",21,2,0.30294816968908944,0.29489382123601343,0.3110025181421654,0.34915803080259283,0.26829221391486835,0.4300238476903173,157.0,0.385,0.24983,0.3377247978554564,0.23812339935281387
"SAASBO, sparse start",22,2,0.30294816968908944,0.29489382123601343,0.3110025181421654,0.34915803080259283,0.26829221391486835,0.4300238476903173,157.0,0.385,0.24983,0.3377247978554564,0.23812339935281387
"SAASBO, sparse start",23,2,0.30294816968908944,0.29489382123601343,0.3110025181421654,0.34915803080259283,0.26829221391486835,0.4300238476903173,157.0,0.385,0.24983,0.3377247978554564,0.23812339935281387
"SAASBO, sparse start",24,2,0.30294816968908944,0.29489382123601343,0.3110025181421654,0.34915803080259283,0.26829221391486835,0.4300238476903173,157.0,0.385,0.24983,0.3377247978554564,0.23812339935281387
"SAASBO, sparse start",25,2,0.30294816968908944,0.29489382123601343,0.3110025181421654,0.34915803080259283,0.26829221391486835,0.4300238476903173,157.0,0.385,0.24983,0.3377247978554564,0.23812339935281387
"SAASBO, sparse start",26,2,0.27295267712059673,0.26600927928942636,0.2798960749517671,0.6503133661636407,0.5806015153708413,0.7200252169564402,157.0,0.385,0.24983,0.3377247978554564,0.23812339935281387
"SAASBO, sparse start",27,2,0.2704337913389149,0.26223095061690355,0.27863663206092615,0.6756030289550227,0.5932463467665323,0.757959711143513,157.0,0.385,0.24983,0.3377247978554564,0.23812339935281387
"SAASBO, sparse start",28,2,0.2704337913389149,0.26223095061690355,0.27863663206092615,0.6756030289550227,0.5932463467665323,0.757959711143513,157.0,0.385,0.24983,0.3377247978554564,0.23812339935281387
"SAASBO, sparse start",29,2,0.2704337913389149,0.26223095061690355,0.27863663206092615,0.6756030289550227,0.5932463467665323,0.757959711143513,157.0,0.385,0.24983,0.3377247978554564,0.23812339935281387
"SAASBO, sparse start",30,2,0.2704337913389149,0.26223095061690355,0.27863663206092615,0.6756030289550227,0.5932463467665323,0.757959711143513,157.0,0.385,0.24983,0.3377247978554564,0.23812339935281387
"SAASBO, sparse start",31,2,0.2704337913389149,0.26223095061690355,0.27863663206092615,0.6756030289550227,0.5932463467665323,0.757959711143513,157.0,0.385,0.24983,0.3377247978554564,0.23812339935281387
"SAASBO, sparse start",32,2,0.2704337913389149,0.26223095061690355,0.27863663206092615,0.6756030289550227,0.5932463467665323,0.757959711143513,157.0,0.385,0.24983,0.3377247978554564,0.23812339935281387
"SAASBO, sparse start",33,2,0.2704337913389149,0.26223095061690355,0.27863663206092615,0.6756030289550227,0.5932463467665323,0.757959711143513,157.0,0.385,0.24983,0.3377247978554564,0.23812339935281387
"SAASBO, sparse start",34,2,0.2704337913389149,0.26223095061690355,0.27863663206092615,0.6756030289550227,0.5932463467665323,0.757959711143513,157.0,0.385,0.24983,0.3377247978554564,0.23812339935281387
"SAASBO, sparse start",35,2,0.2704337913389149,0.26223095061690355,0.27863663206092615,0.6756030289550227,0.5932463467665323,0.757959711143513,157.0,0.385,0.24983,0.3377247978554564,0.23812339935281387
"SAASBO, sparse start",36,2,0.2704337913389149,0.26223095061690355,0.27863663206092615,0.6756030289550227,0.5932463467665323,0.757959711143513,157.0,0.385,0.24983,0.3377247978554564,0.23812339935281387
"SAASBO, sparse start",37,2,0.2704337913389149,0.26223095061690355,0.27863663206092615,0.6756030289550227,0.5932463467665323,0.757959711143513,157.0,0.385,0.24983,0.3377247978554564,0.23812339935281387
"SAASBO, sparse start",38,2,0.2704337913389149,0.26223095061690355,0.27863663206092615,0.6756030289550227,0.5932463467665323,0.757959711143513,157.0,0.385,0.24983,0.3377247978554564,0.23812339935281387
"SAASBO, sparse start",39,2,0.2704337913389149,0.26223095061690355,0.27863663206092615,0.6756030289550227,0.5932463467665323,0.757959711143513,157.0,0.385,0.24983,0.3377247978554564,0.23812339935281387
"SAASBO, sparse start",40,2,0.2704337913389149,0.26223095061690355,0.27863663206092615,0.6756030289550227,0.5932463467665323,0.757959711143513,157.0,0.385,0.24983,0.3377247978554564,0.23812339935281387
"SAASBO, sparse start",41,2,0.2704337913389149,0.26223095061690355,0.27863663206092615,0.6756030289550227,0.5932463467665323,0.757959711143513,157.0,0.385,0.24983,0.3377247978554564,0.23812339935281387
"SAASBO, sparse start",42,2,0.2704337913389149,0.26223095061690355,0.27863663206092615,0.6756030289550227,0.5932463467665323,0.757959711143513,157.0,0.385,0.24983,0.3377247978554564,0.23812339935281387
"SAASBO, sparse start",43,2,0.2704337913389149,0.26223095061690355,0.27863663206092615,0.6756030289550227,0.5932463467665323,0.757959711143513,157.0,0.385,0.24983,0.3377247978554564,0.23812339935281387
"SAASBO, sparse start",44,2,0.2704337913389149,0.26223095061690355,0.27863663206092615,0.6756030289550227,0.5932463467665323,0.757959711143513,157.0,0.385,0.24983,0.3377247978554564,0.23812339935281387
"SAASBO, sparse start",45,2,0.2704337913389149,0.26223095061690355,0.27863663206092615,0.6756030289550227,0.5932463467665323,0.757959711143513,157.0,0.385,0.24983,0.3377247978554564,0.23812339935281387
"SAASBO, sparse start",46,2,0.2704337913389149,0.26223095061690355,0.27863663206092615,0.6756030289550227,0.5932463467665323,0.757959711143513,157.0,0.385,0.24983,0.3377247978554564,0.23812339935281387
"SAASBO, sparse start",47,2,0.2704337913389149,0.26223095061690355,0.27863663206092615,0.6756030289550227,0.5932463467665323,0.757959711143513,157.0,0.385,0.24983,0.3377247978554564,0.23812339935281387
"SAASBO, sparse start",48,2,0.2704337913389149,0.26223095061690355,0.27863663206092615,0.6756030289550227,0.5932463467665323,0.757959711143513,157.0,0.385,0.24983,0.3377247978554564,0.23812339935281387
"SAASBO, sparse start",49,2,0.2704337913389149,0.26223095061690355,0.27863663206092615,0.6756030289550227,0.5932463467665323,0.757959711143513,157.0,0.385,0.24983,0.3377247978554564,0.23812339935281387
"SAASBO, sparse start",50,2,0.2704337913389149,0.26223095061690355,0.27863663206092615,0.6756030289550227,0.5932463467665323,0.757959711143513,157.0,0.385,0.24983,0.3377247978554564,0.23812339935281387
"SAASBO, sparse start",51,2,0.2704337913389149,0.26223095061690355,0.27863663206092615,0.6756030289550227,0.5932463467665323,0.757959711143513,157.0,0.385,0.24983,0.3377247978554564,0.23812339935281387
"SAASBO, sparse start",52,2,0.2704337913389149,0.26223095061690355,0.27863663206092615,0.6756030289550227,0.5932463467665323,0.757959711143513,157.0,0.385,0.24983,0.3377247978554564,0.23812339935281387
"SAASBO, sparse start",53,2,0.2704337913389149,0.26223095061690355,0.27863663206092615,0.6756030289550227,0.5932463467665323,0.757959711143513,157.0,0.385,0.24983,0.3377247978554564,0.23812339935281387
"SAASBO, sparse start",54,2,0.2704337913389149,0.26223095061690355,0.27863663206092615,0.6756030289550227,0.5932463467665323,0.757959711143513,157.0,0.385,0.24983,0.3377247978554564,0.23812339935281387
"SAASBO, sparse start",55,2,0.2704337913389149,0.26223095061690355,0.27863663206092615,0.6756030289550227,0.5932463467665323,0.757959711143513,157.0,0.385,0.24983,0.3377247978554564,0.23812339935281387
"SAASBO, sparse start",56,2,0.2704337913389149,0.26223095061690355,0.27863663206092615,0.6756030289550227,0.5932463467665323,0.757959711143513,157.0,0.385,0.24983,0.3377247978554564,0.23812339935281387
"SAASBO, sparse start",57,2,0.2704337913389149,0.26223095061690355,0.27863663206092615,0.6756030289550227,0.5932463467665323,0.757959711143513,157.0,0.385,0.24983,0.3377247978554564,0.23812339935281387
"SAASBO, sparse start",58,2,0.2704337913389149,0.26223095061690355,0.27863663206092615,0.6756030289550227,0.5932463467665323,0.757959711143513,157.0,0.385,0.24983,0.3377247978554564,0.23812339935281387
"SAASBO, sparse start",59,2,0.2704337913389149,0.26223095061690355,0.27863663206092615,0.6756030289550227,0.5932463467665323,0.757959711143513,157.0,0.385,0.24983,0.3377247978554564,0.23812339935281387
"SAASBO, sparse start",60,2,0.2704337913389149,0.26223095061690355,0.27863663206092615,0.6756030289550227,0.5932463467665323,0.757959711143513,157.0,0.385,0.24983,0.3377247978554564,0.23812339935281387
"SAASBO, sparse start",61,2,0.2704337913389149,0.26223095061690355,0.27863663206092615,0.6756030289550227,0.5932463467665323,0.757959711143513,157.0,0.385,0.24983,0.3377247978554564,0.23812339935281387
"SAASBO, sparse start",62,2,0.2704337913389149,0.26223095061690355,0.27863663206092615,0.6756030289550227,0.5932463467665323,0.757959711143513,157.0,0.385,0.24983,0.3377247978554564,0.23812339935281387
"SAASBO, sparse start",63,2,0.2704337913389149,0.26223095061690355,0.27863663206092615,0.6756030289550227,0.5932463467665323,0.757959711143513,157.0,0.385,0.24983,0.3377247978554564,0.23812339935281387
"SAASBO, sparse start",64,2,0.2704337913389149,0.26223095061690355,0.27863663206092615,0.6756030289550227,0.5932463467665323,0.757959711143513,157.0,0.385,0.24983,0.3377247978554564,0.23812339935281387
"SAASBO, sparse start",65,2,0.26807046521309363,0.2610492875539929,0.27509164287219434,0.6993308697419018,0.6288381079468511,0.7698236315369527,157.0,0.385,0.24983,0.3377247978554564,0.23812339935281387
"SAASBO, sparse start",66,2,0.26807046521309363,0.2610492875539929,0.27509164287219434,0.6993308697419018,0.6288381079468511,0.7698236315369527,157.0,0.385,0.24983,0.3377247978554564,0.23812339935281387
"SAASBO, sparse start",67,2,0.26807046521309363,0.2610492875539929,0.27509164287219434,0.6993308697419018,0.6288381079468511,0.7698236315369527,157.0,0.385,0.24983,0.3377247978554564,0.23812339935281387
"SAASBO, sparse start",68,2,0.26807046521309363,0.2610492875539929,0.27509164287219434,0.6993308697419018,0.6288381079468511,0.7698236315369527,157.0,0.385,0.24983,0.3377247978554564,0.23812339935281387
"SAASBO, sparse start",69,2,0.2677197129635448,0.26052315917966967,0.2749162667474199,0.702852429226225,0.6305988876890127,0.7751059707634375,157.0,0.385,0.24983,0.3377247978554564,0.23812339935281387
"SAASBO, sparse start",70,2,0.2677197129635448,0.26052315917966967,0.2749162667474199,0.702852429226225,0.6305988876890127,0.7751059707634375,157.0,0.385,0.24983,0.3377247978554564,0.23812339935281387
"SAASBO, sparse start",71,2,0.2677197129635448,0.26052315917966967,0.2749162667474199,0.702852429226225,0.6305988876890127,0.7751059707634375,157.0,0.385,0.24983,0.3377247978554564,0.23812339935281387
"SAASBO, sparse start",72,2,0.2647675905470024,0.25904709797139847,0.27048808312260625,0.7324917963528235,0.6750579383789101,0.7899256543267367,157.0,0.385,0.24983,0.3377247978554564,0.23812339935281387
"SAASBO, sparse start",73,2,0.257774535277997,0.25555057033689577,0.2599985002190982,0.8027022087981852,0.7803735570469529,0.8250308605494175,157.0,0.385,0.24983,0.3377247978554564,0.23812339935281387
"SAASBO, sparse start",74,2,0.257774535277997,0.25555057033689577,0.2599985002190982,0.8027022087981852,0.7803735570469529,0.8250308605494175,157.0,0.385,0.24983,0.3377247978554564,0.23812339935281387
"SAASBO, sparse start",75,2,0.257774535277997,0.25555057033689577,0.2599985002190982,0.8027022087981852,0.7803735570469529,0.8250308605494175,157.0,0.385,0.24983,0.3377247978554564,0.23812339935281387
"SAASBO, sparse start",76,2,0.257774535277997,0.25555057033689577,0.2599985002190982,0.8027022087981852,0.7803735570469529,0.8250308605494175,157.0,0.385,0.24983,0.3377247978554564,0.23812339935281387
"SAASBO, sparse start",77,2,0.257774535277997,0.25555057033689577,0.2599985002190982,0.8027022087981852,0.7803735570469529,0.8250308605494175,157.0,0.385,0.24983,0.3377247978554564,0.23812339935281387
"SAASBO, sparse start",78,2,0.257774535277997,0.25555057033689577,0.2599985002190982,0.8027022087981852,0.7803735570469529,0.8250308605494175,157.0,0.385,0.24983,0.3377247978554564,0.23812339935281387
"SAASBO, sparse start",79,2,0.257774535277997,0.25555057033689577,0.2599985002190982,0.8027022087981852,0.7803735570469529,0.8250308605494175,157.0,0.385,0.24983,0.3377247978554564,0.23812339935281387
"SAASBO, sparse start",80,2,0.257774535277997,0.25555057033689577,0.2599985002190982,0.8027022087981852,0.7803735570469529,0.8250308605494175,157.0,0.385,0.24983,0.3377247978554564,0.23812339935281387
"SAASBO, sparse start",81,2,0.257774535277997,0.25555057033689577,0.2599985002190982,0.8027022087981852,0.7803735570469529,0.8250308605494175,157.0,0.385,0.24983,0.3377247978554564,0.23812339935281387
"SAASBO, sparse start",82,2,0.257774535277997,0.25555057033689577,0.2599985002190982,0.8027022087981852,0.7803735570469529,0.8250308605494175,157.0,0.385,0.24983,0.3377247978554564,0.23812339935281387
"SAASBO, sparse start",83,2,0.257774535277997,0.25555057033689577,0.2599985002190982,0.8027022087981852,0.7803735570469529,0.8250308605494175,157.0,0.385,0.24983,0.3377247978554564,0.23812339935281387
"SAASBO, sparse start",84,2,0.257774535277997,0.25555057033689577,0.2599985002190982,0.8027022087981852,0.7803735570469529,0.8250308605494175,157.0,0.385,0.24983,0.3377247978554564,0.23812339935281387
"SAASBO, sparse start",85,2,0.257774535277997,0.25555057033689577,0.2599985002190982,0.8027022087981852,0.7803735570469529,0.8250308605494175,157.0,0.385,0.24983,0.3377247978554564,0.23812339935281387
"SAASBO, sparse start",86,2,0.257774535277997,0.25555057033689577,0.2599985002190982,0.8027022087981852,0.7803735570469529,0.8250308605494175,157.0,0.385,0.24983,0.3377247978554564,0.23812339935281387
"SAASBO, sparse start",87,2,0.257774535277997,0.25555057033689577,0.2599985002190982,0.8027022087981852,0.7803735570469529,0.8250308605494175,157.0,0.385,0.24983,0.3377247978554564,0.23812339935281387
"SAASBO, sparse start",88,2,0.257774535277997,0.25555057033689577,0.2599985002190982,0.8027022087981852,0.7803735570469529,0.8250308605494175,157.0,0.385,0.24983,0.3377247978554564,0.23812339935281387
"SAASBO, sparse start",89,2,0.257774535277997,0.25555057033689577,0.2599985002190982,0.8027022087981852,0.7803735570469529,0.8250308605494175,157.0,0.385,0.24983,0.3377247978554564,0.23812339935281387
"SAASBO, sparse start",90,2,0.257774535277997,0.25555057033689577,0.2599985002190982,0.8027022087981852,0.7803735570469529,0.8250308605494175,157.0,0.385,0.24983,0.3377247978554564,0.23812339935281387
"SAASBO, sparse start",91,2,0.257774535277997,0.25555057033689577,0.2599985002190982,0.8027022087981852,0.7803735570469529,0.8250308605494175,157.0,0.385,0.24983,0.3377247978554564,0.23812339935281387
"SAASBO, sparse start",92,2,0.257774535277997,0.25555057033689577,0.2599985002190982,0.8027022087981852,0.7803735570469529,0.8250308605494175,157.0,0.385,0.24983,0.3377247978554564,0.23812339935281387
"SAASBO, sparse start",93,2,0.24952179925908677,0.24761939619073287,0.25142420232744067,0.885559840748918,0.866459676524784,0.904660004973052,157.0,0.385,0.24983,0.3377247978554564,0.23812339935281387
"SAASBO, sparse start",94,2,0.24952179925908677,0.24761939619073287,0.25142420232744067,0.885559840748918,0.866459676524784,0.904660004973052,157.0,0.385,0.24983,0.3377247978554564,0.23812339935281387
"SAASBO, sparse start",95,2,0.24952179925908677,0.24761939619073287,0.25142420232744067,0.885559840748918,0.866459676524784,0.904660004973052,157.0,0.385,0.24983,0.3377247978554564,0.23812339935281387
"SAASBO, sparse start",96,2,0.24952179925908677,0.24761939619073287,0.25142420232744067,0.885559840748918,0.866459676524784,0.904660004973052,157.0,0.385,0.24983,0.3377247978554564,0.23812339935281387
"SAASBO, sparse start",97,2,0.24952179925908677,0.24761939619073287,0.25142420232744067,0.885559840748918,0.866459676524784,0.904660004973052,157.0,0.385,0.24983,0.3377247978554564,0.23812339935281387
"SAASBO, sparse start",98,2,0.24930911111869092,0.24751305212053495,0.25110517011684685,0.8876952338617989,0.8696627661941053,0.9057277015294924,157.0,0.385,0.24983,0.3377247978554564,0.23812339935281387
"SAASBO, sparse start",99,2,0.24930911111869092,0.24751305212053495,0.25110517011684685,0.8876952338617989,0.8696627661941053,0.9057277015294924,157.0,0.385,0.24983,0.3377247978554564,0.23812339935281387
"SAASBO, sparse start",100,2,0.24930911111869092,0.24751305212053495,0.25110517011684685,0.8876952338617989,0.8696627661941053,0.9057277015294924,157.0,0.385,0.24983,0.3377247978554564,0.23812339935281387
