epoch,train loss,val loss,swa
0.0,0.4430108591914177,0.6024824380874634,n
35.0,0.032933756709098816,0.02452319860458374,y
71.0,0.027796193957328796,0.0679314136505127,y
