method,seed,iteration,noisy_mae_observed,mae_noise_free,best_so_far_noise_free,wall_time_s
ax,0,1,0.3209730535158984,0.3070890588081658,0.3070890588081658,6.090864390999741
ax,0,2,0.3859504210813188,0.3762076104423291,0.3070890588081658,6.223538226000073
ax,0,3,0.4124068018639525,0.4174160692851987,0.3070890588081658,6.358396961999915
ax,0,4,0.3398246843424051,0.3497099800403175,0.3070890588081658,6.532833847999882
ax,0,5,0.4573121798229217,0.4377402276952164,0.3070890588081658,6.664329424999778
ax,0,6,0.3153573880455637,0.3232401553160215,0.3070890588081658,6.860885536999831
ax,0,7,0.3092069530684256,0.3092069530684256,0.3070890588081658,7.031984130999717
ax,0,8,0.4519672712383051,0.4409657000147462,0.3070890588081658,7.213279308999972
ax,0,9,0.476416311854258,0.4867167288076903,0.3070890588081658,7.45866035500012
ax,0,10,0.811452385898661,0.807016445420304,0.3070890588081658,7.666105707000042
ax,0,11,0.2854612328481563,0.2933253712507405,0.2933253712507405,37.32424912999977
ax,0,12,0.312485445223347,0.3000901210049783,0.2933253712507405,72.79130483300014
ax,0,13,0.2562749741333001,0.2485471933057822,0.2485471933057822,111.08298821300014
ax,1,1,0.433321693597025,0.4488136677871599,0.4488136677871599,13.34367500899998
ax,1,2,0.3296214351845497,0.3244852012647257,0.3244852012647257,13.59880031099965
ax,1,3,0.4045572872388309,0.4110939871045143,0.3244852012647257,13.7945451759997
ax,1,4,0.3693175272732676,0.3455889741670553,0.3244852012647257,14.052975068999784
ax,1,5,0.4157808358712759,0.4055442910272056,0.3244852012647257,14.675396701999944
ax,1,6,0.3622978091616756,0.347509807093413,0.3244852012647257,14.901422221999836
ax,1,7,0.6394456692739638,0.6437770518471945,0.3244852012647257,15.127300700999967
ax,1,8,0.3116754139325323,0.2985994189209761,0.2985994189209761,15.361364669000068
ax,1,9,0.4168920783158505,0.4203092741038655,0.2985994189209761,15.612973989999771
ax,1,10,0.3564702069446175,0.3624273817379329,0.2985994189209761,15.984102442999756
ax,1,11,0.3521349737877655,0.33597802212227,0.2985994189209761,72.08063079199974
ax,1,12,0.3167227113115649,0.3267637025984788,0.2985994189209761,131.32286674199986
ax,2,1,0.4601851501837777,0.4647972614695921,0.4647972614695921,26.42204567299996
ax,2,2,0.3410577140773659,0.3353267089827396,0.3353267089827396,27.52651158200024
ax,2,3,0.291615627009151,0.2894789001991466,0.2894789001991466,28.275181031000105
ax,2,4,0.309519534125225,0.317081767819943,0.2894789001991466,28.57544548499982
ax,2,5,0.4237759265733842,0.4155985527912003,0.2894789001991466,29.28129838799987
ax,2,6,0.6547517541322654,0.6560215012071648,0.2894789001991466,30.178553397000087
ax,2,7,0.3272809235805343,0.3189534303284824,0.2894789001991466,30.903356481000174
ax,2,8,0.5424835716180384,0.5204507679080936,0.2894789001991466,31.6149740259998
ax,2,9,0.2311080259877123,0.2296214836636881,0.2296214836636881,32.39618908500006
ax,2,10,0.5380899546466335,0.5169645651678006,0.2296214836636881,33.02980773099989
ax,2,11,0.2309236261868646,0.2309236261868646,0.2296214836636881,129.48349773500013
ax_saasbo,0,1,0.3209730535158984,0.3070890588081658,0.3070890588081658,8.291357465999681
ax_saasbo,0,2,0.3859504210813188,0.3762076104423291,0.3070890588081658,8.551344337000046
ax_saasbo,0,3,0.4124068018639525,0.4174160692851987,0.3070890588081658,8.780208008000045
ax_saasbo,0,4,0.3398246843424051,0.3497099800403175,0.3070890588081658,9.10909169999968
ax_saasbo,0,5,0.4573121798229217,0.4377402276952164,0.3070890588081658,9.41781210499994
ax_saasbo,0,6,0.3153573880455637,0.3232401553160215,0.3070890588081658,9.670149506999678
ax_saasbo,0,7,0.3092069530684256,0.3092069530684256,0.3070890588081658,9.964152269999886
ax_saasbo,0,8,0.4519672712383051,0.4409657000147462,0.3070890588081658,10.202636622999762
ax_saasbo,0,9,0.476416311854258,0.4867167288076903,0.3070890588081658,10.429688971999894
ax_saasbo,0,10,0.811452385898661,0.807016445420304,0.3070890588081658,10.642734784999902
ax_saasbo,0,11,0.3361792683981517,0.3416808969137648,0.3070890588081658,74.18341181899996
ax_saasbo,0,12,0.361020829709205,0.3542423779439175,0.3070890588081658,128.7173643719998
ax_saasbo,1,1,0.433321693597025,0.4488136677871599,0.4488136677871599,9.900057065000055
ax_saasbo,1,2,0.3296214351845497,0.3244852012647257,0.3244852012647257,10.51736341600008
ax_saasbo,1,3,0.4045572872388309,0.4110939871045143,0.3244852012647257,11.088020324000354
ax_saasbo,1,4,0.3693175272732676,0.3455889741670553,0.3244852012647257,11.40239263500007
ax_saasbo,1,5,0.4157808358712759,0.4055442910272056,0.3244852012647257,11.623255551000057
ax_saasbo,1,6,0.3622978091616756,0.347509807093413,0.3244852012647257,12.106624675000148
ax_saasbo,1,7,0.6394456692739638,0.6437770518471945,0.3244852012647257,12.544677416000011
ax_saasbo,1,8,0.3116754139325323,0.2985994189209761,0.2985994189209761,12.868889760999991
ax_saasbo,1,9,0.4168920783158505,0.4203092741038655,0.2985994189209761,13.30409961400028
ax_saasbo,1,10,0.3564702069446175,0.3624273817379329,0.2985994189209761,13.72371952200001
ax_saasbo,1,11,0.3816959522681191,0.3809025186131813,0.2985994189209761,128.830844308
bofire,0,1,0.3687104033820171,0.3546793592350319,0.3546793592350319,10.00243793100026
bofire,0,2,0.3094770428387559,0.2974673168663669,0.2974673168663669,10.01097146200027
bofire,0,3,0.3130545806928561,0.325754963963478,0.2974673168663669,10.016099601000406
bofire,0,4,0.3090328785308004,0.3175394997739602,0.2974673168663669,10.023129884000356
bofire,0,5,0.4284826896952502,0.4188746994778787,0.2974673168663669,10.027113705000374
bofire,0,6,0.6072326657070444,0.6133262462931012,0.2974673168663669,10.034905300000446
bofire,0,7,0.4865974748734027,0.4865974748734027,0.2974673168663669,10.0452207000003
bofire,0,8,0.5407934712559873,0.5142968407636582,0.2974673168663669,10.052951591000236
bofire,0,9,0.5174791557892092,0.5254224158052108,0.2974673168663669,10.06087722600023
bofire,0,10,0.6377237312613387,0.6152857584136576,0.2974673168663669,10.06729563600038
bofire,0,11,0.3571860111025799,0.362868799047234,0.2974673168663669,31.850434249000045
bofire,0,12,0.3438683010044647,0.3223966427846437,0.2974673168663669,58.89451571000018
bofire,0,13,0.4310503723473744,0.4199703381022098,0.2974673168663669,82.7413378160004
bofire,0,14,0.4078348808445987,0.4026149553534758,0.2974673168663669,107.55000707300042
bofire,0,15,0.3475192315494804,0.3239126880421848,0.2974673168663669,127.31302687100016
bofire,1,1,0.5185243216581912,0.5284305594825092,0.5284305594825092,18.829741167000066
bofire,1,2,0.5578881497099782,0.5452891356756436,0.5284305594825092,18.847016049000104
bofire,1,3,0.2453138859737013,0.2505608377333527,0.2505608377333527,18.87264130099993
bofire,1,4,0.4451256804116,0.4342643239304983,0.2505608377333527,18.888875899999675
bofire,1,5,0.559038108885458,0.5524479428154551,0.2505608377333527,18.900017904999917
bofire,1,6,0.2909979224096217,0.2805170809989157,0.2505608377333527,18.915650958999777
bofire,1,7,0.3609570962440462,0.3665751947249635,0.2505608377333527,18.934135841999705
bofire,1,8,0.3644164334640905,0.3087400787644576,0.2505608377333527,18.94873646799988
bofire,1,9,0.518656375567132,0.5210600091739918,0.2505608377333527,18.96376079599986
bofire,1,10,0.4343708690798243,0.4373447315754115,0.2505608377333527,18.978831462000016
bofire,1,11,0.3062463161155128,0.304929710138417,0.2505608377333527,64.53531853999993
bofire,1,12,0.297683321598894,0.3019745907704538,0.2505608377333527,106.56318754299993
bofire,2,1,0.7944487634152756,0.7970122697797204,0.7970122697797204,33.51856690499972
bofire,2,2,0.6262454236230092,0.621546425151331,0.621546425151331,33.55917832999967
bofire,2,3,0.7459900329368949,0.7427106196608391,0.621546425151331,33.60532200099988
bofire,2,4,0.5043267824476152,0.5115458160519963,0.5115458160519963,33.638622586999645
bofire,2,5,0.3484858833041571,0.3375071128539996,0.3375071128539996,33.66467753000006
bofire,2,6,0.4417975174443513,0.444971075883403,0.3375071128539996,33.68338208099976
bofire,2,7,0.6817024490087356,0.6802451063867688,0.3375071128539996,33.70568101799972
bofire,2,8,0.5924134137311038,0.583125995043139,0.3375071128539996,33.7173106729997
bofire,2,9,0.4919914289986882,0.4906259314759297,0.3375071128539996,33.74963696399982
bofire,2,10,0.4945258082022565,0.4851808069534435,0.3375071128539996,33.78094527099984
bofire,2,11,0.3382038828762859,0.3382038828762859,0.3375071128539996,128.82345394999993
ga,0,1,0.2845250266430248,0.2722631635556669,0.2722631635556669,0.5950087419998908
ga,0,2,0.3029224773140713,0.2908728360079409,0.2722631635556669,0.6139153780000015
ga,0,3,0.4271540214887867,0.4337822314858129,0.2722631635556669,0.6265973069998836
ga,0,4,0.4097191948200941,0.4135071404686287,0.2722631635556669,0.6396630839999489
ga,0,5,0.3750195858016368,0.3698255126845759,0.2722631635556669,0.6474504400000569
ga,0,6,0.3965514179760789,0.4044324625034252,0.2722631635556669,0.6519886869998572
ga,0,7,0.2807906608579591,0.2807906608579591,0.2722631635556669,0.6562896410000576
ga,0,8,0.3825895634956574,0.3366066977490707,0.2722631635556669,0.6609464089999619
ga,0,9,0.4281507574927602,0.4332972622365499,0.2722631635556669,0.6656744909998906
ga,0,10,0.4714603323390241,0.4580797929317171,0.2722631635556669,0.6704969999998411
ga,0,11,0.3883891793502897,0.39495243719125,0.2722631635556669,0.6831859919998351
ga,0,12,0.2778119477774354,0.2698240428521105,0.2698240428521105,0.697919273000025
ga,0,13,0.2941183043180291,0.2831740688181673,0.2698240428521105,0.7061864349998359
ga,0,14,0.4938054379818768,0.4844087462863112,0.2698240428521105,0.7180689839999559
ga,0,15,0.3031990066517213,0.2972053322216432,0.2698240428521105,0.729074861999834
ga,0,16,0.3374565605671215,0.3421679852637887,0.2698240428521105,0.7430245289999675
ga,0,17,0.4227688073281253,0.35124168321222,0.2698240428521105,0.7538419160000558
ga,0,18,0.3736174319181181,0.369998702277101,0.2698240428521105,0.76483078199999
ga,0,19,0.3383408279909316,0.3400170026758563,0.2698240428521105,0.7759835949998433
ga,0,20,0.2616121827016472,0.2671289739801313,0.2671289739801313,0.7873170049999771
ga,0,21,0.2821385862394807,0.2850648073779229,0.2671289739801313,0.8048438519999763
ga,0,22,0.3005300230640705,0.2972606339957265,0.2671289739801313,0.8227436969998507
ga,0,23,0.2680472544395152,0.2741157338440592,0.2671289739801313,0.8313799200000176
ga,0,24,0.2955322577900479,0.2908728360079409,0.2671289739801313,0.8470558809999602
ga,0,25,0.2889800286929583,0.2945096493395701,0.2671289739801313,0.8590649630000371
ga,0,26,0.287747844493591,0.2644387198521579,0.2644387198521579,0.8711973459999172
ga,0,27,0.2878938683806232,0.2685212624583964,0.2644387198521579,0.8864134589998685
ga,0,28,0.3187379700359842,0.2699072093103229,0.2644387198521579,0.8959194279998428
ga,0,29,0.251809240004255,0.249183615525482,0.249183615525482,0.9101177899999584
ga,0,30,0.3431635312515385,0.3526104405475977,0.249183615525482,0.9231009089999134
ga,0,31,0.2814448058342182,0.2746879112958709,0.249183615525482,0.9477107390000584
ga,0,32,0.2212464405356467,0.2102077589549619,0.2102077589549619,0.9600145309998424
ga,0,33,0.2732193779675309,0.2703266237045738,0.2102077589549619,0.9723628469998856
ga,0,34,0.2575268435802893,0.2492376415467471,0.2102077589549619,0.988181485000041
ga,0,35,0.270508994495757,0.2758495520225614,0.2102077589549619,1.001181618999908
ga,0,36,0.2400075026642598,0.2432756057554166,0.2102077589549619,1.017180934999942
ga,0,37,0.3158241747338932,0.3223301019814369,0.2102077589549619,1.0303711960000328
ga,0,38,0.3277396661054982,0.293894358435513,0.2102077589549619,1.0461313149999114
ga,0,39,0.2963277629054466,0.2702481853990576,0.2102077589549619,1.059399108999969
ga,0,40,0.2845929915031225,0.2692366546274204,0.2102077589549619,1.0753753709998364
ga,0,41,0.2393799748189232,0.2462337824529898,0.2102077589549619,1.099082572000043
ga,0,42,0.2559263461866332,0.2462452680084681,0.2102077589549619,1.1125665299998673
ga,0,43,0.21600624703544,0.2196479925820427,0.2102077589549619,1.1287947529999656
ga,0,44,0.2426925701019801,0.249183615525482,0.2102077589549619,1.1427540079998837
ga,0,45,0.2567790328780122,0.2476876435185899,0.2102077589549619,1.1626024570000482
ga,0,46,0.2600943287280445,0.2634304238251986,0.2102077589549619,1.175803685999881
ga,0,47,0.273873582396313,0.2761101271815426,0.2102077589549619,1.1918718269998865
ga,0,48,0.2511351552868922,0.2376535764278124,0.2102077589549619,1.2066799939998418
ga,0,49,0.2474492318589452,0.2432756057554166,0.2102077589549619,1.225611587000003
ga,0,50,0.2434437699640741,0.2434437699640741,0.2102077589549619,1.2430261199999677
ga,1,1,0.3183704923572945,0.3267799917741217,0.3267799917741217,0.4688394849999895
ga,1,2,0.6393697095460269,0.5937414136015102,0.3267799917741217,0.4762199210001654
ga,1,3,0.2758683834956897,0.2821192351862185,0.2821192351862185,0.4808867490000921
ga,1,4,0.4366485221431494,0.4272580126557772,0.2821192351862185,0.4850429320001694
ga,1,5,0.927176931555532,0.9179497729489932,0.2821192351862185,0.4888169420000849
ga,1,6,0.4518355258049226,0.4355386838035667,0.2821192351862185,0.4989883610001016
ga,1,7,0.4019215676599177,0.4073870784371874,0.2821192351862185,0.508770664000167
ga,1,8,0.3382912669128544,0.3232861708440565,0.2821192351862185,0.5204053770000883
ga,1,9,0.3524257213691683,0.3574397931421654,0.2821192351862185,0.5308239680000497
ga,1,10,0.2823549267852791,0.2837689658725421,0.2821192351862185,0.5424316109999836
ga,1,11,0.3712855381720939,0.3699299342444643,0.2821192351862185,0.5552732580001702
ga,1,12,0.386328350820473,0.3925220201544698,0.2821192351862185,0.5657136199999968
ga,1,13,0.4009099219185741,0.340750724312483,0.2821192351862185,0.5709822920000533
ga,1,14,0.2460588452681438,0.2508999812734058,0.2508999812734058,0.5761277330000212
ga,1,15,0.3885444398590708,0.3597728697827411,0.2508999812734058,0.5802870429999984
ga,1,16,0.2430318617036828,0.2362897316522022,0.2362897316522022,0.5908666450000055
ga,1,17,0.3590253102263712,0.365105042110222,0.2362897316522022,0.6039902190000248
ga,1,18,0.4332884149139436,0.4297610247056782,0.2362897316522022,0.6120839970001271
ga,1,19,0.3529202472720623,0.3482876207618721,0.2362897316522022,0.6259599200000139
ga,1,20,0.2324313249700899,0.2363379463411867,0.2362897316522022,0.6370869940001285
ga,1,21,0.2328191753798397,0.2367541695800639,0.2362897316522022,0.6511759720001464
ga,1,22,0.2969740611125458,0.2985600633227859,0.2362897316522022,0.662081543000113
ga,1,23,0.2513498011792386,0.248911442985364,0.2362897316522022,0.6733121810000284
ga,1,24,0.2457278730393908,0.2419523787203109,0.2362897316522022,0.6851011220001055
ga,1,25,0.3421933784235289,0.3273141071208614,0.2362897316522022,0.6968716490000588
ga,1,26,0.2500107093734899,0.2494746353914166,0.2362897316522022,0.7057750700000724
ga,1,27,0.3323958013199279,0.3302411048063909,0.2362897316522022,0.716515759999993
ga,1,28,0.3540571369066694,0.3148441056751368,0.2362897316522022,0.7294519840002067
ga,1,29,0.2815915045258239,0.2821192351862185,0.2362897316522022,0.7449186650001138
ga,1,30,0.2380020577696,0.2363016373294139,0.2362897316522022,0.7577729760000693
ga,1,31,0.2456973771250465,0.2456973771250465,0.2362897316522022,0.7789956390001862
ga,1,32,0.2316559162738616,0.2357535257704721,0.2357535257704721,0.792011241000182
ga,1,33,0.2396249448271944,0.2373754035460589,0.2357535257704721,0.8048874330002036
ga,1,34,0.2680934090296041,0.2571728820899241,0.2357535257704721,0.8209918850000122
ga,1,35,0.2406458051377672,0.2377417138931857,0.2357535257704721,0.832491746000187
ga,1,36,0.2315935045943397,0.2368850733049959,0.2357535257704721,0.8498572739999872
ga,1,37,0.2330652837458873,0.2385135394481966,0.2357535257704721,0.8627698040002088
ga,1,38,0.2337450506736664,0.2337450506736664,0.2337450506736664,0.8760525550001148
ga,1,39,0.2463759308094203,0.2440596399875866,0.2337450506736664,0.8827595540001312
ga,1,40,0.241833521469389,0.2368497786462741,0.2337450506736664,0.8958826070002033
ga,1,41,0.2408494162394668,0.2373273343207315,0.2337450506736664,0.9179020800002036
ga,1,42,0.2464018190132506,0.2371214390566131,0.2337450506736664,0.93101945300009
ga,1,43,0.2428122770380313,0.2380007530514518,0.2337450506736664,0.9470520910001596
ga,1,44,0.2318165197303604,0.2377647078386051,0.2337450506736664,0.9663044129999888
ga,1,45,0.2467220967512372,0.2367438666255008,0.2337450506736664,0.9802589299999908
ga,1,46,0.232362597970302,0.2335706700562953,0.2335706700562953,0.995198253000126
ga,1,47,0.2362855014204801,0.2384899172895031,0.2335706700562953,1.0113866620001772
ga,1,48,0.234281071730918,0.2368235057351676,0.2335706700562953,1.0272458260001258
ga,1,49,0.2405244430025197,0.236808915655315,0.2335706700562953,1.0431540510001014
ga,1,50,0.2341147476186737,0.2373488147209849,0.2335706700562953,1.0592072880001524
ga,2,1,0.4260234943141828,0.4315250069342322,0.4315250069342322,0.7852696980000928
ga,2,2,0.5303501937591517,0.5105156773255087,0.4315250069342322,0.7984018679999281
ga,2,3,0.3300528724961418,0.3269854255128293,0.3269854255128293,0.8148565450001115
ga,2,4,0.2785731546066086,0.284867733558035,0.284867733558035,0.8264731140000094
ga,2,5,0.8861391911137814,0.8815318425103617,0.284867733558035,0.8341435209999872
ga,2,6,0.4283220998172413,0.4348524460977663,0.284867733558035,0.8389421050001147
ga,2,7,0.4907750277342269,0.488941012001656,0.284867733558035,0.8438435400000799
ga,2,8,0.2747318063133019,0.2690536678506839,0.2690536678506839,0.8484850810000353
ga,2,9,0.3474815204205296,0.3410820069856035,0.2690536678506839,0.8534253390000686
ga,2,10,0.3641848210408587,0.3413303292528197,0.2690536678506839,0.8582401430001028
ga,2,11,0.3849460951232601,0.3849460951232601,0.2690536678506839,0.8759515159999864
ga,2,12,0.315421652339207,0.3208958139310176,0.2690536678506839,0.8874353579999479
ga,2,13,0.3383764489461632,0.3252984963165619,0.2690536678506839,0.897209698000097
ga,2,14,0.2995015223834201,0.2933977975094123,0.2690536678506839,0.907560031999992
ga,2,15,0.2578658943389774,0.2616009081213588,0.2616009081213588,0.9159596320000674
ga,2,16,0.5231750216379837,0.523996129681139,0.2616009081213588,0.9298889809999764
ga,2,17,0.4462219691224762,0.4365367116902183,0.2616009081213588,0.9389902549999078
ga,2,18,0.3861069108845816,0.3885548925533023,0.2616009081213588,0.9551211360001162
ga,2,19,0.3279711442057207,0.346720658956704,0.2616009081213588,0.966248351000104
ga,2,20,0.3372258729968693,0.341416225276007,0.2616009081213588,0.9777373819999866
ga,2,21,0.2680156014800064,0.2680156014800064,0.2616009081213588,0.9954010270000708
ga,2,22,0.3169619546661573,0.3169619546661573,0.2616009081213588,1.0071173660001025
ga,2,23,0.2539077545679092,0.2580601293181175,0.2580601293181175,1.0193101120000847
ga,2,24,0.2617143406634009,0.2634131849754136,0.2580601293181175,1.031453575000114
ga,2,25,0.2950005771108857,0.2940946028523202,0.2580601293181175,1.0435915880000266
ga,2,26,0.3150489566554724,0.3190403632856362,0.2580601293181175,1.0557919979999042
ga,2,27,0.3562201589667533,0.3514017599261968,0.2580601293181175,1.0679076890000945
ga,2,28,0.3004214012776651,0.2953091001277745,0.2580601293181175,1.080433216000074
ga,2,29,0.334161002575214,0.3515471923593681,0.2580601293181175,1.089912121999987
ga,2,30,0.3235550758245193,0.3397752043988246,0.2580601293181175,1.0958885259999531
ga,2,31,0.2591417860735958,0.2625053665274691,0.2580601293181175,1.10451256500005
ga,2,32,0.2816048938319355,0.2740915449503543,0.2580601293181175,1.1109689550000894
ga,2,33,0.2502534034808791,0.2543763671365077,0.2543763671365077,1.1168185320000248
ga,2,34,0.2674244859131559,0.2654487799872996,0.2543763671365077,1.1279700120001053
ga,2,35,0.2655451945265538,0.2645230932842984,0.2543763671365077,1.1343441490000714
ga,2,36,0.2633482721869019,0.2626979279207147,0.2543763671365077,1.150382898000089
ga,2,37,0.2699706904150955,0.2599729303029113,0.2543763671365077,1.169724687000098
ga,2,38,0.268045267397503,0.2720100234847202,0.2543763671365077,1.1874167979999584
ga,2,39,0.3026666793328788,0.3051478788792032,0.2543763671365077,1.2033262659999764
ga,2,40,0.271819339787881,0.268433742537444,0.2543763671365077,1.2194724260000385
ga,2,41,0.2692373242652037,0.2639261089585537,0.2543763671365077,1.244118341000103
ga,2,42,0.2598805462490706,0.2543763671365077,0.2543763671365077,1.2618286520000763
ga,2,43,0.2543617046540638,0.2581175412309056,0.2543763671365077,1.2783840269999018
ga,2,44,0.269158131201707,0.2580601293181175,0.2543763671365077,1.2917661639999096
ga,2,45,0.2600808543976265,0.2549827504261117,0.2543763671365077,1.305034188000036
ga,2,46,0.2660901239910384,0.2692200027260659,0.2543763671365077,1.3122631310000088
ga,2,47,0.2703008702057694,0.263006853425524,0.2543763671365077,1.3197233759999565
ga,2,48,0.2648955688932435,0.2682842328345001,0.2543763671365077,1.326939134999975
ga,2,49,0.2578658943389774,0.2616009081213588,0.2543763671365077,1.3339773519999198
ga,2,50,0.2677070148374483,0.2634131849754136,0.2543763671365077,1.340752977999955
ga,3,1,0.5081220172432771,0.5015865766011776,0.5015865766011776,0.5072699309998825
ga,3,2,0.3352350283327083,0.3297357794244122,0.3297357794244122,0.5156766640000114
ga,3,3,0.5206739981876376,0.5197182511202358,0.3297357794244122,0.5231628079998245
ga,3,4,0.6335475895153231,0.6248833059530388,0.3297357794244122,0.5308759859999554
ga,3,5,0.3525455288479382,0.3572850484210028,0.3297357794244122,0.5419006859999627
ga,3,6,0.3751389815857686,0.372863118107754,0.3297357794244122,0.5610184170000139
ga,3,7,0.5167730605659628,0.5131579913209271,0.3297357794244122,0.5727283209998859
ga,3,8,0.6002921206233599,0.6002921206233599,0.3297357794244122,0.5815572879998854
ga,3,9,0.3980796864936189,0.401813805771368,0.3297357794244122,0.5976854389998607
ga,3,10,0.323397345434216,0.3292242408735491,0.3292242408735491,0.6087245599999278
ga,3,11,0.283048982617029,0.2878895812548828,0.2878895812548828,0.6267558609999924
ga,3,12,0.3386482903002015,0.3394409358832,0.2878895812548828,0.637413037999977
ga,3,13,0.3349535146652891,0.3235007979204809,0.2878895812548828,0.6491637079998327
ga,3,14,0.3449898995032205,0.3508431868523818,0.2878895812548828,0.6605846939999083
ga,3,15,0.4825693184082903,0.4633740641624846,0.2878895812548828,0.6718369029999849
ga,3,16,0.4905889444225496,0.4810517320516546,0.2878895812548828,0.6835433300000204
ga,3,17,0.516766894779643,0.5085562161069926,0.2878895812548828,0.6943847109998842
ga,3,18,0.4030909210093681,0.4074927158217732,0.2878895812548828,0.7051767119999113
ga,3,19,0.3278309459110723,0.333019068937926,0.2878895812548828,0.7157784479998099
ga,3,20,0.337392846243648,0.3401842959280134,0.2878895812548828,0.7276320329999635
ga,3,21,0.349475896246557,0.3461250029038532,0.2878895812548828,0.7451549979998617
ga,3,22,0.3290009414506471,0.3336117951877639,0.2878895812548828,0.7527402289999827
ga,3,23,0.2978359113493047,0.287765387915122,0.287765387915122,0.7625982329998351
ga,3,24,0.2991674166330485,0.2914051953100928,0.287765387915122,0.7742780229998516
ga,3,25,0.3432598771379077,0.3401409940699887,0.287765387915122,0.7861307449998094
ga,3,26,0.3335260372196981,0.338132133142755,0.287765387915122,0.8011021239999536
ga,3,27,0.3268953431810883,0.3304359388804929,0.287765387915122,0.8138502199999493
ga,3,28,0.3262151464051465,0.3295263811867162,0.287765387915122,0.8259385829999246
ga,3,29,0.3839757988856883,0.3776397864680788,0.287765387915122,0.8449170379999487
ga,3,30,0.3406174594016926,0.3415237638512666,0.287765387915122,0.8547424839998712
ga,3,31,0.3300697827527981,0.3295263811867162,0.287765387915122,0.8724550859999454
ga,3,32,0.2877822116330132,0.2886441502513359,0.287765387915122,0.8860879649998878
ga,3,33,0.261194937506759,0.2632560104474892,0.2632560104474892,0.8989354660000117
ga,3,34,0.3174670362127763,0.3230460265530223,0.2632560104474892,0.914498149999872
ga,3,35,0.3003748082545216,0.2892453327387297,0.2632560104474892,0.9266569239998717
ga,3,36,0.3296682506066795,0.3291752162635655,0.2632560104474892,0.9432050159998652
ga,3,37,0.28225116646456,0.2870069031275185,0.2632560104474892,0.9567902759999924
ga,3,38,0.3338385940173736,0.3378779275074828,0.2632560104474892,0.971984781999936
ga,3,39,0.2813266391152805,0.2798016019342839,0.2632560104474892,0.9909680359999128
ga,3,40,0.3515754523787942,0.3405966711027562,0.2632560104474892,0.9985835229999792
ga,3,41,0.2913388998387133,0.2814350773978618,0.2632560104474892,1.0082620939999742
ga,3,42,0.2872731209841809,0.2883446548141323,0.2632560104474892,1.0210526189998743
ga,3,43,0.2707158604287944,0.2677956039354495,0.2632560104474892,1.034286100999907
ga,3,44,0.2876651546804518,0.2914051953100928,0.2632560104474892,1.050199509999857
ga,3,45,0.2839757344351729,0.2810725126451245,0.2632560104474892,1.0612684779998744
ga,3,46,0.2806010740369333,0.2815157118811934,0.2632560104474892,1.0690621979999833
ga,3,47,0.2831517329379314,0.2891657080862034,0.2632560104474892,1.0764550599999438
ga,3,48,0.2822923288675561,0.2862305377958062,0.2632560104474892,1.0843554189998486
ga,3,49,0.2889093614459996,0.2864588395491504,0.2632560104474892,1.0949999269998898
ga,3,50,0.2756674223147837,0.2733851339476582,0.2632560104474892,1.113276009999936
ga,4,1,0.502696060778889,0.5069871945267991,0.5069871945267991,0.8037967759998992
ga,4,2,0.310571203114319,0.316188894488492,0.316188894488492,0.8223516000000473
ga,4,3,0.3571099339208006,0.360362734437596,0.316188894488492,0.8303584679999858
ga,4,4,0.4638085642370601,0.4687082948374544,0.316188894488492,0.8440887479998764
ga,4,5,0.4369998371913451,0.4337366921394297,0.316188894488492,0.8563151589999052
ga,4,6,0.7133423338629593,0.7142500843972708,0.316188894488492,0.8671509719999904
ga,4,7,0.4386134904240156,0.4437174362604878,0.316188894488492,0.8779588729998977
ga,4,8,0.3826356547301092,0.3983117989528992,0.316188894488492,0.88570635699989
ga,4,9,0.4809801830419596,0.4880230285098157,0.316188894488492,0.8968630499998653
ga,4,10,0.3613912076092206,0.3527758399580349,0.316188894488492,0.9056760839998788
ga,4,11,0.3787213986379358,0.3911729500266533,0.316188894488492,0.913994883999976
ga,4,12,0.5073522413248212,0.5162415815947036,0.316188894488492,0.9191597629999252
ga,4,13,0.3206447873860474,0.3254618030900388,0.316188894488492,0.927490906999992
ga,4,14,0.3689450629177089,0.3608908909601427,0.316188894488492,0.9371664129998862
ga,4,15,0.456502401926355,0.4355798611458255,0.316188894488492,0.9483398069999112
ga,4,16,0.3829080785993194,0.3602355683720592,0.316188894488492,0.959052088999897
ga,4,17,0.4605124910520882,0.4645254386281012,0.316188894488492,0.9663313680000556
ga,4,18,0.4282193482625305,0.4058014155909765,0.316188894488492,0.9772428520000176
ga,4,19,0.4432467630886401,0.4388305208409622,0.316188894488492,0.9883910290000132
ga,4,20,0.3390582076706972,0.3322724118405905,0.316188894488492,0.9973779780000314
ga,4,21,0.4016426749518149,0.3322459493353976,0.316188894488492,1.0051657869998962
ga,4,22,0.311767573380897,0.3052714283664833,0.3052714283664833,1.0114048929999626
ga,4,23,0.3174294405949954,0.3252238782581516,0.3052714283664833,1.017424118000008
ga,4,24,0.3106713384633911,0.311370417506459,0.3052714283664833,1.0229672529999334
ga,4,25,0.3003586751078671,0.3083541661160038,0.3052714283664833,1.0287130669998987
ga,4,26,0.4839007428626987,0.4783559293934313,0.3052714283664833,1.037891904999924
ga,4,27,0.4729944655985569,0.3918303116969619,0.3052714283664833,1.0518146249999063
ga,4,28,0.3389753481797604,0.3161885917808889,0.3052714283664833,1.0637982119999378
ga,4,29,0.3650779583657144,0.3583709426196755,0.3052714283664833,1.0767031709999628
ga,4,30,0.5022884413587787,0.5053621799512092,0.3052714283664833,1.0910914199998842
ga,4,31,0.3542732958040273,0.3083541661160038,0.3052714283664833,1.1098911209999187
ga,4,32,0.3124797296678752,0.3177612942593507,0.3052714283664833,1.1216833109999698
ga,4,33,0.3343828178656335,0.3029295667662248,0.3029295667662248,1.1284549219999462
ga,4,34,0.335607813199207,0.3160420422874319,0.3029295667662248,1.1351700269999585
ga,4,35,0.3085324619654324,0.3085324619654324,0.3029295667662248,1.1415422610000403
ga,4,36,0.3051666663503819,0.311370417506459,0.3029295667662248,1.1527215579999393
ga,4,37,0.3331269078416546,0.3252238782581516,0.3029295667662248,1.170006118999936
ga,4,38,0.3093379138050739,0.315384170856572,0.3029295667662248,1.182248458999993
ga,4,39,0.2947779761648326,0.30108458671082,0.30108458671082,1.197652015999893
ga,4,40,0.3130668152152893,0.3164648596170487,0.30108458671082,1.209628529999918
ga,4,41,0.3497033493204183,0.299104198768509,0.299104198768509,1.2302618669998535
ga,4,42,0.2986767020294839,0.3063648246037971,0.299104198768509,1.2426192719999565
ga,4,43,0.3674351518760195,0.316188894488492,0.299104198768509,1.2552371939998466
ga,4,44,0.3162448695746714,0.3104011971144316,0.299104198768509,1.2679108909999286
ga,4,45,0.3026904140589173,0.3078331400332432,0.299104198768509,1.2801112130000547
ga,4,46,0.3450906033642988,0.3240230850988164,0.299104198768509,1.296324729999924
ga,4,47,0.3190670061105623,0.3088049303363566,0.299104198768509,1.3163261759998477
ga,4,48,0.3009591110204394,0.3092895139734967,0.299104198768509,1.330918931000042
ga,4,49,0.3071412122722767,0.311370417506459,0.299104198768509,1.344427857000028
ga,4,50,0.3031180820387485,0.311370417506459,0.299104198768509,1.3648952009998538
grid,0,1,0.6239031567355454,0.6180965343363463,0.6180965343363463,1.8694905820000256
grid,0,2,0.4135263786901172,0.3826423627687383,0.3826423627687383,1.890111985999965
grid,0,3,0.5657880325690341,0.5788084449940025,0.3826423627687383,1.907636926000123
grid,0,4,0.3653232186992313,0.374882737955745,0.374882737955745,1.922960322000108
grid,0,5,0.5676549290055511,0.549207207231446,0.374882737955745,1.9303124240000216
grid,0,6,0.3926939574849697,0.3966122281517801,0.374882737955745,1.943956035000156
grid,0,7,0.402689450098619,0.402689450098619,0.374882737955745,1.950123083000108
grid,0,8,0.7542532430350289,0.7427685101749859,0.374882737955745,1.957102328000019
grid,0,9,0.7799501721496332,0.7826736655556159,0.374882737955745,1.9635014390000836
grid,0,10,0.8061226304678805,0.7956183106275657,0.374882737955745,1.9726557460001004
grid,0,11,0.8631997892181421,0.8658617769632042,0.374882737955745,1.9786848159999408
grid,0,12,0.4209071904377313,0.4041537083459712,0.374882737955745,1.9887881459999333
grid,0,13,0.4825701596537171,0.4624372043988049,0.374882737955745,1.9962078129999556
grid,0,14,0.4401679061476376,0.4242676083661842,0.374882737955745,2.005714909000062
grid,0,15,0.7461885527288072,0.740613530996194,0.374882737955745,2.0122887070001525
grid,0,16,0.8136764800139861,0.8154200512459924,0.374882737955745,2.018580707999945
grid,0,17,0.4774158792203581,0.3482514278517724,0.3482514278517724,2.02607018599997
grid,0,18,0.8248973891656104,0.814906173437487,0.3482514278517724,2.029799490999949
grid,0,19,0.417808315280637,0.4184437158365163,0.3482514278517724,2.0337396500001432
grid,0,20,0.3805338991607859,0.386496123065406,0.3482514278517724,2.037827214000117
grid,0,21,0.6867507587599012,0.6897927932914558,0.3482514278517724,2.0413527979999344
grid,0,22,0.3820002570859117,0.3506314854824099,0.3482514278517724,2.0458176570000437
grid,0,23,0.4326430088319432,0.4403380002553007,0.3482514278517724,2.0499065139999857
grid,0,24,0.8696676328975173,0.8658953677649228,0.3482514278517724,2.0554751439999563
grid,0,25,0.3861630865598156,0.3902060620714253,0.3482514278517724,2.0623395540001184
grid,0,26,0.6749844603420873,0.6630405601998153,0.3482514278517724,2.072469643999966
grid,0,27,0.6497681837659001,0.6165702880743661,0.3482514278517724,2.0826349690000825
grid,0,28,0.5393863114980441,0.5123774752646347,0.3482514278517724,2.0928740140000173
grid,0,29,0.7519349770197976,0.7452551516339004,0.3482514278517724,2.100335610000002
grid,0,30,0.479157099778676,0.4845593339041858,0.3482514278517724,2.1165189850000843
grid,0,31,1.0572590557985588,1.0530778871994322,0.3482514278517724,2.129277043000002
grid,0,32,0.9916476613644576,0.9791611007064231,0.3482514278517724,2.1392322750000403
grid,0,33,0.7789486371840169,0.7769207780811942,0.3482514278517724,2.14983071000006
grid,0,34,0.5478690619353855,0.5148346661936943,0.3482514278517724,2.160923247000028
grid,0,35,0.5555827643555236,0.5735320770624398,0.3482514278517724,2.169130114000154
grid,0,36,0.7275325261580231,0.7284889585198616,0.3482514278517724,2.179561706999948
grid,0,37,0.5919485209804801,0.5992367673709478,0.3482514278517724,2.189601928000002
grid,0,38,0.6535918854543208,0.646988468536891,0.3482514278517724,2.1998315210000783
grid,0,39,0.6849435166683405,0.6634536637621169,0.3482514278517724,2.2139025910000782
grid,0,40,0.7935061744672771,0.7868158207066425,0.3482514278517724,2.2244995720000134
grid,0,41,0.5803595242406654,0.583789773279183,0.3482514278517724,2.234630093000078
grid,0,42,0.8424489151074297,0.8119137782391392,0.3482514278517724,2.2457015699999374
grid,0,43,0.8877053039258334,0.8932643744476111,0.3482514278517724,2.2565697279999317
grid,0,44,0.576426522963164,0.5804785895297819,0.3482514278517724,2.266895764000082
grid,0,45,0.3391938153171748,0.3325790110411443,0.3325790110411443,2.2754712900000413
grid,0,46,0.3029640189461512,0.3056978834659641,0.3056978834659641,2.289332047000016
grid,0,47,0.4507265107453759,0.4519627691590195,0.3056978834659641,2.3004318069999954
grid,0,48,0.7613506424386501,0.7506782774422789,0.3056978834659641,2.3117642920001344
grid,0,49,0.5695690989646165,0.5634915729285405,0.3056978834659641,2.3228004540001166
grid,0,50,0.8757044526102622,0.8757044526102622,0.3056978834659641,2.333394140000109
grid,1,1,0.6005719569720422,0.6079022782320724,0.6079022782320724,2.00775502800002
grid,1,2,0.4865198559779545,0.4658492726605497,0.4658492726605497,2.015626789999942
grid,1,3,0.404204566551374,0.4080982729589433,0.4080982729589433,2.020871505000059
grid,1,4,1.0467798932497951,1.0300528821568449,0.4080982729589433,2.0244469530000515
grid,1,5,0.4007561226917865,0.3883010748792099,0.3883010748792099,2.029268117999891
grid,1,6,0.5441983001590586,0.5322167253303307,0.3883010748792099,2.03296555299994
grid,1,7,0.3001776282209084,0.3061335357090561,0.3061335357090561,2.0369232749999355
grid,1,8,1.053754652766843,1.04064510309951,0.3061335357090561,2.040446604999943
grid,1,9,0.3684419068593635,0.3839573395836704,0.3061335357090561,2.0444051079998644
grid,1,10,0.8547965748216301,0.8560896974724678,0.3061335357090561,2.0480901799999174
grid,1,11,0.3324585087173535,0.3306949116497141,0.3061335357090561,2.0531314560000737
grid,1,12,0.4574025508749825,0.4637077922131788,0.3061335357090561,2.05757180899991
grid,1,13,0.8097876014680874,0.7994159303718635,0.3061335357090561,2.061027782999872
grid,1,14,0.8619217104885987,0.8645657173905928,0.3061335357090561,2.0639937129999453
grid,1,15,0.993281857792912,0.9812295212550914,0.3061335357090561,2.0675906710000618
grid,1,16,0.4422720497587914,0.3929513302370829,0.3061335357090561,2.071587885999861
grid,1,17,0.9669954166221438,0.9727414980351888,0.3061335357090561,2.075085497999908
grid,1,18,0.4408800318622058,0.4293320123650243,0.3061335357090561,2.07899773500003
grid,1,19,0.673835495889987,0.6663443517961489,0.3061335357090561,2.083291394000071
grid,1,20,0.4123782188631888,0.424693829305716,0.3061335357090561,2.0875019479999537
grid,1,21,0.5712003535719165,0.5778469575530352,0.3061335357090561,2.0913031769998724
grid,1,22,1.0650149108610716,1.0663226171599265,0.3061335357090561,2.095086583000011
grid,1,23,0.4523650818067518,0.4489529660047361,0.3061335357090561,2.099820244000057
grid,1,24,0.3954444380699151,0.3882237110885577,0.3061335357090561,2.104085710999925
grid,1,25,0.6415921281935026,0.6295971652241089,0.3061335357090561,2.108420606999971
grid,1,26,0.8168292973384189,0.8147930931515939,0.3061335357090561,2.112535461999869
grid,1,27,0.8755640659432218,0.8722619647934107,0.3061335357090561,2.11681072600004
grid,1,28,0.789297228006322,0.7766422239499652,0.3061335357090561,2.1209001039999293
grid,1,29,0.2888752739065914,0.2892212976596736,0.2892212976596736,2.139671686999918
grid,1,30,0.3201003853611855,0.3166616588889436,0.2892212976596736,2.157262920999983
grid,1,31,0.424184307075164,0.42428776368993,0.2892212976596736,2.173964885000032
grid,1,32,0.4044104923792773,0.4145639100753913,0.2892212976596736,2.191338803000008
grid,1,33,0.9012708770333802,0.8995560725759857,0.2892212976596736,2.2049283040000773
grid,1,34,0.8335092583323436,0.8231718372144985,0.2892212976596736,2.227977110999973
grid,1,35,1.06296985346408,1.0561919966507811,0.2892212976596736,2.246184115000005
grid,1,36,1.0436976652581675,1.0490745708608464,0.2892212976596736,2.259943522999947
grid,1,37,0.8289268338875708,0.8567055676248555,0.2892212976596736,2.274168400000008
grid,1,38,0.6128269269649672,0.6128269269649672,0.2892212976596736,2.2942225839999537
grid,1,39,0.6959995156847536,0.6916431477310835,0.2892212976596736,2.311294629000031
grid,1,40,0.4648169054349072,0.4550102806844304,0.2892212976596736,2.329294405999917
grid,1,41,0.6588429891324027,0.6541757944707818,0.2892212976596736,2.334697086999995
grid,1,42,0.7772151776568614,0.7123927158162071,0.2892212976596736,2.3448166660000425
grid,1,43,0.8116946243930343,0.8047677991328313,0.2892212976596736,2.35504479899987
grid,1,44,0.8246441864889431,0.8280716797952127,0.2892212976596736,2.360237307000034
grid,1,45,0.3575457141732228,0.3491375885937847,0.2892212976596736,2.3651834550000785
grid,1,46,0.3514099746074198,0.3529330340810115,0.2892212976596736,2.370752776000017
grid,1,47,0.6364345640224633,0.6380153689440313,0.2892212976596736,2.375355462000016
grid,1,48,1.0335758527167125,1.0359854871573173,0.2892212976596736,2.38580183199997
grid,1,49,0.6467759353033615,0.6298698877645419,0.2892212976596736,2.401502898999979
grid,1,50,0.3912481079870338,0.3933907007666649,0.2892212976596736,2.410562506999895
grid,2,1,0.8600526106213471,0.8655025000089587,0.8655025000089587,2.315997880000168
grid,2,2,1.0484835157309176,1.0416954977518698,0.8655025000089587,2.334990321000077
grid,2,3,0.7990337150196818,0.7936517391465562,0.7936517391465562,2.353056741000046
grid,2,4,0.367632336773304,0.3718084878686196,0.3718084878686196,2.3717814120000185
grid,2,5,0.8383752828814651,0.8277705314190865,0.3718084878686196,2.3820239070000757
grid,2,6,1.0616147480267224,1.0651259469354843,0.3718084878686196,2.391765244999988
grid,2,7,0.8102763366678108,0.8085549673577508,0.3718084878686196,2.398232155999949
grid,2,8,0.3715513476897847,0.3678309779963515,0.3678309779963515,2.405372916000033
grid,2,9,0.2967128699471642,0.2909253284290078,0.2909253284290078,2.412465205999979
grid,2,10,0.3993229361498634,0.360178941313829,0.2909253284290078,2.426036609999983
grid,2,11,0.3766947048717167,0.3766947048717167,0.2909253284290078,2.4300923360001434
grid,2,12,0.3329224121058506,0.3387586766922966,0.2909253284290078,2.4414835150000727
grid,2,13,0.854311523483318,0.8508964120179371,0.2909253284290078,2.451315592000128
grid,2,14,0.6236650697927597,0.6086924743140326,0.2909253284290078,2.461535715000082
grid,2,15,0.826266199363521,0.828510292173731,0.2909253284290078,2.468731227000035
grid,2,16,0.5126082365365267,0.5154593771270696,0.2909253284290078,2.4784183950000624
grid,2,17,0.867395423504395,0.8633149238176568,0.2909253284290078,2.484736127000133
grid,2,18,0.3386685829187844,0.3417903853832536,0.2909253284290078,2.4906728580001527
grid,2,19,0.4237138673248016,0.4312661409800377,0.2909253284290078,2.495680192000009
grid,2,20,0.5756741897293384,0.5811405778205383,0.2909253284290078,2.5024252230000457
grid,2,21,0.8784704561066252,0.8784704561066252,0.2909253284290078,2.509186034000095
grid,2,22,0.5736004925865322,0.5736004925865322,0.2909253284290078,2.5162613520001287
grid,2,23,1.0596912727448649,1.0652329103687863,0.2909253284290078,2.523022141999945
grid,2,24,0.8921941078349801,0.8940252705823372,0.2909253284290078,2.535238874000015
grid,2,25,1.064022185144995,1.061906857163345,0.2909253284290078,2.539191469000116
grid,2,26,0.880855187755211,0.885236586542587,0.2909253284290078,2.5489824700000554
grid,2,27,0.4723775525054839,0.4645358416932002,0.2909253284290078,2.559527820000085
grid,2,28,0.2660252733082956,0.2600098610654806,0.2600098610654806,2.567146844000036
grid,2,29,0.350708955702005,0.3622343643428806,0.2600098610654806,2.576678591000018
grid,2,30,0.8745912359006678,0.8778362117196861,0.2600098610654806,2.5832416309999644
grid,2,31,0.3797594418625676,0.3875026658179062,0.2600098610654806,2.5907504990000234
grid,2,32,0.6205927409911831,0.6135094992618264,0.2600098610654806,2.600807387000032
grid,2,33,0.4721723676389001,0.4779282126989089,0.2600098610654806,2.61116955600005
grid,2,34,1.059757561949338,1.0572536127710497,0.2600098610654806,2.620420327000147
grid,2,35,1.0545480605202076,1.052529893374199,0.2600098610654806,2.624662332000071
grid,2,36,0.371206869675488,0.3690475867659873,0.2600098610654806,2.6380091360001643
grid,2,37,0.5453872252514614,0.4901167685997897,0.2600098610654806,2.64809199299998
grid,2,38,1.0618003828493416,1.067696597572381,0.2600098610654806,2.6521908700001404
grid,2,39,1.0466129261290085,1.0498823366330727,0.2600098610654806,2.6603540900000557
grid,2,40,0.2980628613848586,0.2893323178649102,0.2600098610654806,2.6733036120001543
grid,2,41,0.9816157722950932,0.9703104210524178,0.2600098610654806,2.680977557999995
grid,2,42,0.907655794064618,0.902749282094516,0.2600098610654806,2.6885772749999437
grid,2,43,0.6897538657134006,0.6959383346095395,0.2600098610654806,2.6989708119999705
grid,2,44,0.7299881136523878,0.7215241603483372,0.2600098610654806,2.707724295000162
grid,2,45,0.5602127528766438,0.5474030245874818,0.2600098610654806,2.7188814690000527
grid,2,46,1.0632637639708518,1.0674451579421855,0.2600098610654806,2.7257083320000675
grid,2,47,0.3639053910222597,0.3556623031528629,0.2600098610654806,2.7394589210000504
grid,2,48,0.8133497068020561,0.8360098258172128,0.2600098610654806,2.745000533000166
grid,2,49,0.8609334657508118,0.8632905004710009,0.2600098610654806,2.74983153900007
grid,2,50,1.056291553294009,1.0495251573611402,0.2600098610654806,2.7547015560001
grid,3,1,0.9108847938745795,0.9008864250210762,0.9008864250210762,1.666511951000075
grid,3,2,0.8785892965250109,0.874403046793726,0.874403046793726,1.6842774100000495
grid,3,3,0.2797465836236389,0.2768754986232842,0.2768754986232842,1.7044479119999778
grid,3,4,0.8440935530527619,0.831678389215348,0.2768754986232842,1.722590946000082
grid,3,5,0.6043194212649858,0.6086842997279198,0.2768754986232842,1.7393529299999957
grid,3,6,0.6045445474404706,0.6009987515101929,0.2768754986232842,1.7518157029999202
grid,3,7,0.8544583669607515,0.8528373477477035,0.2768754986232842,1.7617123309998988
grid,3,8,0.9303605416810214,0.9303605416810214,0.2768754986232842,1.772801770999877
grid,3,9,0.3383414054914246,0.3440451930953699,0.2768754986232842,1.7819509930000097
grid,3,10,0.5415151320189318,0.5489499925347077,0.2768754986232842,1.7919198970000707
grid,3,11,0.8581875357403967,0.8631711368177037,0.2768754986232842,1.8064419739998807
grid,3,12,0.3289473038049416,0.3303608603394291,0.2768754986232842,1.8202943920000507
grid,3,13,0.8671276800394234,0.8616395363385049,0.2768754986232842,1.830785811999931
grid,3,14,0.5294153053166831,0.5426720582514907,0.2768754986232842,1.8447334380000484
grid,3,15,0.7678678075584812,0.7449633756085473,0.2768754986232842,1.8519416639999235
grid,3,16,0.7259006872591843,0.7042115635531316,0.2768754986232842,1.862692779000099
grid,3,17,0.6034693560677024,0.5854200449893819,0.2768754986232842,1.8720829619999224
grid,3,18,0.6795032596266887,0.6837355586407405,0.2768754986232842,1.8826317779999044
grid,3,19,0.3508815653990055,0.3646490301369398,0.2768754986232842,1.8926875540000765
grid,3,20,0.6753813575859422,0.6807349828391964,0.2768754986232842,1.9037095549999776
grid,3,21,1.058735547578463,1.054581104267188,0.2768754986232842,1.9107439760000489
grid,3,22,0.3932282060777868,0.3964819108320422,0.2768754986232842,1.921036884999921
grid,3,23,0.8627156548937265,0.8578230304019937,0.2768754986232842,1.9312073450000755
grid,3,24,0.6327078870291362,0.6277331267924289,0.2768754986232842,1.9412987579999024
grid,3,25,0.513122462588875,0.5105160736486283,0.2768754986232842,1.951151935000098
grid,3,26,0.6176707732906388,0.6291005952461912,0.2768754986232842,1.957489033999991
grid,3,27,1.0581025154016792,1.0610843951721558,0.2768754986232842,1.96494259799988
grid,3,28,0.7934553771444693,0.7950535527891348,0.2768754986232842,1.9752837969999744
grid,3,29,0.646753556698288,0.641505038025053,0.2768754986232842,1.9856380609999176
grid,3,30,0.8630415745171557,0.8630183776089149,0.2768754986232842,1.9961432259999583
grid,3,31,0.8829303665429368,0.8818889737768366,0.2768754986232842,2.005129874999966
grid,3,32,0.8643203117679237,0.8645500327009273,0.2768754986232842,2.012931027999912
grid,3,33,1.0693690437720889,1.072462407572267,0.2768754986232842,2.0208164200000738
grid,3,34,0.866721993512089,0.8693581137674261,0.2768754986232842,2.025255813000058
grid,3,35,0.8865003713758862,0.8796015812763553,0.2768754986232842,2.0319114869998884
grid,3,36,0.6768436262460349,0.674872941303879,0.2768754986232842,2.0435600280000017
grid,3,37,0.2921728178405907,0.3030661028301336,0.2768754986232842,2.054459831000031
grid,3,38,0.4647908758028936,0.4696955080987618,0.2768754986232842,2.0669016740000643
grid,3,39,0.8570727303000288,0.8554722884299321,0.2768754986232842,2.077344562999997
grid,3,40,1.0028932786013445,0.9905214065079276,0.2768754986232842,2.08631556499995
grid,3,41,1.0609152350815254,1.052661429653796,0.2768754986232842,2.09647406299996
grid,3,42,0.4687728735237004,0.4706555323801386,0.2768754986232842,2.1079442309999195
grid,3,43,0.6042399851050159,0.602084266125395,0.2768754986232842,2.119974576000004
grid,3,44,0.4414889217037269,0.4564572175631343,0.2768754986232842,2.1305302650000613
grid,3,45,0.7229968451661071,0.7132697812022489,0.2768754986232842,2.1416031710000425
grid,3,46,0.8130227287429996,0.8131149431346252,0.2768754986232842,2.152535184000044
grid,3,47,1.0521344292315882,1.0571370362293686,0.2768754986232842,2.163660438000079
grid,3,48,0.8071494476772599,0.808713930352897,0.2768754986232842,2.1711301519999324
grid,3,49,0.4028797808076226,0.4011875731307138,0.2768754986232842,2.1923065559999486
grid,3,50,1.061121296640974,1.0586656378965238,0.2768754986232842,2.20979453699988
grid,4,1,0.4129363940199869,0.4200389843378573,0.4200389843378573,1.9846252340000772
grid,4,2,0.4091915267253735,0.414133379033659,0.414133379033659,2.002957371000093
grid,4,3,0.6791231291527269,0.6835984907383517,0.414133379033659,2.0139665980000245
grid,4,4,0.2724326313357531,0.2787722859064703,0.2787722859064703,2.0222148580000976
grid,4,5,0.4169262603898317,0.4127357504146895,0.2787722859064703,2.0325648830000773
grid,4,6,0.8492881771701272,0.8493444825010844,0.2787722859064703,2.039375557000085
grid,4,7,0.7144649795824536,0.7161079818399163,0.2787722859064703,2.0492561749999822
grid,4,8,0.2858919860872564,0.2919572759659822,0.2787722859064703,2.0564635099999578
grid,4,9,0.8707978157992095,0.8730887929816875,0.2787722859064703,2.0627436320000925
grid,4,10,0.4187364483523008,0.3967101468913535,0.2787722859064703,2.066800139999941
grid,4,11,0.3926335198185985,0.4124715867325036,0.2787722859064703,2.071503917999962
grid,4,12,0.3759168601869703,0.3846606015363317,0.2787722859064703,2.077700006999976
grid,4,13,0.8781255803607121,0.8805013692537429,0.2787722859064703,2.0935752750001484
grid,4,14,0.7090798914248789,0.700825788619701,0.2787722859064703,2.1070678010000847
grid,4,15,0.7792102144653253,0.7713310633503221,0.2787722859064703,2.1195941319999747
grid,4,16,0.8041736038162022,0.7461129401801316,0.2787722859064703,2.133138005000092
grid,4,17,0.3572895482452823,0.3696719691480507,0.2787722859064703,2.149786827000071
grid,4,18,0.4400582005906656,0.4323222246665628,0.2787722859064703,2.1607584060000136
grid,4,19,0.9573919548831664,0.9544804443919556,0.2787722859064703,2.171485344000075
grid,4,20,0.8493803327561325,0.8354440366418957,0.2787722859064703,2.182635173000108
grid,4,21,0.8926441550090068,0.8814243915959264,0.2787722859064703,2.190121649000048
grid,4,22,0.3675095673433323,0.3638115863731473,0.2787722859064703,2.200842947999945
grid,4,23,0.4883784024821972,0.4952690326630774,0.2787722859064703,2.211911967000105
grid,4,24,0.4620041488614809,0.462718395940364,0.2787722859064703,2.2226661879999483
grid,4,25,0.3817895651112248,0.3903314493697596,0.2787722859064703,2.23343232000002
grid,4,26,0.6920930452018245,0.6852171273260376,0.2787722859064703,2.2442773909999687
grid,4,27,0.8710033630336754,0.8621483822916979,0.2787722859064703,2.251926651000076
grid,4,28,0.3858306479503287,0.3654010489036751,0.2787722859064703,2.2628516310001032
grid,4,29,0.8663712931746155,0.8615192494506613,0.2787722859064703,2.270150074999947
grid,4,30,0.3305751781707469,0.3503990594228247,0.2787722859064703,2.282743043999972
grid,4,31,1.0726464494064043,1.0599968434281086,0.2787722859064703,2.289119262999975
grid,4,32,0.5577289959900061,0.56487774408033,0.2787722859064703,2.302741881999964
grid,4,33,0.3880338721608434,0.3764769387047496,0.2787722859064703,2.314483217000088
grid,4,34,0.392668411129141,0.3683649165975048,0.2787722859064703,2.3263672380001026
grid,4,35,0.3563560912470228,0.3563560912470228,0.2787722859064703,2.338449429000093
grid,4,36,0.4833309152265451,0.4884814152406898,0.2787722859064703,2.35379340999998
grid,4,37,0.9871851092483948,0.9843242655827265,0.2787722859064703,2.3705896980000034
grid,4,38,0.8623561048853106,0.8668276255949482,0.2787722859064703,2.3872828040000518
grid,4,39,0.8811343770398286,0.8837423914163949,0.2787722859064703,2.3921287810001104
grid,4,40,0.875627772698132,0.8774825242366922,0.2787722859064703,2.4052619460001097
grid,4,41,0.4512572371646962,0.3486045835801701,0.2787722859064703,2.4173429550000947
grid,4,42,0.2877661590813321,0.2937351504317917,0.2787722859064703,2.429575166999939
grid,4,43,0.9254044126304324,0.9111773520984612,0.2787722859064703,2.439300237999987
grid,4,44,0.491975331693852,0.4850332512950256,0.2787722859064703,2.4499737950000053
grid,4,45,0.3056446772638077,0.3106197881450065,0.2787722859064703,2.4650501700000405
grid,4,46,1.066482800770535,1.059678675945206,0.2787722859064703,2.47668208999994
grid,4,47,0.8579356929805674,0.8541184843308148,0.2787722859064703,2.4849455380001477
grid,4,48,0.3334141764340926,0.3439088583014018,0.2787722859064703,2.4960936850000053
grid,4,49,0.4436692700997568,0.446251439519343,0.2787722859064703,2.506935642000144
grid,4,50,1.0469866363491305,1.0521689896289217,0.2787722859064703,2.5186710749999293
lhs,0,1,0.7554271559276498,0.750660403409015,0.750660403409015,1.8511830380000447
lhs,0,2,0.4117433617078507,0.3917690023611687,0.3917690023611687,1.869332987000007
lhs,0,3,0.3699775037132399,0.3762083371018262,0.3762083371018262,1.87573033700005
lhs,0,4,0.4999352045818047,0.5024317502595076,0.3762083371018262,1.8807226029998676
lhs,0,5,0.5631715310905593,0.553976426214212,0.3762083371018262,1.887893501000008
lhs,0,6,0.4014606134514851,0.413957106396439,0.3762083371018262,1.8932061460000116
lhs,0,7,0.3178317130611522,0.3178317130611522,0.3178317130611522,1.9075098499999967
lhs,0,8,0.4084045074160914,0.4047267253315522,0.3178317130611522,1.918703682999876
lhs,0,9,0.6400941111926237,0.6429249673433399,0.3178317130611522,1.9263707369998428
lhs,0,10,0.5331462769711908,0.5206839902315888,0.3178317130611522,1.9374893599999723
lhs,0,11,0.4198444615717385,0.4301156995623297,0.3178317130611522,1.948609013999885
lhs,0,12,0.4777294051931424,0.4744744555431178,0.3178317130611522,1.9565243529998495
lhs,0,13,0.4894188192839475,0.4681239246437385,0.3178317130611522,1.9669206959999883
lhs,0,14,0.5418170851536402,0.5377394294719061,0.3178317130611522,1.976603335999925
lhs,0,15,0.5412636296445384,0.5276679001803604,0.3178317130611522,1.986764819999962
lhs,0,16,0.7190298148298541,0.7195248716005849,0.3178317130611522,1.997557614000016
lhs,0,17,0.4166038168699134,0.3718377739429669,0.3178317130611522,2.008087235999937
lhs,0,18,0.3187058528851885,0.3131693054795335,0.3131693054795335,2.0173243770000227
lhs,0,19,0.2841074130084145,0.2883873501244555,0.2883873501244555,2.024772841999948
lhs,0,20,0.2984556108509438,0.3048312493402538,0.2883873501244555,2.03975968199984
lhs,0,21,0.5689271472425549,0.5736047190505787,0.2883873501244555,2.0511919409998427
lhs,0,22,0.4422627272658641,0.4352101292070103,0.2883873501244555,2.0617136680000385
lhs,0,23,0.3343258937771199,0.3439815762502274,0.2883873501244555,2.072881402999883
lhs,0,24,0.4713777549846205,0.458268808983431,0.2883873501244555,2.086615859999938
lhs,0,25,0.3584825296418975,0.363346730784119,0.2883873501244555,2.097745572999884
lhs,0,26,0.4577725637781929,0.4448107089420897,0.2883873501244555,2.110203228000046
lhs,0,27,0.4504032484871183,0.4307917998875472,0.2883873501244555,2.116229265999891
lhs,0,28,0.4213067355477593,0.4131397860198039,0.2883873501244555,2.1218282559998443
lhs,0,29,0.3317281904076716,0.3265331113816678,0.2883873501244555,2.1278018769999107
lhs,0,30,0.2964837498623747,0.3065097879390716,0.2883873501244555,2.1338141490000453
lhs,0,31,0.287081643854081,0.2813885028576011,0.2813885028576011,2.139947647999861
lhs,0,32,0.4533115006168548,0.4390437840632035,0.2813885028576011,2.1463850459999776
lhs,0,33,0.3192978233872526,0.3124660997047169,0.2813885028576011,2.1533780299998853
lhs,0,34,0.3822187116412384,0.3723294617545448,0.2813885028576011,2.159809515999996
lhs,0,35,0.4885807419328279,0.4925303935879871,0.2813885028576011,2.166135213999951
lhs,0,36,0.5348120352335276,0.5384618201970084,0.2813885028576011,2.172609860999956
lhs,0,37,0.3054726322925909,0.3093313629932682,0.2813885028576011,2.1791911459999938
lhs,0,38,0.304402931534857,0.2975894131813273,0.2813885028576011,2.185390779000045
lhs,0,39,0.3560357130319252,0.3510285235711547,0.2813885028576011,2.192009103999908
lhs,0,40,0.32763480751142,0.3135708829194927,0.2813885028576011,2.198541007999893
lhs,0,41,0.3635371315049229,0.3775184328468349,0.2813885028576011,2.205124217000048
lhs,0,42,0.3719880044362397,0.3570701134671116,0.2813885028576011,2.2117020959999536
lhs,0,43,0.463060709054883,0.4712295591502509,0.2813885028576011,2.218693196999993
lhs,0,44,0.3118590888253059,0.3211037975661412,0.2813885028576011,2.2258373749998555
lhs,0,45,0.4309376494249838,0.4236879545736108,0.2813885028576011,2.2328449770000134
lhs,0,46,0.4724761319900457,0.4757463596450115,0.2813885028576011,2.2399211370000103
lhs,0,47,0.3102144481553329,0.313920667410059,0.2813885028576011,2.2467327829999704
lhs,0,48,0.3544255342401445,0.3409198971538623,0.2813885028576011,2.2541031629998542
lhs,0,49,0.3349527777965436,0.3317539340627927,0.2813885028576011,2.261668727999904
lhs,0,50,0.414411869399533,0.414411869399533,0.2813885028576011,2.274734557999864
lhs,1,1,0.3127492379754085,0.3177783794551769,0.3177783794551769,2.5229531470001803
lhs,1,2,0.3365498404860562,0.3247459983690668,0.3177783794551769,2.539405464000083
lhs,1,3,0.3817406392002742,0.3868112752650826,0.3177783794551769,2.547629159000053
lhs,1,4,0.3563911076635074,0.3311635849048522,0.3177783794551769,2.557450417000154
lhs,1,5,0.3529606327259991,0.338987422030762,0.3177783794551769,2.567419252000036
lhs,1,6,0.520273177013036,0.5137559919528064,0.3177783794551769,2.5818776640001038
lhs,1,7,0.5074651581973676,0.5169892173795457,0.3177783794551769,2.5868688590001057
lhs,1,8,0.3136486396896726,0.2940823761631808,0.2940823761631808,2.5913563130000057
lhs,1,9,0.4938057444477721,0.5033085467654045,0.2940823761631808,2.5961374760001945
lhs,1,10,0.4351881466029074,0.4412170613971835,0.2940823761631808,2.600902408000138
lhs,1,11,0.3598387555724185,0.3576696803627956,0.2940823761631808,2.606150643000092
lhs,1,12,0.4417178221657751,0.4624488744388646,0.2940823761631808,2.611053483000205
lhs,1,13,0.3373412595323985,0.3283613419733339,0.2940823761631808,2.621926447000078
lhs,1,14,0.3313779403531102,0.3353022010672649,0.2940823761631808,2.6330479750001814
lhs,1,15,0.277480697645299,0.2616379819150299,0.2616379819150299,2.6431694490001973
lhs,1,16,1.0347667433941192,1.026401591964473,0.2616379819150299,2.650433310000153
lhs,1,17,0.6311324884505767,0.6432085687527779,0.2616379819150299,2.663990168000055
lhs,1,18,0.4294468133746745,0.4240596671955997,0.2616379819150299,2.676152160000129
lhs,1,19,0.3871191429590015,0.377520833208156,0.2616379819150299,2.6899358810001104
lhs,1,20,0.3907399649658009,0.392137123903159,0.2616379819150299,2.7011596710001413
lhs,1,21,0.258041389410019,0.2644603870559445,0.2616379819150299,2.7123386860000664
lhs,1,22,0.4933710594357061,0.4957019959456372,0.2616379819150299,2.723731180000186
lhs,1,23,0.530505128683889,0.5203429038391174,0.2616379819150299,2.734356191000188
lhs,1,24,0.7045326087326035,0.698979357323497,0.2616379819150299,2.74470030700013
lhs,1,25,0.5027419602049442,0.4776781386777592,0.2616379819150299,2.755361164000078
lhs,1,26,0.3433991313317219,0.3282886167156267,0.2616379819150299,2.76636673500002
lhs,1,27,0.5729174710532215,0.5703590947510084,0.2616379819150299,2.782308970000031
lhs,1,28,0.3365499475315598,0.3062136362789068,0.2616379819150299,2.794435085000032
lhs,1,29,0.4158885229355331,0.4178411465101523,0.2616379819150299,2.806701963000023
lhs,1,30,0.5901233579956058,0.5870417673197589,0.2616379819150299,2.819025336000095
lhs,1,31,0.4595843759576658,0.4595843759576658,0.2616379819150299,2.830375602000004
lhs,1,32,0.3246739516280704,0.3295317690793238,0.2616379819150299,2.8424870790001933
lhs,1,33,0.4287694890888487,0.4274676313776006,0.2616379819150299,2.8544554900001917
lhs,1,34,0.585700415751104,0.559894118696376,0.2616379819150299,2.868464472000141
lhs,1,35,0.4553041707840987,0.4504518256367362,0.2616379819150299,2.8810075860001234
lhs,1,36,0.3156787470798546,0.3214524596127851,0.2616379819150299,2.8943672860000333
lhs,1,37,0.3449854128621636,0.3494257939910201,0.2616379819150299,2.9072575980001147
lhs,1,38,0.345116274545144,0.345116274545144,0.2616379819150299,2.920052553000005
lhs,1,39,0.3196148155557991,0.3127381253739343,0.2616379819150299,2.9296297060000143
lhs,1,40,0.3376212511777419,0.3177201626119013,0.2616379819150299,2.9357736940000905
lhs,1,41,0.8153047421045333,0.8129314752438956,0.2616379819150299,2.941397321000068
lhs,1,42,0.4272413426470544,0.4166464612050766,0.2616379819150299,2.9472384240000338
lhs,1,43,0.3138608828913808,0.3014997773420468,0.2616379819150299,2.9535131270001784
lhs,1,44,0.2346747168682906,0.2388595903816224,0.2388595903816224,2.9625500100000863
lhs,1,45,0.5594079451890911,0.4992641460194106,0.2388595903816224,2.982610668999996
lhs,1,46,0.6094327353925896,0.6099058161022071,0.2388595903816224,3.004266969000128
lhs,1,47,0.3121033288583755,0.3127815905155248,0.2388595903816224,3.0256673110000065
lhs,1,48,0.3159132823946551,0.3240023348253694,0.2388595903816224,3.047944050000069
lhs,1,49,0.3241111527519336,0.3212046846299676,0.2388595903816224,3.0734818710000127
lhs,1,50,0.3641648587504573,0.3664195849107903,0.2388595903816224,3.0962229080000725
lhs,2,1,0.4987479931435934,0.5035805234574126,0.5035805234574126,2.170940928000164
lhs,2,2,0.4359989890634168,0.4307832531476155,0.4307832531476155,2.1887968280000223
lhs,2,3,0.2913238610055617,0.2872292135617855,0.2872292135617855,2.205397793000202
lhs,2,4,0.3297846199536003,0.3363782503045181,0.2872292135617855,2.2184987490002186
lhs,2,5,0.3468863639613376,0.3288708544000387,0.2872292135617855,2.230090756000209
lhs,2,6,0.4349465780635889,0.4393562924341377,0.2872292135617855,2.2417251330000454
lhs,2,7,0.3644175146979015,0.3633258195425053,0.2872292135617855,2.24840754700017
lhs,2,8,0.5260999250855031,0.5198853876675203,0.2872292135617855,2.261948536000091
lhs,2,9,0.4300700215379684,0.4235454113444493,0.2872292135617855,2.272622518000162
lhs,2,10,0.3775739220923445,0.3277102645577849,0.2872292135617855,2.283059477000052
lhs,2,11,0.5024025051441284,0.5024025051441284,0.2872292135617855,2.29263762100004
lhs,2,12,0.3392265677888491,0.3449058404924441,0.2872292135617855,2.303296795000051
lhs,2,13,0.3481989948108935,0.3455769777202422,0.2872292135617855,2.311410865000198
lhs,2,14,0.4658222859169257,0.4427609093644961,0.2872292135617855,2.322046235000016
lhs,2,15,0.3099220367451036,0.3191031730679677,0.2872292135617855,2.3331818690001
lhs,2,16,0.387380826171654,0.3886740042931657,0.2872292135617855,2.341216450000047
lhs,2,17,0.4336138534051129,0.4296491294948161,0.2872292135617855,2.351910018000126
lhs,2,18,0.390103415545358,0.3935590744316735,0.2872292135617855,2.3602677030000905
lhs,2,19,0.3410523581871378,0.3451148704455953,0.2872292135617855,2.3711174030001985
lhs,2,20,0.3576747914142266,0.3671476364241797,0.2872292135617855,2.3821804620001785
lhs,2,21,0.3534099544429128,0.3534099544429128,0.2872292135617855,2.393505590000132
lhs,2,22,0.3207113682550229,0.3207113682550229,0.2872292135617855,2.4048231650001526
lhs,2,23,0.4775357619639063,0.4966611642302083,0.2872292135617855,2.416695907000076
lhs,2,24,0.7882186495975784,0.7896832522364052,0.2872292135617855,2.427014164000184
lhs,2,25,0.3850462437869318,0.3841403770836117,0.2872292135617855,2.4382183060001807
lhs,2,26,0.3405856603138691,0.3449166906481652,0.2872292135617855,2.4496869330000663
lhs,2,27,0.3423198295351266,0.3395021347917525,0.2872292135617855,2.4605242100001306
lhs,2,28,0.5174782012752087,0.5021648766525211,0.2872292135617855,2.4729285850000906
lhs,2,29,0.4574827016301717,0.4608955800742579,0.2872292135617855,2.487513614000136
lhs,2,30,0.3296002904677851,0.3365946144313907,0.2872292135617855,2.4986489170000823
lhs,2,31,0.6094093359101661,0.6161502401755301,0.2872292135617855,2.5097515600000406
lhs,2,32,0.3780166724033698,0.3644648071116918,0.2872292135617855,2.521917299000052
lhs,2,33,0.3244273856919556,0.3338434213337585,0.2872292135617855,2.533885028000213
lhs,2,34,0.3702243776238625,0.3440307419655262,0.2872292135617855,2.546279585000093
lhs,2,35,0.6264475371341897,0.624430182164927,0.2872292135617855,2.5571851490001336
lhs,2,36,0.7728800104179793,0.7721544998467426,0.2872292135617855,2.563329228000157
lhs,2,37,0.3012124481342516,0.2828816285377514,0.2828816285377514,2.5700861320001422
lhs,2,38,0.3527815249192328,0.359969575676634,0.2828816285377514,2.5766099600000416
lhs,2,39,0.3894333508818451,0.3907564999862284,0.2828816285377514,2.583375851000028
lhs,2,40,0.3700912943526696,0.3655556484082924,0.2828816285377514,2.5947718990000794
lhs,2,41,0.4825679149780814,0.4722515623269077,0.2828816285377514,2.618474782000021
lhs,2,42,0.6370880603618401,0.6308972418098173,0.2828816285377514,2.6312254540000595
lhs,2,43,0.7468214022395876,0.7502524794364822,0.2828816285377514,2.6438459729999977
lhs,2,44,0.4295449329461895,0.4166613365353816,0.2828816285377514,2.660198765000132
lhs,2,45,0.6590907602629937,0.6556410525200801,0.2828816285377514,2.672408075000021
lhs,2,46,0.3708754398062276,0.3803692761240767,0.2828816285377514,2.686099825000156
lhs,2,47,0.2524711021623337,0.2449616565013891,0.2449616565013891,2.7021051570000054
lhs,2,48,0.5554506640102188,0.5670273933790555,0.2449616565013891,2.717978493000146
lhs,2,49,0.5195440714214914,0.5227101085983303,0.2449616565013891,2.7314951860000747
lhs,2,50,0.2597849056105377,0.2532784412257761,0.2449616565013891,2.748236904000123
lhs,3,1,0.7782609485761788,0.7734091528203101,0.7734091528203101,1.299966390000009
lhs,3,2,0.4508538808828264,0.4414759708201376,0.4414759708201376,1.3088260899999111
lhs,3,3,0.4150076817244881,0.413851940226896,0.413851940226896,1.3153013050000482
lhs,3,4,0.4707435957104416,0.4589990404316229,0.413851940226896,1.3205844639999214
lhs,3,5,0.3908467117048894,0.3984931540017207,0.3984931540017207,1.324521347999962
lhs,3,6,0.3658524125942285,0.3615705266876436,0.3615705266876436,1.3332988320000825
lhs,3,7,0.7476563101344921,0.7450567992917472,0.3615705266876436,1.3401289599999018
lhs,3,8,0.2801148124815612,0.2801148124815612,0.2801148124815612,1.350919456999918
lhs,3,9,0.3134787097794341,0.3243447763887265,0.2801148124815612,1.3584485010001115
lhs,3,10,0.3471250911619892,0.3535435218682466,0.2801148124815612,1.368532979000065
lhs,3,11,0.444335577026182,0.4607458208365508,0.2801148124815612,1.379327081999918
lhs,3,12,0.4605027737283151,0.4616259971795741,0.2801148124815612,1.385937279000018
lhs,3,13,0.2893833376778981,0.2818960540336609,0.2801148124815612,1.3962504739999986
lhs,3,14,0.4546632640194633,0.4580721714961692,0.2801148124815612,1.4055691619998925
lhs,3,15,0.2776069883301016,0.2682418012594992,0.2682418012594992,1.4143056509999496
lhs,3,16,0.4986513372643641,0.4839339097958197,0.2682418012594992,1.4243613749999895
lhs,3,17,0.7547669313842924,0.749227750426286,0.2682418012594992,1.4410029969999414
lhs,3,18,0.3970912141353221,0.4041426305482439,0.2682418012594992,1.4500835030000871
lhs,3,19,0.4159381390452396,0.4244636262825211,0.2682418012594992,1.4582343290001063
lhs,3,20,0.4182538820510169,0.4234054785379224,0.2682418012594992,1.469385769999917
lhs,3,21,0.4817489395475125,0.4699984263040451,0.2682418012594992,1.4803821610000796
lhs,3,22,0.3315874548526876,0.3406535424867259,0.2682418012594992,1.4900334450001085
lhs,3,23,0.3509554873083271,0.3236073174548594,0.2682418012594992,1.50102619900008
lhs,3,24,0.4119778414732671,0.4091882918100776,0.2682418012594992,1.519073280999919
lhs,3,25,0.5700668585675509,0.5648991349361316,0.2682418012594992,1.5310212800000045
lhs,3,26,0.318376052044575,0.3258986344561057,0.2682418012594992,1.5401056690000132
lhs,3,27,0.517301883421618,0.5281547699244667,0.2682418012594992,1.5512735449999582
lhs,3,28,0.3462007816102116,0.349867630796969,0.2682418012594992,1.5650649869999145
lhs,3,29,0.4813900106457337,0.4760178035505739,0.2682418012594992,1.5771843659999831
lhs,3,30,0.5425100224518423,0.5430188622271098,0.2682418012594992,1.5891255619999356
lhs,3,31,0.4279253328638244,0.426020273672027,0.2682418012594992,1.6015834229999657
lhs,3,32,0.5244800435725119,0.5255695058877174,0.2682418012594992,1.6117957819999449
lhs,3,33,0.445850405088903,0.4516805647593144,0.2682418012594992,1.624444376999918
lhs,3,34,0.411470704818007,0.4220085553312092,0.2682418012594992,1.6370502049999232
lhs,3,35,0.2700620210069855,0.2627662830426662,0.2627662830426662,1.652360162999912
lhs,3,36,0.32278212744852,0.316574775034363,0.2627662830426662,1.6656566009999096
lhs,3,37,0.350431151538752,0.3538506895729753,0.2627662830426662,1.6786972100001094
lhs,3,38,0.6774500749334875,0.6798630072042254,0.2627662830426662,1.6856267349999143
lhs,3,39,0.4154286392181953,0.4147923784776399,0.2627662830426662,1.6926254980000977
lhs,3,40,0.509584129949101,0.4977377379848919,0.2627662830426662,1.6993948130000265
lhs,3,41,0.4178519848561047,0.4093034773345226,0.2627662830426662,1.706170069000109
lhs,3,42,0.3380015350770254,0.338239927552649,0.2627662830426662,1.7129411079999954
lhs,3,43,0.2534034093212127,0.2494897891975597,0.2494897891975597,1.7195297349999237
lhs,3,44,0.319868135698657,0.3230324373652,0.2494897891975597,1.7263966719999644
lhs,3,45,0.3741191008825107,0.3717459235156923,0.2494897891975597,1.7332502649999242
lhs,3,46,0.6045083399798183,0.6055371450561112,0.2494897891975597,1.739609863999931
lhs,3,47,0.487682396018025,0.4990727664943514,0.2494897891975597,1.7464602110001124
lhs,3,48,0.4231751075618245,0.4257240370248348,0.2494897891975597,1.7529435009998906
lhs,3,49,0.4783062313769882,0.474261453033457,0.2494897891975597,1.7598459149999144
lhs,3,50,0.3791980619638873,0.3761806459994711,0.2494897891975597,1.7668321250000645
lhs,4,1,0.8539270107672964,0.8557849968903476,0.8557849968903476,2.1565814300001875
lhs,4,2,0.3976632445072017,0.4037329572735518,0.4037329572735518,2.1741238790000352
lhs,4,3,0.3046146076074396,0.3115796778705223,0.3115796778705223,2.1869414930001767
lhs,4,4,0.4340306282081982,0.4424151680181124,0.3115796778705223,2.2008586399999785
lhs,4,5,0.4525423921075877,0.4477610136983332,0.3115796778705223,2.2112352630001624
lhs,4,6,0.5669305622025055,0.5675423623143727,0.3115796778705223,2.222117690999994
lhs,4,7,0.4918462521966678,0.4957440211397922,0.3115796778705223,2.229498078000006
lhs,4,8,0.5797473861836115,0.6008873018966121,0.3115796778705223,2.2393341410001995
lhs,4,9,0.3855223628068702,0.3945401511936798,0.3115796778705223,2.2493383890000587
lhs,4,10,0.4404620513443975,0.4337848978791808,0.3115796778705223,2.2600596960000985
lhs,4,11,0.4789433878315257,0.487665783494765,0.3115796778705223,2.267543616000012
lhs,4,12,0.605645795853798,0.6083650778691775,0.3115796778705223,2.272399206000045
lhs,4,13,0.3810894285154697,0.3836296273257836,0.3115796778705223,2.2774712310001632
lhs,4,14,0.2861248217027428,0.2820438643513782,0.2820438643513782,2.285549039999978
lhs,4,15,0.3843798269153661,0.3370951125738619,0.2820438643513782,2.2966203210000917
lhs,4,16,0.3997922703123309,0.3835642453114911,0.2820438643513782,2.3071906560001025
lhs,4,17,0.3690628423364015,0.3739314409375771,0.2820438643513782,2.314097969000158
lhs,4,18,0.4232724488551143,0.4179220636356163,0.2820438643513782,2.3233765310001218
lhs,4,19,0.3898516738856723,0.3878654551448435,0.2820438643513782,2.336101032999977
lhs,4,20,0.3343396012168493,0.3332272250506892,0.2820438643513782,2.347661647999985
lhs,4,21,0.67400522598901,0.6660096800741196,0.2820438643513782,2.360681819000092
lhs,4,22,0.5236426741554757,0.5176623765636372,0.2820438643513782,2.3716340580001543
lhs,4,23,0.3655021521302838,0.3709987083393608,0.2820438643513782,2.383420254000157
lhs,4,24,0.4570110098685467,0.4593645621622093,0.2820438643513782,2.396512638000104
lhs,4,25,0.61301042246448,0.6178227887909741,0.2820438643513782,2.4042992130000584
lhs,4,26,0.3375278563403596,0.3282253860057501,0.2820438643513782,2.4157215300001558
lhs,4,27,0.3957867639065579,0.3503391611437851,0.2820438643513782,2.426829850000104
lhs,4,28,0.5852996728827684,0.5690572916375156,0.2820438643513782,2.438730721000184
lhs,4,29,0.236663256245028,0.2312038520812516,0.2312038520812516,2.449766526000076
lhs,4,30,0.3706663436960744,0.3764645487142689,0.2312038520812516,2.4584430930001417
lhs,4,31,0.3527761651969237,0.3139325963854102,0.2312038520812516,2.46447299700003
lhs,4,32,0.3454699731097292,0.3506997837551669,0.2312038520812516,2.476392252000096
lhs,4,33,0.3878505148456174,0.3700136016157184,0.2312038520812516,2.48938552300001
lhs,4,34,0.4017739210800395,0.3945143316437629,0.2312038520812516,2.502268849000074
lhs,4,35,0.5427796213906091,0.5427796213906091,0.2312038520812516,2.5147661340001832
lhs,4,36,0.3916793049052923,0.3975247868908322,0.2312038520812516,2.53101760200002
lhs,4,37,0.4445925586375167,0.4431969238092128,0.2312038520812516,2.5442885110001043
lhs,4,38,0.6068615040129866,0.6106586384338324,0.2312038520812516,2.5598757580000893
lhs,4,39,0.2672162965621263,0.2737711437777073,0.2312038520812516,2.5737577390000297
lhs,4,40,0.8356456700903285,0.8364331701904081,0.2312038520812516,2.582897813000045
lhs,4,41,0.2796837378750603,0.2625402335771307,0.2312038520812516,2.5895978690000447
lhs,4,42,0.4730576540385199,0.4830922804828199,0.2312038520812516,2.596519929000124
lhs,4,43,0.3866971664863846,0.3788779827726319,0.2312038520812516,2.603192773000046
lhs,4,44,0.3519947554098626,0.3481606091831749,0.2312038520812516,2.6098353620000125
lhs,4,45,0.4611793054733937,0.4790136101682993,0.2312038520812516,2.616648167999984
lhs,4,46,0.3473454374072281,0.3354099270958752,0.2312038520812516,2.623527689000184
lhs,4,47,0.3433208805727262,0.3406625895323089,0.2312038520812516,2.63044939800011
lhs,4,48,0.265925866264854,0.2711834639089638,0.2312038520812516,2.637677550000035
lhs,4,49,0.2850360871998206,0.2871001925563143,0.2312038520812516,2.645036988000129
lhs,4,50,0.7383029939943461,0.741360846982872,0.2312038520812516,2.657474681000167
random,0,1,0.4452701652868585,0.4337822314858129,0.4337822314858129,2.414002840999956
random,0,2,0.2801053316461797,0.2692254805628156,0.2692254805628156,2.4365767009999217
random,0,3,0.308680840634735,0.3140443552646743,0.2692254805628156,2.44430556899988
random,0,4,0.4464278008303635,0.4553244221894176,0.2692254805628156,2.458185528000058
random,0,5,0.3667474833441451,0.3558167917008747,0.2692254805628156,2.4646011429999817
random,0,6,0.3883542052730098,0.3934950475914078,0.2692254805628156,2.474754709999843
random,0,7,0.341417530880634,0.341417530880634,0.2692254805628156,2.488366498000005
random,0,8,1.058017057560836,1.0498459471450663,0.2692254805628156,2.492549631999964
random,0,9,0.2842367159493335,0.2887110100732529,0.2692254805628156,2.502563929999951
random,0,10,0.5050068460525305,0.4938826499729579,0.2692254805628156,2.513659476999919
random,0,11,0.5299202166941989,0.5402687965349481,0.2692254805628156,2.522581403999993
random,0,12,0.663819508247518,0.6593658758887909,0.2692254805628156,2.5324762979998923
random,0,13,0.4814955195967354,0.4717294585861594,0.2692254805628156,2.542913375999888
random,0,14,0.4292429585497225,0.4177155541471052,0.2692254805628156,2.554057382999872
random,0,15,0.371527131747416,0.3569542469614905,0.2692254805628156,2.5642342539999845
random,0,16,0.3385297854222127,0.3403765454392453,0.2692254805628156,2.574604486999988
random,0,17,0.6326122521576217,0.6200122019077129,0.2692254805628156,2.5853149949998624
random,0,18,0.4613413910280349,0.4567934685129018,0.2692254805628156,2.595255864999899
random,0,19,0.4911192273586227,0.4927887389421286,0.2692254805628156,2.6026678809998884
random,0,20,0.3566053803303633,0.3620972645646308,0.2692254805628156,2.6168528799998967
random,0,21,0.2107129180875653,0.2127263217159373,0.2127263217159373,2.62745952399996
random,0,22,0.3384376606580845,0.3131721403876338,0.2127263217159373,2.638747419999845
random,0,23,0.4858699130971143,0.4993755828231663,0.2127263217159373,2.6471967239999685
random,0,24,0.333675198226507,0.3262592844096035,0.2127263217159373,2.6587418709998474
random,0,25,0.5107524608300371,0.5159473423670287,0.2127263217159373,2.669106593999913
random,0,26,0.3643734733399703,0.326983772135665,0.2127263217159373,2.680407814999853
random,0,27,0.3325236228088977,0.3024883148245646,0.2127263217159373,2.692304870000044
random,0,28,0.3972889132546439,0.3775944957296193,0.2127263217159373,2.704315134999888
random,0,29,0.4617681746793019,0.4557782618610925,0.2127263217159373,2.7162341309999647
random,0,30,0.3385065644668845,0.3430211772055704,0.2127263217159373,2.728366735999998
random,0,31,0.5557314321108141,0.5482214314382421,0.2127263217159373,2.7404056149998723
random,0,32,0.4816905700763948,0.4625987463683212,0.2127263217159373,2.7515116820000003
random,0,33,0.4084156022372828,0.4068572308553761,0.2127263217159373,2.7658973349998632
random,0,34,0.3734264395024925,0.3616302060185062,0.2127263217159373,2.7779653499999317
random,0,35,0.4722641073384717,0.4814260162749883,0.2127263217159373,2.787494960999993
random,0,36,0.2716607904247854,0.2744048074351543,0.2127263217159373,2.802702100000033
random,0,37,0.3175751564736974,0.3311646832026511,0.2127263217159373,2.814557195999896
random,0,38,0.4015098395503738,0.392455146967331,0.2127263217159373,2.830815546999929
random,0,39,0.6916493210116554,0.6847285517114647,0.2127263217159373,2.8398836169999413
random,0,40,0.4889205540285635,0.475750695161264,0.2127263217159373,2.8524295239999446
random,0,41,0.3286664155909117,0.335926114168551,0.2127263217159373,2.8679730899998503
random,0,42,0.3583532650006065,0.3523673386262155,0.2127263217159373,2.879807668000012
random,0,43,0.2057479223866157,0.2094008587417197,0.2094008587417197,2.8914487340000505
random,0,44,0.4993941838208516,0.5029843607494058,0.2094008587417197,2.907967512999903
random,0,45,0.5185583266661998,0.5099755385256685,0.2094008587417197,2.9187458070000503
random,0,46,0.501287664078404,0.5061908462880378,0.2094008587417197,2.934050186999912
random,0,47,0.3803209580327191,0.3830967713676,0.2094008587417197,2.945894984000006
random,0,48,0.2837645351726997,0.2734797866637137,0.2094008587417197,2.963164645000006
random,0,49,0.4536588547791143,0.4512987131558783,0.2094008587417197,2.9758608329998424
random,0,50,0.5512967330148911,0.5516927044233523,0.2094008587417197,2.991963333000058
random,1,1,0.3183704923572945,0.3267799917741217,0.3267799917741217,2.568451078999942
random,1,2,0.4326140349395945,0.4272580126557772,0.3267799917741217,2.5957140200000595
random,1,3,0.4232827471042716,0.4355386838035667,0.3267799917741217,2.612340821000089
random,1,4,0.4215454983944482,0.4073870784371874,0.3267799917741217,2.6292815609999707
random,1,5,0.3329670527023466,0.3232861708440565,0.3232861708440565,2.6390941469999234
random,1,6,0.5599080775398985,0.4903988366444445,0.3232861708440565,2.6580426660000285
random,1,7,0.858728564337245,0.861602813968113,0.3232861708440565,2.6704863919999298
random,1,8,0.3850721059469377,0.3293574636323875,0.3232861708440565,2.6866458300000886
random,1,9,0.646316903703987,0.6503229242510057,0.3232861708440565,2.697031842000115
random,1,10,0.4479690240239241,0.4492192400309375,0.3232861708440565,2.710208176999913
random,1,11,0.4788048316620414,0.4776930124837646,0.3232861708440565,2.732677044999946
random,1,12,0.4160293374351145,0.4205723664753208,0.3232861708440565,2.752800304999937
random,1,13,0.308743128325428,0.2915613911513726,0.2915613911513726,2.767350846999989
random,1,14,0.4881656799176124,0.4968656289419481,0.2915613911513726,2.78539621799996
random,1,15,0.440700171246702,0.4278751269435895,0.2915613911513726,2.80409520000012
random,1,16,0.380647040048104,0.3738139882984746,0.2915613911513726,2.817203567999968
random,1,17,0.3763643575516933,0.3809532456901918,0.2915613911513726,2.8332042100000763
random,1,18,0.3868969995847627,0.3840014728368418,0.2915613911513726,2.847006254000007
random,1,19,0.3524837967488763,0.3256955081674327,0.2915613911513726,2.8584849579999627
random,1,20,0.3593489210189128,0.362219677894498,0.2915613911513726,2.866805902000124
random,1,21,0.3899957847307424,0.3944248368328517,0.2915613911513726,2.878532980000045
random,1,22,0.3380733677311305,0.3393000952798226,0.2915613911513726,2.888609023000072
random,1,23,0.319350373504769,0.3130231228552247,0.2915613911513726,2.89908952199994
random,1,24,0.4443877461562152,0.4375584602379572,0.2915613911513726,2.909886522000079
random,1,25,0.4279383031877138,0.4238788116225126,0.2915613911513726,2.9206482360000336
random,1,26,0.5722972374771049,0.570404153183639,0.2915613911513726,2.9318326400000387
random,1,27,0.4245798282604333,0.4187199883996764,0.2915613911513726,2.943006164000053
random,1,28,0.3514064031368964,0.3412670544877642,0.2915613911513726,2.953830143999994
random,1,29,0.3311000591574756,0.3329483131196734,0.2915613911513726,2.964836546000015
random,1,30,0.3969920821766275,0.3827990795501643,0.2915613911513726,2.976101380000045
random,1,31,0.4815143125475976,0.4815143125475976,0.2915613911513726,2.9869259320000765
random,1,32,0.448243406774244,0.4518159352623788,0.2915613911513726,2.9974124420000408
random,1,33,0.5453170119763275,0.5414888495738083,0.2915613911513726,3.012348835000012
random,1,34,0.5747693586592788,0.5569263752146705,0.2915613911513726,3.024543296000047
random,1,35,0.3329508264357758,0.3278578624849353,0.2915613911513726,3.032455196000001
random,1,36,0.2277960726497436,0.2316983822686553,0.2316983822686553,3.0440513190001184
random,1,37,0.5093574935666877,0.520164473979366,0.2316983822686553,3.0565663489999224
random,1,38,0.2582452599392744,0.25827175769039,0.2316983822686553,3.069416164000131
random,1,39,0.5336887178563385,0.5035835657965154,0.2316983822686553,3.0850577740000062
random,1,40,0.4302253608388521,0.4220158214057638,0.2316983822686553,3.098338394999928
random,1,41,0.6130515773930187,0.6090336631928228,0.2316983822686553,3.1109610549999616
random,1,42,0.529868098560127,0.5171944114275948,0.2316983822686553,3.125693406999972
random,1,43,0.2647055508517683,0.2579676881840091,0.2316983822686553,3.1425932980000653
random,1,44,0.2877566117645502,0.2956685677783481,0.2316983822686553,3.153077553999992
random,1,45,0.3728371144799906,0.3456306916177477,0.2316983822686553,3.17471260100001
random,1,46,0.4240767914439394,0.424970960678468,0.2316983822686553,3.1905760560000545
random,1,47,0.3600829544688737,0.3609040305547648,0.2316983822686553,3.2059859240000605
random,1,48,0.3346326595538726,0.3378032294854134,0.2316983822686553,3.220606948000068
random,1,49,0.3384671814437363,0.3171997010895962,0.2316983822686553,3.236139605000062
random,1,50,0.3965973905071187,0.4004581105641213,0.2316983822686553,3.2488070790000165
random,2,1,0.5033376667730863,0.5105156773255087,0.5105156773255087,2.6870774040000924
random,2,2,0.3345195751282955,0.3269854255128293,0.3269854255128293,2.714210457000036
random,2,3,0.8832309102368443,0.8815318425103617,0.3269854255128293,2.730160326000032
random,2,4,0.4240223886383296,0.4348524460977663,0.3269854255128293,2.747616402000176
random,2,5,0.4837479112476404,0.4777069186612539,0.3269854255128293,2.7569192600001315
random,2,6,0.3468635754440858,0.3483259318544,0.3269854255128293,2.7739897550000023
random,2,7,0.4251101464730943,0.4233149251497352,0.3269854255128293,2.790622330000133
random,2,8,0.4659640852265618,0.4450362958249518,0.3269854255128293,2.8011583540001084
random,2,9,0.351572889555592,0.3488670685851548,0.3269854255128293,2.8168491060000638
random,2,10,0.3644537166450841,0.3429344637234427,0.3269854255128293,2.827031128000044
random,2,11,0.485078988369541,0.485078988369541,0.3269854255128293,2.8428665630001437
random,2,12,0.2359017492999771,0.2405730472122636,0.2405730472122636,2.859463933000143
random,2,13,0.852691565922568,0.8502814503552166,0.2405730472122636,2.8690234509999755
random,2,14,0.3518711547946425,0.3379717280521357,0.2405730472122636,2.8781291400000555
random,2,15,0.3053299501917193,0.314191923052824,0.2405730472122636,2.8892626220001603
random,2,16,0.4191437017896922,0.4217226692712365,0.2405730472122636,2.899495940000179
random,2,17,0.462830734483362,0.450644292096779,0.2405730472122636,2.906884106999996
random,2,18,0.3580957083114386,0.3688636889595479,0.2405730472122636,2.9170913860000383
random,2,19,0.4291124386731922,0.4331953675743252,0.2405730472122636,2.928063105000092
random,2,20,0.3300822619592344,0.3354754682294658,0.2405730472122636,2.939102581000043
random,2,21,0.7837842842048377,0.7837842842048377,0.2405730472122636,2.9471034939999754
random,2,22,0.2703600093410935,0.2703600093410935,0.2405730472122636,2.958670697000116
random,2,23,0.3378011722565896,0.341958496862338,0.2405730472122636,2.9690086100001736
random,2,24,0.2718345655465806,0.2740852465883312,0.2405730472122636,2.9797607880000214
random,2,25,0.403077582448213,0.4024362248074242,0.2405730472122636,2.990922623000188
random,2,26,0.439368183445662,0.446688064227441,0.2405730472122636,3.002249626000093
random,2,27,0.2764683655465703,0.2704648570183552,0.2405730472122636,3.0129599670001426
random,2,28,0.3701166931832123,0.3607714870598068,0.2405730472122636,3.025125147000153
random,2,29,0.4249545478116242,0.4312783402433349,0.2405730472122636,3.04024212100012
random,2,30,0.5063055757292407,0.5108193848706201,0.2405730472122636,3.060684970000011
random,2,31,0.3558862144110033,0.3608154134727811,0.2405730472122636,3.072732391000045
random,2,32,0.5883537154548424,0.5850063497282718,0.2405730472122636,3.0834541120000267
random,2,33,0.3832673974630801,0.3880516322228511,0.2405730472122636,3.095155135000141
random,2,34,0.3500946136760092,0.347740074119635,0.2405730472122636,3.106768534000139
random,2,35,0.4402880868649872,0.439302335558505,0.2405730472122636,3.118208179000021
random,2,36,0.3721020112666335,0.3531552329291264,0.2405730472122636,3.1303809529999853
random,2,37,0.7074572494633816,0.6950156417324849,0.2405730472122636,3.1422842550000496
random,2,38,0.2991042757109865,0.3071302143871584,0.2405730472122636,3.1557586240001
random,2,39,0.7485565234573188,0.7500977175028584,0.2405730472122636,3.1688224560000435
random,2,40,0.3377515137175564,0.3260217742142757,0.2405730472122636,3.183963782000092
random,2,41,0.3858282368074831,0.3737405895141405,0.2405730472122636,3.1990470509999795
random,2,42,0.5122485352200133,0.5077074591164418,0.2405730472122636,3.2115141159999894
random,2,43,0.4219358559006814,0.4252729011116212,0.2405730472122636,3.230153368000174
random,2,44,0.3633332779832218,0.3233049004128978,0.2405730472122636,3.2500161620000654
random,2,45,0.4442785586233361,0.4353730280308034,0.2405730472122636,3.2632265670001743
random,2,46,0.4693187496898354,0.4772411961452587,0.2405730472122636,3.278342256000087
random,2,47,0.2997251906290186,0.2882790536313648,0.2405730472122636,3.2909242670000367
random,2,48,0.4379052164461561,0.4466201239924364,0.2405730472122636,3.303558445000135
random,2,49,0.5358161171583388,0.5462739658780024,0.2405730472122636,3.318737642000088
random,2,50,0.4802214864595064,0.4734534648758019,0.2405730472122636,3.331616879000194
random,3,1,0.3354892597955138,0.3297357794244122,0.3297357794244122,2.402026632000116
random,3,2,0.635911343580468,0.6248833059530388,0.3297357794244122,2.425869403999968
random,3,3,0.5322869245119489,0.526397840636803,0.3297357794244122,2.4433061490001364
random,3,4,0.2710240232804419,0.2669019871808887,0.2669019871808887,2.464386771000136
random,3,5,0.393277152579594,0.4030893603650718,0.2669019871808887,2.478992115999972
random,3,6,0.4232844331155321,0.4172216119173144,0.2669019871808887,2.49214956600008
random,3,7,0.2973624640873752,0.2951864463900832,0.2669019871808887,2.5087645749999865
random,3,8,0.3489993354457219,0.3489993354457219,0.2669019871808887,2.525627688999976
random,3,9,0.4819962268694406,0.486011756332644,0.2669019871808887,2.535900841000057
random,3,10,0.2543473585629286,0.2591546582467966,0.2591546582467966,2.546213867000006
random,3,11,0.393708016057322,0.3989003287526077,0.2591546582467966,2.556895322000173
random,3,12,0.3787626161656168,0.3821496486134536,0.2591546582467966,2.5664399520001098
random,3,13,0.2788397050591853,0.2677407710224254,0.2591546582467966,2.573948970000174
random,3,14,0.3189806854079248,0.3277212469147151,0.2591546582467966,2.587382036000008
random,3,15,0.3437233403399061,0.3262522549300903,0.2591546582467966,2.595534906000012
random,3,16,0.3233233661171272,0.3138896453776496,0.2591546582467966,2.606165065000141
random,3,17,0.38470366406759,0.3710037401391785,0.2591546582467966,2.617647216000023
random,3,18,0.5369169933046024,0.554726947437331,0.2591546582467966,2.6282137959999545
random,3,19,0.5106717523324801,0.5150521187339558,0.2591546582467966,2.638713130000042
random,3,20,0.3792506539219515,0.3982478515268368,0.2591546582467966,2.6489201280001
random,3,21,0.3677718735157599,0.3414108513394129,0.2591546582467966,2.6577682480001386
random,3,22,0.5232543594634366,0.5260524423935655,0.2591546582467966,2.669104536000077
random,3,23,0.3676993448600341,0.31852519207563,0.2591546582467966,2.680512808999993
random,3,24,0.3575296203173059,0.354450869649879,0.2591546582467966,2.688693682000121
random,3,25,0.3214186718012458,0.3106498944515925,0.2591546582467966,2.699247608000178
random,3,26,0.451146924028095,0.4548361972299966,0.2591546582467966,2.7105484400001387
random,3,27,0.4192386538618793,0.4218469476233519,0.2591546582467966,2.72174125000015
random,3,28,0.3117002258798934,0.3131529489120113,0.2591546582467966,2.733354191999979
random,3,29,0.7506153780055351,0.7478705139115257,0.2591546582467966,2.7499433200000567
random,3,30,0.3767163743006514,0.3773702985721582,0.2591546582467966,2.76389820999998
random,3,31,0.4832926440436928,0.4817246322849942,0.2591546582467966,2.775028343000031
random,3,32,0.3849394613719958,0.3853121953493298,0.2591546582467966,2.787229036000099
random,3,33,0.5243103740947287,0.5266327599018775,0.2591546582467966,2.800626154000156
random,3,34,0.289512874327105,0.293474371412859,0.2591546582467966,2.81095769500007
random,3,35,0.4104446811054002,0.3852369697174937,0.2591546582467966,2.8258116940000946
random,3,36,0.7152978774823252,0.7143314789018675,0.2591546582467966,2.8398145840001234
random,3,37,0.315657581399281,0.3206929230127825,0.2591546582467966,2.855156706000116
random,3,38,0.4216007995573941,0.4257785845219075,0.2591546582467966,2.8647568600001705
random,3,39,0.3661099543276233,0.3652448460172368,0.2591546582467966,2.8771818720001647
random,3,40,0.395912107436146,0.3648749851380665,0.2591546582467966,2.8934968410001147
random,3,41,0.4287169965345991,0.4160715933767657,0.2591546582467966,2.9116673460000584
random,3,42,0.6211044618060195,0.6210846546960512,0.2591546582467966,2.920890727000142
random,3,43,0.3127803413650686,0.3104482435390263,0.2591546582467966,2.93635366400008
random,3,44,0.3327400050380618,0.335198690043124,0.2591546582467966,2.9482884610001747
random,3,45,0.8634608163223763,0.8598342746562804,0.2591546582467966,2.960430514000109
random,3,46,0.3512366736599261,0.3532344803875495,0.2591546582467966,2.973094613000057
random,3,47,0.4836578294056612,0.5083256839201159,0.2591546582467966,2.9858191539999552
random,3,48,0.4083430285925027,0.4118331054220019,0.2591546582467966,3.0035445940000045
random,3,49,0.4264902730185821,0.4240501685069923,0.2591546582467966,3.015935021000132
random,3,50,0.3948616902118512,0.3891986044180268,0.2591546582467966,3.03126735800015
random,4,1,0.3577471674222567,0.360362734437596,0.360362734437596,2.124871167000037
random,4,2,0.4290020450257096,0.4337366921394297,0.360362734437596,2.1436219120000715
random,4,3,0.711443006273162,0.7142500843972708,0.360362734437596,2.154060642000104
random,4,4,0.3826356547301092,0.3983117989528992,0.360362734437596,2.159077088000004
random,4,5,0.3613912076092206,0.3527758399580349,0.3527758399580349,2.1648691929999586
random,4,6,0.8073311231249236,0.8078780223014123,0.3527758399580349,2.1689244220001456
random,4,7,0.4118836920228139,0.4158356245046313,0.3527758399580349,2.1743565849999413
random,4,8,0.4883256754876036,0.4952568310244387,0.3527758399580349,2.180439172999968
random,4,9,0.4734898392495937,0.4845524879260093,0.3527758399580349,2.1948061089999555
random,4,10,0.3650174566297534,0.3617763829440442,0.3527758399580349,2.213461685000084
random,4,11,0.4745916412766941,0.4983899359519254,0.3527758399580349,2.224957119999999
random,4,12,0.314512807914661,0.3278161780949593,0.3278161780949593,2.2440663350000705
random,4,13,0.3315899443264291,0.3341382170861422,0.3278161780949593,2.2641559220001
random,4,14,0.5407562165832832,0.5351359685759752,0.3278161780949593,2.2777995819999437
random,4,15,0.417420720651378,0.410753345451346,0.3278161780949593,2.290951893000056
random,4,16,0.3985543827033824,0.3799217399910827,0.3278161780949593,2.3009096030000364
random,4,17,0.3438631465543244,0.3479791255194566,0.3278161780949593,2.3105481180000425
random,4,18,0.4219120734403039,0.4159926665263519,0.3278161780949593,2.324755811000159
random,4,19,0.3348873916755477,0.3321869889774196,0.3278161780949593,2.3386634850000974
random,4,20,0.654909534597477,0.6528780589819095,0.3278161780949593,2.349449423000124
random,4,21,0.3601006365929238,0.3387672488526723,0.3278161780949593,2.360505557000124
random,4,22,0.3065708162252687,0.2967104207255285,0.2967104207255285,2.371794606000094
random,4,23,0.3563690194996098,0.3599770479556072,0.2967104207255285,2.386139385999968
random,4,24,0.2948253391289272,0.2961220617660169,0.2961220617660169,2.395225216999961
random,4,25,0.4949805424131985,0.5137426171184994,0.2961220617660169,2.4099872070000856
random,4,26,0.2966094439006301,0.2917432523777383,0.2917432523777383,2.422093263000079
random,4,27,0.4621004246189911,0.4474675971017814,0.2917432523777383,2.431303837000087
random,4,28,0.6146052390058169,0.607865397772178,0.2917432523777383,2.445392218000052
random,4,29,0.3601009965505936,0.3524783295443499,0.2917432523777383,2.457433392999974
random,4,30,0.5046365462970585,0.536811290720531,0.2917432523777383,2.469623555999988
random,4,31,0.4090981437157044,0.4022626910961406,0.2917432523777383,2.475763831999984
random,4,32,0.8775963211810992,0.8823314830372074,0.2917432523777383,2.481852441000001
random,4,33,0.4187637732760963,0.4081495392507082,0.2917432523777383,2.4885576230001334
random,4,34,0.3784166940742747,0.3696274029312602,0.2917432523777383,2.4950324139999798
random,4,35,0.3738627235842429,0.3738627235842429,0.2917432523777383,2.5018785900001603
random,4,36,0.4063702908343786,0.416319293781846,0.2917432523777383,2.508635959000003
random,4,37,0.5074631222160625,0.5040469693390235,0.2917432523777383,2.515302818999998
random,4,38,0.4378539225854533,0.4442143144557858,0.2917432523777383,2.522367051999936
random,4,39,0.3285316388134002,0.3349064799561788,0.2917432523777383,2.529074737999963
random,4,40,0.2366401874836712,0.2402035593876206,0.2402035593876206,2.535871041000064
random,4,41,0.4179020832859828,0.4064524104346943,0.2402035593876206,2.542821912000136
random,4,42,0.4626548937635085,0.4681726211177854,0.2402035593876206,2.549903317000144
random,4,43,0.7586286609547538,0.7438448424900931,0.2402035593876206,2.563317821000055
random,4,44,0.6613099210040886,0.6596225619669945,0.2402035593876206,2.578470189999962
random,4,45,0.4959615323580814,0.5001142538053066,0.2402035593876206,2.591307002000121
random,4,46,0.5365072188825643,0.5172984970499713,0.2402035593876206,2.6046962960001565
random,4,47,0.4944088843812484,0.4835490564036145,0.2402035593876206,2.6234341060001043
random,4,48,0.4072316104444737,0.4131208590122111,0.2402035593876206,2.636620422000078
random,4,49,0.4567374653161529,0.4611211254189681,0.2402035593876206,2.6527572810000493
random,4,50,0.4614833017482979,0.4685992198751629,0.2402035593876206,2.669562068999994
sobol,0,1,0.4147097932752598,0.4048662309719932,0.4048662309719932,1.9846954249999271
sobol,0,2,0.5122173359464229,0.4726947671247525,0.4048662309719932,1.993433245999995
sobol,0,3,0.3203508201494126,0.3343330834715579,0.3343330834715579,2.0007518739998886
sobol,0,4,0.3111836909894676,0.3187339547591559,0.3187339547591559,2.0110022520000257
sobol,0,5,0.4093513865964696,0.3817643834830326,0.3187339547591559,2.0217087119999637
sobol,0,6,0.2092397624968691,0.2131922643798419,0.2131922643798419,2.0294740249998995
sobol,0,7,0.4633619107285504,0.4633619107285504,0.2131922643798419,2.0395840500000304
sobol,0,8,0.4473014194772417,0.4410720555977995,0.2131922643798419,2.0479310410000835
sobol,0,9,0.5707091467065157,0.5743530739940084,0.2131922643798419,2.055505708000055
sobol,0,10,0.4015230754463769,0.3924541063937552,0.2131922643798419,2.0688371740000093
sobol,0,11,0.4376949061643794,0.4417799781170617,0.2131922643798419,2.0768750360000467
sobol,0,12,0.3945493924754843,0.3903186186973421,0.2131922643798419,2.0865600770000583
sobol,0,13,0.2935059082319273,0.2783642153590557,0.2131922643798419,2.097016018999966
sobol,0,14,0.3614190594629312,0.3575243230409767,0.2131922643798419,2.10838353500003
sobol,0,15,0.4742883204602423,0.4686714705591992,0.2131922643798419,2.1164539379999496
sobol,0,16,0.3178963657636653,0.3192278022196058,0.2131922643798419,2.1270736859999038
sobol,0,17,0.2556814762299499,0.2444656910863998,0.2131922643798419,2.138428728999997
sobol,0,18,0.4194917035024103,0.4093157293407573,0.2131922643798419,2.144072296000104
sobol,0,19,0.8075458882291673,0.8078958114632865,0.2131922643798419,2.149095433999946
sobol,0,20,0.6868494215240579,0.6920864020834407,0.2131922643798419,2.1540822350000326
sobol,0,21,0.3217765394525863,0.3244016397505266,0.2131922643798419,2.160099059999993
sobol,0,22,0.549183598132048,0.5419604602813026,0.2131922643798419,2.1659366900000805
sobol,0,23,0.3058704406176911,0.3105251328822918,0.2131922643798419,2.1717026870001064
sobol,0,24,0.4940954364570596,0.4838907407949768,0.2131922643798419,2.1778905419998864
sobol,0,25,0.4869892767011162,0.5743612127090348,0.2131922643798419,2.1867700570001034
sobol,0,26,0.4539625340020372,0.4436194885819564,0.2131922643798419,2.197995025999944
sobol,0,27,0.39380486088877,0.3215080017458944,0.2131922643798419,2.210359685999947
sobol,0,28,0.4441590678974235,0.430575940152765,0.2131922643798419,2.225262538999914
sobol,0,29,0.3333809827765759,0.3312226088642928,0.2131922643798419,2.2367552680000244
sobol,0,30,0.3668145555790596,0.3762169605013244,0.2131922643798419,2.249019078999936
sobol,0,31,0.5171386142096522,0.5133892165126703,0.2131922643798419,2.261129053000104
sobol,0,32,0.5361547732869915,0.4836988717530456,0.2131922643798419,2.273474085000089
sobol,0,33,0.4581344336681861,0.4567740117923282,0.2131922643798419,2.286871104000056
sobol,0,34,0.342969244114445,0.3361986982040825,0.2131922643798419,2.298674506999987
sobol,0,35,0.5162734141093598,0.5211565219075877,0.2131922643798419,2.3111591199999566
sobol,0,36,0.3824017369984176,0.3845128597484006,0.2131922643798419,2.3255979260000004
sobol,0,37,0.4405827010517991,0.4471950227049216,0.2131922643798419,2.338481885999954
sobol,0,38,0.347969758144256,0.3388451718188149,0.2131922643798419,2.354151240999954
sobol,0,39,0.3401618680665236,0.320066105053182,0.2131922643798419,2.367220747999909
sobol,0,40,0.3377051753030098,0.3331442953239993,0.2131922643798419,2.384272317000068
sobol,0,41,0.5030092532059033,0.515309680197014,0.2131922643798419,2.3997675170001003
sobol,0,42,0.6009782968980147,0.5918361116085326,0.2131922643798419,2.409439463999888
sobol,0,43,0.6534240829351243,0.6905780291091514,0.2131922643798419,2.4275763010000446
sobol,0,44,0.3631408275527159,0.3713067950932538,0.2131922643798419,2.4354725190000863
sobol,0,45,0.3826603023474684,0.3741323971389832,0.2131922643798419,2.4506710719999774
sobol,0,46,0.4465996888888036,0.4528681604461767,0.2131922643798419,2.4606883540000126
sobol,0,47,0.3039545690369263,0.3079939055028562,0.2131922643798419,2.4797185509999053
sobol,0,48,0.4546571988757421,0.4322726715330436,0.2131922643798419,2.490244483999959
sobol,0,49,0.3459761527069799,0.3281875248596861,0.2131922643798419,2.509323211000037
sobol,0,50,0.2602825249482173,0.2602825249482173,0.2131922643798419,2.5219047059999866
sobol,1,1,0.3114906154465734,0.3168155625120452,0.3168155625120452,2.0155407689999265
sobol,1,2,0.8266817967011698,0.8227050694862084,0.3168155625120452,2.0273669309999605
sobol,1,3,0.4862262653391729,0.4899316097164998,0.3168155625120452,2.0331492119998984
sobol,1,4,0.3505024396689706,0.3398704248006591,0.3168155625120452,2.04302272599989
sobol,1,5,0.5062780463313811,0.4984690103916698,0.3168155625120452,2.053019869999844
sobol,1,6,0.4030682846317517,0.3970180310005453,0.3168155625120452,2.062048285999936
sobol,1,7,0.6879731889975262,0.6940826076591119,0.3168155625120452,2.0719056589998672
sobol,1,8,0.452124621399163,0.4358005940969886,0.3168155625120452,2.083397706999904
sobol,1,9,0.2746001158257453,0.2792955111005302,0.2792955111005302,2.095468975999893
sobol,1,10,0.2855439707041054,0.2870371000503451,0.2792955111005302,2.106915799000035
sobol,1,11,0.350675311914889,0.3494474853909968,0.2792955111005302,2.1146881269999085
sobol,1,12,0.4241784312156848,0.4338793732155135,0.2792955111005302,2.1197382309999284
sobol,1,13,0.3016042265645214,0.2715846164102264,0.2715846164102264,2.125044983999942
sobol,1,14,0.5224441689106254,0.5324667011246098,0.2715846164102264,2.129527928000016
sobol,1,15,0.3677847336080189,0.3535704737457766,0.2715846164102264,2.134248876999891
sobol,1,16,0.4472595523781255,0.4358020547937324,0.2715846164102264,2.1444740449999244
sobol,1,17,0.3918339786063571,0.3981131105434798,0.2715846164102264,2.155163203000029
sobol,1,18,0.4957444687973655,0.4894489548785585,0.2715846164102264,2.1653072609999526
sobol,1,19,0.4785175941969289,0.4691214277733824,0.2715846164102264,2.1764266630000293
sobol,1,20,0.2559140320430098,0.2580510391338205,0.2580510391338205,2.184865295999998
sobol,1,21,0.2845538082558378,0.290629040924187,0.2580510391338205,2.1901774389998536
sobol,1,22,0.3292378023190503,0.3301266354959202,0.2580510391338205,2.195429790999924
sobol,1,23,0.507767388064909,0.5040166181552017,0.2580510391338205,2.2009686269998383
sobol,1,24,0.545646568401174,0.530491625322,0.2580510391338205,2.206458722999969
sobol,1,25,0.3758584919055778,0.36962671296289,0.2580510391338205,2.211808676999908
sobol,1,26,0.3834098162675237,0.3778146617873304,0.2580510391338205,2.217375055000048
sobol,1,27,0.3406666570075468,0.33838914924345,0.2580510391338205,2.222894464999854
sobol,1,28,0.4198016870460403,0.3863457860907568,0.2580510391338205,2.228881619000049
sobol,1,29,0.4360139339280192,0.438068152932844,0.2580510391338205,2.234552702999963
sobol,1,30,0.5127672593215004,0.5049810137383347,0.2580510391338205,2.240332659999922
sobol,1,31,0.6589663203531444,0.6590224066464385,0.2580510391338205,2.2455791800000497
sobol,1,32,0.4002946168484768,0.4043345735277986,0.2580510391338205,2.251416052999957
sobol,1,33,0.3770946481850006,0.3724960576613687,0.2580510391338205,2.257242417000043
sobol,1,34,0.4921526685725335,0.4756717755994953,0.2580510391338205,2.263526024999919
sobol,1,35,0.4508826416320803,0.4406546582776221,0.2580510391338205,2.2695865959999537
sobol,1,36,0.3185924989136692,0.3334230011111359,0.2580510391338205,2.275738617999877
sobol,1,37,0.5312455495211978,0.546635859843892,0.2580510391338205,2.2816727629999605
sobol,1,38,0.4063643687668336,0.4063643687668336,0.2580510391338205,2.287929730999849
sobol,1,39,0.4822154062141026,0.4788628299840327,0.2580510391338205,2.2940182049999294
sobol,1,40,0.3567687075551884,0.3469595988347686,0.2580510391338205,2.300503598999967
sobol,1,41,0.3722431169738672,0.3669366028257016,0.2580510391338205,2.3068842479999603
sobol,1,42,0.5232448528543616,0.4845927355941723,0.2580510391338205,2.3137163310000237
sobol,1,43,0.4784832423230942,0.4694075180538596,0.2580510391338205,2.320197066999981
sobol,1,44,0.6056690754971116,0.6086482281564415,0.2580510391338205,2.3259878740000204
sobol,1,45,0.6522745751247091,0.6414579090758826,0.2580510391338205,2.332107545999861
sobol,1,46,0.5596572111275945,0.5600951509969714,0.2580510391338205,2.338535362999892
sobol,1,47,0.4476380961696166,0.4485188816499477,0.2580510391338205,2.345665392000001
sobol,1,48,0.5619511514349936,0.5639283298106897,0.2580510391338205,2.358197892999897
sobol,1,49,0.2393514134135277,0.2376155353843772,0.2376155353843772,2.372825165999984
sobol,1,50,0.3188934090792417,0.3212712267384126,0.2376155353843772,2.380038069999955
sobol,2,1,0.4194330840752754,0.4276460919682773,0.4276460919682773,2.1983127249998238
sobol,2,2,0.3633904514150684,0.3493784573534747,0.3493784573534747,2.2335730810000314
sobol,2,3,0.4476510173192979,0.4449933688153893,0.3493784573534747,2.2443058199999086
sobol,2,4,0.378662555203306,0.3814096571105427,0.3493784573534747,2.2539322729999185
sobol,2,5,0.3820970501004685,0.3742810545049992,0.3493784573534747,2.2711911619999228
sobol,2,6,0.3911257761791834,0.3984744707906891,0.3493784573534747,2.2784366669998235
sobol,2,7,0.4708392783699294,0.4688789984807593,0.3493784573534747,2.2921714229999
sobol,2,8,0.3729228590964043,0.3682980166048336,0.3493784573534747,2.303474834999861
sobol,2,9,0.3640979824854226,0.3614731956705957,0.3493784573534747,2.320033767000041
sobol,2,10,0.3471345390912949,0.3330842330925348,0.3330842330925348,2.335704319999877
sobol,2,11,0.2709802640211197,0.2709802640211197,0.2709802640211197,2.346749071999966
sobol,2,12,0.5533038069230113,0.5561144960853954,0.2709802640211197,2.3602138639998884
sobol,2,13,0.362062999707539,0.356808551826042,0.2709802640211197,2.3797315429999344
sobol,2,14,0.4943061271339346,0.4793631371061319,0.2709802640211197,2.3910900409998703
sobol,2,15,0.4995787446803079,0.5035974998520681,0.2709802640211197,2.410993531000031
sobol,2,16,0.3093966470802252,0.3143906551028467,0.2709802640211197,2.4221886769998946
sobol,2,17,0.3403176509728678,0.3332975392103619,0.2709802640211197,2.4329991309998604
sobol,2,18,0.3469086523707409,0.3603317774317019,0.2709802640211197,2.444044974000008
sobol,2,19,0.4661770623269871,0.4827323602337005,0.2709802640211197,2.4547098259999984
sobol,2,20,0.4588846857719054,0.4654332210277525,0.2709802640211197,2.4630678789999365
sobol,2,21,0.4462409821464231,0.4462409821464231,0.2709802640211197,2.477393729999904
sobol,2,22,0.3945837540165036,0.3945837540165036,0.2709802640211197,2.4879573329999403
sobol,2,23,0.4680319634038887,0.480651111092763,0.2709802640211197,2.493082966999964
sobol,2,24,0.3043865236920882,0.3089332337929854,0.2709802640211197,2.497965196999985
sobol,2,25,0.3151674656335149,0.3144897476191915,0.2709802640211197,2.5027578399999584
sobol,2,26,0.3593639340237861,0.3630414635501434,0.2709802640211197,2.507991938000032
sobol,2,27,0.2592648120165705,0.254758941055233,0.254758941055233,2.5132104959998287
sobol,2,28,0.3021489109653955,0.2858566853819809,0.254758941055233,2.5185213559998374
sobol,2,29,0.4508827117990626,0.4569532591145985,0.254758941055233,2.5245576919999166
sobol,2,30,0.3783905470848694,0.3847714592150127,0.254758941055233,2.5299024060000197
sobol,2,31,0.429588107136733,0.4399210759966928,0.254758941055233,2.535139349000019
sobol,2,32,0.3454623520611053,0.3374533797484089,0.254758941055233,2.5409252969998306
sobol,2,33,0.385837305093001,0.3904321965270733,0.254758941055233,2.54690524800003
sobol,2,34,0.4367965896671555,0.4328636695114218,0.254758941055233,2.5532082919999084
sobol,2,35,0.3976970087244236,0.3970870176075098,0.254758941055233,2.5596785689999706
sobol,2,36,0.319888254633722,0.3194273898439997,0.254758941055233,2.56572930099992
sobol,2,37,0.444149617092049,0.4364149104849582,0.254758941055233,2.571534474999908
sobol,2,38,0.5178382869044232,0.5254410622754865,0.254758941055233,2.578085812999916
sobol,2,39,0.4500946890297981,0.4520308753445918,0.254758941055233,2.584012163999887
sobol,2,40,0.3227556428638475,0.3172555117450676,0.254758941055233,2.590433808999933
sobol,2,41,0.4216828158864289,0.4129501191634467,0.254758941055233,2.5969100170000274
sobol,2,42,0.7631759322986098,0.7544440691963706,0.254758941055233,2.6029758779998247
sobol,2,43,0.6380312028640887,0.6424787973034399,0.254758941055233,2.609198661999926
sobol,2,44,0.516464789908303,0.4951918969448863,0.254758941055233,2.616080346999979
sobol,2,45,0.3507700234806865,0.3119957583672707,0.254758941055233,2.622898953999993
sobol,2,46,0.2944059898375525,0.2984906289583935,0.254758941055233,2.629587127999912
sobol,2,47,0.4695292728261745,0.4461624574316676,0.254758941055233,2.6362503949999336
sobol,2,48,0.2916234057982135,0.3018176079038152,0.254758941055233,2.6427681599998323
sobol,2,49,0.3571947572621378,0.3621702287346054,0.254758941055233,2.655613024999866
sobol,2,50,0.376044323742788,0.3690253676906764,0.254758941055233,2.6690369250000003
sobol,3,1,0.2892002202333711,0.2842822218444819,0.2842822218444819,2.173371560000078
sobol,3,2,0.4501734148018145,0.4340125246644725,0.2842822218444819,2.1897891030000665
sobol,3,3,0.3040998621349848,0.3031940992097955,0.2842822218444819,2.1968006420001984
sobol,3,4,0.3209312577066421,0.3126538544717185,0.2842822218444819,2.204461966000053
sobol,3,5,0.4481046960497486,0.4531523122994337,0.2842822218444819,2.2215909480000846
sobol,3,6,0.4197059429303163,0.4177672925475264,0.2842822218444819,2.240539990000116
sobol,3,7,0.4482829045830791,0.4465308309856513,0.2842822218444819,2.2573932960001457
sobol,3,8,0.6585512701858217,0.6585512701858217,0.2842822218444819,2.267653535000136
sobol,3,9,0.3086903251046046,0.3140584625972895,0.2842822218444819,2.279644956000084
sobol,3,10,0.3010129049280163,0.308152462001525,0.2842822218444819,2.29305268600001
sobol,3,11,0.7894874160920585,0.7938822160561445,0.2842822218444819,2.30186621200005
sobol,3,12,0.4712615358437807,0.4716129126310733,0.2842822218444819,2.309634335000055
sobol,3,13,0.407138511993757,0.3878092600254632,0.2842822218444819,2.320308647000047
sobol,3,14,0.456436369939593,0.4664964333518255,0.2842822218444819,2.3315134710001075
sobol,3,15,0.6333319813018099,0.6190382043657148,0.2842822218444819,2.3399710780001897
sobol,3,16,0.5320282683576576,0.4936435703171247,0.2842822218444819,2.3510716270000103
sobol,3,17,0.3873866019076801,0.3788352964068711,0.2842822218444819,2.3623537350001698
sobol,3,18,0.4786712423664082,0.4838152749357249,0.2842822218444819,2.3702183980001337
sobol,3,19,0.4251613055721539,0.4296917736760054,0.2842822218444819,2.380803514000036
sobol,3,20,0.4420801690957439,0.4489164324359568,0.2842822218444819,2.3911697410001125
sobol,3,21,0.3630855190274412,0.3580461557437184,0.2842822218444819,2.399434272000008
sobol,3,22,0.7606475965410481,0.7652153700216096,0.2842822218444819,2.409823311000082
sobol,3,23,0.3616693246339402,0.3519294911734266,0.2842822218444819,2.418815241000175
sobol,3,24,0.3420439623320692,0.338689329276879,0.2842822218444819,2.423900472000014
sobol,3,25,0.3240485619460463,0.3222645640839876,0.2842822218444819,2.428972868000073
sobol,3,26,0.4197517704357478,0.4244579573981515,0.2842822218444819,2.433818090000159
sobol,3,27,0.3262575332859506,0.3335696279586095,0.2842822218444819,2.438706834000186
sobol,3,28,0.4208955384988233,0.4254149130453535,0.2842822218444819,2.443943057000069
sobol,3,29,0.4754747848919982,0.4743554964376256,0.2842822218444819,2.449090253000122
sobol,3,30,0.487481013265324,0.4883480033979508,0.2842822218444819,2.455949572999998
sobol,3,31,0.3219304406801387,0.320900411233692,0.2842822218444819,2.4684439450002174
sobol,3,32,0.4767935542719718,0.4785086074418019,0.2842822218444819,2.480813736000073
sobol,3,33,0.5302956990035032,0.5322405792540106,0.2842822218444819,2.494693467000161
sobol,3,34,0.5192018337891451,0.5214834220602382,0.2842822218444819,2.507025657000213
sobol,3,35,0.4023524174620123,0.3884210409464997,0.2842822218444819,2.519441203000042
sobol,3,36,0.4763664135446117,0.4753048760404615,0.2842822218444819,2.5317395100000795
sobol,3,37,0.3643187299021695,0.3681216208847673,0.2842822218444819,2.53784455500022
sobol,3,38,0.3994846269425106,0.4026091634875305,0.2842822218444819,2.5492636190001576
sobol,3,39,0.385433178555898,0.3845079382416226,0.2842822218444819,2.563591861000077
sobol,3,40,0.4806178211689823,0.4609143375680574,0.2842822218444819,2.5774693180001123
sobol,3,41,0.3652426898988675,0.3406737255394927,0.2842822218444819,2.592554231000122
sobol,3,42,0.440220773614606,0.4423039093274403,0.2842822218444819,2.5992175000001225
sobol,3,43,0.3997392859621941,0.3973174938783445,0.2842822218444819,2.606212649000099
sobol,3,44,0.3578002436389668,0.3591844526220933,0.2842822218444819,2.6127417770001102
sobol,3,45,0.3809291580750236,0.379096668715668,0.2842822218444819,2.619464093000033
sobol,3,46,0.5694142357864371,0.5729450646323803,0.2842822218444819,2.626646531999995
sobol,3,47,0.3221677025999228,0.3290121715484997,0.2842822218444819,2.640334235000182
sobol,3,48,0.3824975290337824,0.3871196353622002,0.2842822218444819,2.653969529000051
sobol,3,49,0.320033032071619,0.3139914539137548,0.2842822218444819,2.6698841620000167
sobol,3,50,0.4888303678040552,0.4828158110442396,0.2842822218444819,2.6829944260000502
sobol,4,1,0.3295200981637803,0.3329571775716107,0.3329571775716107,1.1520918500000334
sobol,4,2,0.3386355882460468,0.3457315046634787,0.3329571775716107,1.1660329159999492
sobol,4,3,0.3753039829433026,0.3783134264919474,0.3329571775716107,1.17641119599989
sobol,4,4,0.2836351908832383,0.2898740666512883,0.2898740666512883,1.1829818520000115
sobol,4,5,0.3652012086261026,0.3625574095518932,0.2898740666512883,1.194691358
sobol,4,6,0.5386779356748805,0.5402901269225882,0.2898740666512883,1.2018622349999075
sobol,4,7,0.3502368595014921,0.3541529069332016,0.2898740666512883,1.2088523649999845
sobol,4,8,0.4320720139606956,0.4387104626380389,0.2898740666512883,1.21895276500004
sobol,4,9,0.5966323807137848,0.6008948369375484,0.2898740666512883,1.2262641949998851
sobol,4,10,0.3242939336946292,0.3207983167479653,0.2898740666512883,1.236218522999934
sobol,4,11,0.4180830747779496,0.4210199340703373,0.2898740666512883,1.2466652299999623
sobol,4,12,0.581256664106695,0.6355359174735935,0.2898740666512883,1.2556421289998525
sobol,4,13,0.5397599456738494,0.543309689569356,0.2898740666512883,1.2704364789999545
sobol,4,14,0.4709102422728483,0.4643958196507009,0.2898740666512883,1.280974045999983
sobol,4,15,0.5669360300986478,0.537930961323498,0.2898740666512883,1.291952867999953
sobol,4,16,0.3053042805445156,0.2915306018413996,0.2898740666512883,1.3001705100000436
sobol,4,17,0.4202234676434561,0.4256274833175785,0.2898740666512883,1.311072127999978
sobol,4,18,0.394745682535036,0.3898146847889483,0.2898740666512883,1.3225522959999123
sobol,4,19,0.4688577216485051,0.4644573663615979,0.2898740666512883,1.3336406720000014
sobol,4,20,0.2981220738126977,0.2931346663823561,0.2898740666512883,1.346075013000018
sobol,4,21,0.7535451984947731,0.7438541702391386,0.2898740666512883,1.3567544449999789
sobol,4,22,0.3189508194480361,0.316565813900024,0.2898740666512883,1.3656811829998787
sobol,4,23,0.3640092398760892,0.3769393294602151,0.2898740666512883,1.3738560750000488
sobol,4,24,0.4207046658795429,0.4222351796242811,0.2898740666512883,1.3791885179998644
sobol,4,25,0.3172694016643943,0.3278841384112742,0.2898740666512883,1.384422115999996
sobol,4,26,0.4147908621136646,0.4107040483716858,0.2898740666512883,1.3900448110000525
sobol,4,27,0.2569486223720026,0.2487663464279514,0.2487663464279514,1.3954959249999774
sobol,4,28,0.5557162895017883,0.5443549797337583,0.2487663464279514,1.4004169190000084
sobol,4,29,0.354415105746445,0.3480723910795151,0.2487663464279514,1.411747957999978
sobol,4,30,0.6082638316092869,0.613261624185463,0.2487663464279514,1.4239253589998953
sobol,4,31,0.2985566595154756,0.2824205765173614,0.2487663464279514,1.436211652999873
sobol,4,32,0.487294969432849,0.4961520639977794,0.2487663464279514,1.4485317609999129
sobol,4,33,0.8362051182871307,0.8221689601024985,0.2487663464279514,1.460600629000055
sobol,4,34,0.4912799167741707,0.4711205807251153,0.2487663464279514,1.471289091000017
sobol,4,35,0.2696702064050363,0.2696702064050363,0.2487663464279514,1.4822844630000418
sobol,4,36,0.5471652803258573,0.5514014484380868,0.2487663464279514,1.4943412979998811
sobol,4,37,0.3422334009798997,0.3328938534917672,0.2487663464279514,1.5054238239999904
sobol,4,38,0.3984032880687287,0.4072251429585873,0.2487663464279514,1.5191524419999496
sobol,4,39,0.3339453555328277,0.3390809193471856,0.2487663464279514,1.531066027999941
sobol,4,40,0.3445461013185951,0.3485965223519344,0.2487663464279514,1.5469207889998415
sobol,4,41,0.448941974354559,0.435437190461769,0.2487663464279514,1.5554739789999985
sobol,4,42,0.4919974230890461,0.5012253320658461,0.2487663464279514,1.5661792490000153
sobol,4,43,0.2494180374481329,0.236005022895637,0.236005022895637,1.5789692240000477
sobol,4,44,0.3276651129762806,0.3253944344726236,0.236005022895637,1.5946590769999602
sobol,4,45,0.3418594511656548,0.3463985592083971,0.236005022895637,1.6070744529999956
sobol,4,46,0.4185221553744669,0.4151232058115824,0.236005022895637,1.6195984009998483
sobol,4,47,0.3872314933679601,0.3751151313782684,0.236005022895637,1.632788944999902
sobol,4,48,0.565499580786989,0.5808626365849097,0.236005022895637,1.6483274849999816
sobol,4,49,0.5650027281400082,0.5673821256572746,0.236005022895637,1.6611776629999897
sobol,4,50,0.4332063512692159,0.4396683081580312,0.236005022895637,1.6745491740000489
